model,dataset,family,auroc
deepseek_r1_qwen7b,arc_challenge,Confidence/option,0.6470322215941209
deepseek_r1_qwen7b,arc_challenge,Conf./option + summaries,0.6382136800452234
deepseek_r1_qwen7b,arc_challenge,Conf./option + PCA hidden,0.6195590729225551
deepseek_r1_qwen7b,arc_challenge,Hidden summaries,0.4853589598643301
deepseek_r1_qwen7b,arc_challenge,PCA hidden emb.,0.5106840022611645
deepseek_r1_qwen7b,commonsenseqa,Confidence/option,0.652104285439754
deepseek_r1_qwen7b,commonsenseqa,Conf./option + summaries,0.608609313945295
deepseek_r1_qwen7b,commonsenseqa,Conf./option + PCA hidden,0.6168214720389469
deepseek_r1_qwen7b,commonsenseqa,Hidden summaries,0.5015565947088592
deepseek_r1_qwen7b,commonsenseqa,PCA hidden emb.,0.5263211837806675
deepseek_r1_qwen7b,hellaswag,Confidence/option,0.5290780967911013
deepseek_r1_qwen7b,hellaswag,Conf./option + summaries,0.5812474520994699
deepseek_r1_qwen7b,hellaswag,Conf./option + PCA hidden,0.5603983460485703
deepseek_r1_qwen7b,hellaswag,Hidden summaries,0.5458389144487799
deepseek_r1_qwen7b,hellaswag,PCA hidden emb.,0.5267252926445751
deepseek_r1_qwen7b,mmlu_all,Confidence/option,0.6107063838972533
deepseek_r1_qwen7b,mmlu_all,Conf./option + summaries,0.5997733527602396
deepseek_r1_qwen7b,mmlu_all,Conf./option + PCA hidden,0.5856348820894717
deepseek_r1_qwen7b,mmlu_all,Hidden summaries,0.5276239814365118
deepseek_r1_qwen7b,mmlu_all,PCA hidden emb.,0.5253251308617991
falcon3_7b_instruct,arc_challenge,Confidence/option,0.8252444444444444
falcon3_7b_instruct,arc_challenge,Conf./option + summaries,0.8152888888888888
falcon3_7b_instruct,arc_challenge,Conf./option + PCA hidden,0.8334222222222222
falcon3_7b_instruct,arc_challenge,Hidden summaries,0.7386666666666667
falcon3_7b_instruct,arc_challenge,PCA hidden emb.,0.8007111111111112
falcon3_7b_instruct,commonsenseqa,Confidence/option,0.8241647241647241
falcon3_7b_instruct,commonsenseqa,Conf./option + summaries,0.8301217301217301
falcon3_7b_instruct,commonsenseqa,Conf./option + PCA hidden,0.8280756280756281
falcon3_7b_instruct,commonsenseqa,Hidden summaries,0.7388111888111888
falcon3_7b_instruct,commonsenseqa,PCA hidden emb.,0.768104118104118
falcon3_7b_instruct,hellaswag,Confidence/option,0.810428849902534
falcon3_7b_instruct,hellaswag,Conf./option + summaries,0.8220394736842105
falcon3_7b_instruct,hellaswag,Conf./option + PCA hidden,0.8166910331384015
falcon3_7b_instruct,hellaswag,Hidden summaries,0.7397904483430799
falcon3_7b_instruct,hellaswag,PCA hidden emb.,0.775
falcon3_7b_instruct,mmlu_all,Confidence/option,0.8027193145837213
falcon3_7b_instruct,mmlu_all,Conf./option + summaries,0.815282175451667
falcon3_7b_instruct,mmlu_all,Conf./option + PCA hidden,0.8192587073943006
falcon3_7b_instruct,mmlu_all,Hidden summaries,0.7960141553361892
falcon3_7b_instruct,mmlu_all,PCA hidden emb.,0.8144999068727883
mistral7b_v03,arc_challenge,Confidence/option,0.6854285714285714
mistral7b_v03,arc_challenge,Conf./option + summaries,0.6898571428571428
mistral7b_v03,arc_challenge,Conf./option + PCA hidden,0.698857142857143
mistral7b_v03,arc_challenge,Hidden summaries,0.6895714285714286
mistral7b_v03,arc_challenge,PCA hidden emb.,0.6571428571428571
mistral7b_v03,commonsenseqa,Confidence/option,0.7456260720411664
mistral7b_v03,commonsenseqa,Conf./option + summaries,0.7439215265866209
mistral7b_v03,commonsenseqa,Conf./option + PCA hidden,0.7446719554030874
mistral7b_v03,commonsenseqa,Hidden summaries,0.6895583190394511
mistral7b_v03,commonsenseqa,PCA hidden emb.,0.7253430531732419
mistral7b_v03,hellaswag,Confidence/option,0.7230873745819398
mistral7b_v03,hellaswag,Conf./option + summaries,0.7580163043478262
mistral7b_v03,hellaswag,Conf./option + PCA hidden,0.7657713210702342
mistral7b_v03,hellaswag,Hidden summaries,0.7283549331103678
mistral7b_v03,hellaswag,PCA hidden emb.,0.7541910535117057
mistral7b_v03,mmlu_all,Confidence/option,0.7500161595641534
mistral7b_v03,mmlu_all,Conf./option + summaries,0.766231127937578
mistral7b_v03,mmlu_all,Conf./option + PCA hidden,0.7666097234406021
mistral7b_v03,mmlu_all,Hidden summaries,0.7364236576019206
mistral7b_v03,mmlu_all,PCA hidden emb.,0.7576804099912277
olmo2_7b_instruct,arc_challenge,Confidence/option,0.7877525252525253
olmo2_7b_instruct,arc_challenge,Conf./option + summaries,0.8002525252525252
olmo2_7b_instruct,arc_challenge,Conf./option + PCA hidden,0.8094696969696971
olmo2_7b_instruct,arc_challenge,Hidden summaries,0.7022727272727273
olmo2_7b_instruct,arc_challenge,PCA hidden emb.,0.7707070707070708
olmo2_7b_instruct,commonsenseqa,Confidence/option,0.7744517729297029
olmo2_7b_instruct,commonsenseqa,Conf./option + summaries,0.772489993798974
olmo2_7b_instruct,commonsenseqa,Conf./option + PCA hidden,0.7798410282428547
olmo2_7b_instruct,commonsenseqa,Hidden summaries,0.7027904616945713
olmo2_7b_instruct,commonsenseqa,PCA hidden emb.,0.7483510908168443
olmo2_7b_instruct,hellaswag,Confidence/option,0.7082161854103344
olmo2_7b_instruct,hellaswag,Conf./option + summaries,0.7479863221884498
olmo2_7b_instruct,hellaswag,Conf./option + PCA hidden,0.7432750759878419
olmo2_7b_instruct,hellaswag,Hidden summaries,0.6623955167173252
olmo2_7b_instruct,hellaswag,PCA hidden emb.,0.7285904255319149
olmo2_7b_instruct,mmlu_all,Confidence/option,0.7523052749719417
olmo2_7b_instruct,mmlu_all,Conf./option + summaries,0.7574231200897867
olmo2_7b_instruct,mmlu_all,Conf./option + PCA hidden,0.7511470258136924
olmo2_7b_instruct,mmlu_all,Hidden summaries,0.7222087542087542
olmo2_7b_instruct,mmlu_all,PCA hidden emb.,0.7449696969696971
qwen25_7b,arc_challenge,Confidence/option,0.8304526748971194
qwen25_7b,arc_challenge,Conf./option + summaries,0.7912208504801097
qwen25_7b,arc_challenge,Conf./option + PCA hidden,0.8205761316872427
qwen25_7b,arc_challenge,Hidden summaries,0.7215363511659808
qwen25_7b,arc_challenge,PCA hidden emb.,0.720164609053498
qwen25_7b,commonsenseqa,Confidence/option,0.8322817202658316
qwen25_7b,commonsenseqa,Conf./option + summaries,0.8172484913299213
qwen25_7b,commonsenseqa,Conf./option + PCA hidden,0.8307692307692308
qwen25_7b,commonsenseqa,Hidden summaries,0.7037353907264533
qwen25_7b,commonsenseqa,PCA hidden emb.,0.7915667252310749
qwen25_7b,hellaswag,Confidence/option,0.8714529636555817
qwen25_7b,hellaswag,Conf./option + summaries,0.8745263842588828
qwen25_7b,hellaswag,Conf./option + PCA hidden,0.87831531018782
qwen25_7b,hellaswag,Hidden summaries,0.8386372875843564
qwen25_7b,hellaswag,PCA hidden emb.,0.8587039596715179
qwen25_7b,mmlu_all,Confidence/option,0.8542439024390245
qwen25_7b,mmlu_all,Conf./option + summaries,0.8494582798459565
qwen25_7b,mmlu_all,Conf./option + PCA hidden,0.8549011553273427
qwen25_7b,mmlu_all,Hidden summaries,0.8124159178433888
qwen25_7b,mmlu_all,PCA hidden emb.,0.8320000000000001
gemma2_9b_it,arc_challenge,Confidence/option,0.9049913941480205
gemma2_9b_it,arc_challenge,Conf./option + PCA hidden,0.8881239242685026
gemma2_9b_it,arc_challenge,Conf./option + summaries,0.8925989672977623
gemma2_9b_it,arc_challenge,Hidden summaries,0.7697074010327022
gemma2_9b_it,arc_challenge,PCA hidden emb.,0.8213425129087779
gemma2_9b_it,commonsenseqa,Confidence/option,0.812966311700489
gemma2_9b_it,commonsenseqa,Conf./option + PCA hidden,0.8132610006027727
gemma2_9b_it,commonsenseqa,Conf./option + summaries,0.8129261268501775
gemma2_9b_it,commonsenseqa,Hidden summaries,0.7714285714285715
gemma2_9b_it,commonsenseqa,PCA hidden emb.,0.7855736387381957
gemma2_9b_it,hellaswag,Confidence/option,0.7842786842786843
gemma2_9b_it,hellaswag,Conf./option + PCA hidden,0.7844988344988344
gemma2_9b_it,hellaswag,Conf./option + summaries,0.7793576793576793
gemma2_9b_it,hellaswag,Hidden summaries,0.7572131572131572
gemma2_9b_it,hellaswag,PCA hidden emb.,0.7716653716653716
gemma2_9b_it,mmlu,Confidence/option,0.8657753412396509
gemma2_9b_it,mmlu,Conf./option + PCA hidden,0.8872790333407922
gemma2_9b_it,mmlu,Conf./option + summaries,0.8777355113000672
gemma2_9b_it,mmlu,Hidden summaries,0.8508391138957261
gemma2_9b_it,mmlu,PCA hidden emb.,0.865484448422466
llama31_8b_instruct,arc_challenge,Confidence/option,0.8657407407407408
llama31_8b_instruct,arc_challenge,Conf./option + PCA hidden,0.8597222222222222
llama31_8b_instruct,arc_challenge,Conf./option + summaries,0.8393518518518519
llama31_8b_instruct,arc_challenge,Hidden summaries,0.7814814814814814
llama31_8b_instruct,arc_challenge,PCA hidden emb.,0.8248456790123457
llama31_8b_instruct,commonsenseqa,Confidence/option,0.7905058905058906
llama31_8b_instruct,commonsenseqa,Conf./option + PCA hidden,0.7991221991221991
llama31_8b_instruct,commonsenseqa,Conf./option + summaries,0.7830330330330331
llama31_8b_instruct,commonsenseqa,Hidden summaries,0.7238276738276739
llama31_8b_instruct,commonsenseqa,PCA hidden emb.,0.7724416724416725
llama31_8b_instruct,hellaswag,Confidence/option,0.7688118811881188
llama31_8b_instruct,hellaswag,Conf./option + PCA hidden,0.7742170135380885
llama31_8b_instruct,hellaswag,Conf./option + summaries,0.7624974742372197
llama31_8b_instruct,hellaswag,Hidden summaries,0.67008486562942
llama31_8b_instruct,hellaswag,PCA hidden emb.,0.7109315013133967
llama31_8b_instruct,mmlu,Confidence/option,0.8188718140929534
llama31_8b_instruct,mmlu,Conf./option + PCA hidden,0.8239926911544228
llama31_8b_instruct,mmlu,Conf./option + summaries,0.8242222638680659
llama31_8b_instruct,mmlu,Hidden summaries,0.7656484257871063
llama31_8b_instruct,mmlu,PCA hidden emb.,0.8002998500749625
