model,dataset,seed,pca_dim,cheap_auroc,cheap_plus_pca_auroc,gain,pca_variance
deepseek_r1_qwen7b,arc_challenge,42,8,0.6579988694177501,0.6297343131712833,-0.0282645562464668,0.4597551822662353
deepseek_r1_qwen7b,arc_challenge,42,16,0.6579988694177501,0.6370830977953647,-0.0209157716223854,0.5795608758926392
deepseek_r1_qwen7b,arc_challenge,42,32,0.6579988694177501,0.5178066704352742,-0.1401921989824759,0.6932266354560852
deepseek_r1_qwen7b,arc_challenge,42,64,0.6579988694177501,0.5121537591859808,-0.1458451102317692,0.8114538788795471
deepseek_r1_qwen7b,arc_challenge,42,128,0.6579988694177501,0.4946297343131713,-0.1633691351045788,0.9295393228530884
deepseek_r1_qwen7b,arc_challenge,42,256,0.6579988694177501,0.5019785189372526,-0.1560203504804974,0.9999998807907104
deepseek_r1_qwen7b,arc_challenge,7,8,0.6930469191633691,0.6568682871678914,-0.0361786319954777,0.448088526725769
deepseek_r1_qwen7b,arc_challenge,7,16,0.6930469191633691,0.6127755794234031,-0.080271339739966,0.5692143440246582
deepseek_r1_qwen7b,arc_challenge,7,32,0.6930469191633691,0.5941209723007348,-0.0989259468626343,0.6851541996002197
deepseek_r1_qwen7b,arc_challenge,7,64,0.6930469191633691,0.57263990955342,-0.1204070096099491,0.8061431050300598
deepseek_r1_qwen7b,arc_challenge,7,128,0.6930469191633691,0.5279819106840022,-0.1650650084793669,0.9272431135177612
deepseek_r1_qwen7b,arc_challenge,7,256,0.6930469191633691,0.5178066704352742,-0.1752402487280949,1.0
deepseek_r1_qwen7b,arc_challenge,123,8,0.6913510457885812,0.6546071226681741,-0.036743923120407,0.4452554881572723
deepseek_r1_qwen7b,arc_challenge,123,16,0.6913510457885812,0.6659129451667609,-0.0254381006218202,0.5691540837287903
deepseek_r1_qwen7b,arc_challenge,123,32,0.6913510457885812,0.6269078575466366,-0.0644431882419446,0.6854891777038574
deepseek_r1_qwen7b,arc_challenge,123,64,0.6913510457885812,0.5647258338044092,-0.1266252119841719,0.8067874908447266
deepseek_r1_qwen7b,arc_challenge,123,128,0.6913510457885812,0.5602035048049745,-0.1311475409836067,0.9271764755249025
deepseek_r1_qwen7b,arc_challenge,123,256,0.6913510457885812,0.4737139626907857,-0.2176370830977955,1.0
deepseek_r1_qwen7b,arc_challenge,777,8,0.5828151498021481,0.5777275296777841,-0.005087620124364,0.4449670910835266
deepseek_r1_qwen7b,arc_challenge,777,16,0.5828151498021481,0.5618993781797627,-0.0209157716223854,0.5685253739356995
deepseek_r1_qwen7b,arc_challenge,777,32,0.5828151498021481,0.5652911249293386,-0.0175240248728094,0.6866918802261353
deepseek_r1_qwen7b,arc_challenge,777,64,0.5828151498021481,0.5743357829282081,-0.00847936687394,0.8053225874900818
deepseek_r1_qwen7b,arc_challenge,777,128,0.5828151498021481,0.5313736574335783,-0.0514414923685697,0.9270532727241516
deepseek_r1_qwen7b,arc_challenge,777,256,0.5828151498021481,0.5019785189372526,-0.0808366308648954,1.0
deepseek_r1_qwen7b,arc_challenge,2025,8,0.5873374788015828,0.5647258338044092,-0.0226116449971736,0.4359250366687774
deepseek_r1_qwen7b,arc_challenge,2025,16,0.5873374788015828,0.5822498586772187,-0.0050876201243641,0.5625385642051697
deepseek_r1_qwen7b,arc_challenge,2025,32,0.5873374788015828,0.5873374788015828,0.0,0.6806033849716187
deepseek_r1_qwen7b,arc_challenge,2025,64,0.5873374788015828,0.6065573770491803,0.0192198982475975,0.8034965991973877
deepseek_r1_qwen7b,arc_challenge,2025,128,0.5873374788015828,0.5449406444318824,-0.0423968343697004,0.926177442073822
deepseek_r1_qwen7b,arc_challenge,2025,256,0.5873374788015828,0.5505935556811759,-0.0367439231204069,0.9999999403953552
deepseek_r1_qwen7b,commonsenseqa,42,8,0.6235987444750496,0.5946448017423611,-0.0289539427326884,0.35738006234169
deepseek_r1_qwen7b,commonsenseqa,42,16,0.6235987444750496,0.6054064441739799,-0.0181923003010696,0.4670876860618591
deepseek_r1_qwen7b,commonsenseqa,42,32,0.6235987444750496,0.5789507398629172,-0.0446480046121323,0.5778337717056274
deepseek_r1_qwen7b,commonsenseqa,42,64,0.6235987444750496,0.600538082121581,-0.0230606623534685,0.6891472935676575
deepseek_r1_qwen7b,commonsenseqa,42,128,0.6235987444750496,0.635129075651784,0.0115303311767344,0.7949155569076538
deepseek_r1_qwen7b,commonsenseqa,42,256,0.6235987444750496,0.592274678111588,-0.0313240663634616,0.8933984041213989
deepseek_r1_qwen7b,commonsenseqa,7,8,0.6863109345973993,0.6559477291653322,-0.0303632054320671,0.3566401302814483
deepseek_r1_qwen7b,commonsenseqa,7,16,0.6863109345973993,0.6285952213183011,-0.0577157132790981,0.4651179313659668
deepseek_r1_qwen7b,commonsenseqa,7,32,0.6863109345973993,0.6448017423611556,-0.0415091922362437,0.5755694508552551
deepseek_r1_qwen7b,commonsenseqa,7,64,0.6863109345973993,0.61943501377234,-0.0668759208250593,0.6856676340103149
deepseek_r1_qwen7b,commonsenseqa,7,128,0.6863109345973993,0.6171289475369931,-0.0691819870604062,0.7914838790893555
deepseek_r1_qwen7b,commonsenseqa,7,256,0.6863109345973993,0.6114918967394786,-0.0748190378579207,0.8915374279022217
deepseek_r1_qwen7b,commonsenseqa,123,8,0.6812504003587214,0.6880404842739094,0.0067900839151879,0.3580761551856994
deepseek_r1_qwen7b,commonsenseqa,123,16,0.6812504003587214,0.6562680161424637,-0.0249823842162577,0.4669434428215027
deepseek_r1_qwen7b,commonsenseqa,123,32,0.6812504003587214,0.6331432963935687,-0.0481071039651527,0.5778626203536987
deepseek_r1_qwen7b,commonsenseqa,123,64,0.6812504003587214,0.6117481263211837,-0.0695022740375377,0.6887129545211792
deepseek_r1_qwen7b,commonsenseqa,123,128,0.6812504003587214,0.622189481775671,-0.0590609185830504,0.7942409515380859
deepseek_r1_qwen7b,commonsenseqa,123,256,0.6812504003587214,0.5891999231311255,-0.0920504772275959,0.8932723999023438
deepseek_r1_qwen7b,commonsenseqa,777,8,0.6227659983345076,0.5873422586637628,-0.0354237396707448,0.3565669357776642
deepseek_r1_qwen7b,commonsenseqa,777,16,0.6227659983345076,0.5656908590096726,-0.0570751393248349,0.4662461280822754
deepseek_r1_qwen7b,commonsenseqa,777,32,0.6227659983345076,0.5789507398629171,-0.0438152584715905,0.5770203471183777
deepseek_r1_qwen7b,commonsenseqa,777,64,0.6227659983345076,0.6244314906155916,0.0016654922810839,0.6876703500747681
deepseek_r1_qwen7b,commonsenseqa,777,128,0.6227659983345076,0.6025879187752226,-0.020178079559285,0.7936705350875854
deepseek_r1_qwen7b,commonsenseqa,777,256,0.6227659983345076,0.6235987444750497,0.000832746140542,0.8928754329681396
deepseek_r1_qwen7b,commonsenseqa,2025,8,0.646595349433092,0.6758695791429121,0.02927422970982,0.3539441227912903
deepseek_r1_qwen7b,commonsenseqa,2025,16,0.646595349433092,0.674780603420665,0.0281852539875729,0.4633992910385132
deepseek_r1_qwen7b,commonsenseqa,2025,32,0.646595349433092,0.613926077765678,-0.032669271667414,0.5736790299415588
deepseek_r1_qwen7b,commonsenseqa,2025,64,0.646595349433092,0.601178656075844,-0.045416693357248,0.6844340562820435
deepseek_r1_qwen7b,commonsenseqa,2025,128,0.646595349433092,0.6137979629748255,-0.0327973864582665,0.7909052968025208
deepseek_r1_qwen7b,commonsenseqa,2025,256,0.646595349433092,0.5522388059701493,-0.0943565434629427,0.8911869525909424
deepseek_r1_qwen7b,hellaswag,42,8,0.5007862093063886,0.5246636771300448,0.0238774678236561,0.5289580821990967
deepseek_r1_qwen7b,hellaswag,42,16,0.5007862093063886,0.5777764836060801,0.0769902742996915,0.6049042344093323
deepseek_r1_qwen7b,hellaswag,42,32,0.5007862093063886,0.5724768505037564,0.0716906411973677,0.6883497834205627
deepseek_r1_qwen7b,hellaswag,42,64,0.5007862093063886,0.5845320598683829,0.0837458505619942,0.7699238657951355
deepseek_r1_qwen7b,hellaswag,42,128,0.5007862093063886,0.556112049385592,0.0553258400792033,0.8477468490600586
deepseek_r1_qwen7b,hellaswag,42,256,0.5007862093063886,0.5733504163997438,0.0725642070933552,0.920939803123474
deepseek_r1_qwen7b,hellaswag,7,8,0.5739327936637354,0.5964125560538116,0.0224797623900762,0.5324424505233765
deepseek_r1_qwen7b,hellaswag,7,16,0.5739327936637354,0.6025275173257236,0.0285947236619882,0.6064138412475586
deepseek_r1_qwen7b,hellaswag,7,32,0.5739327936637354,0.6119037912759885,0.037970997612253,0.6892303228378296
deepseek_r1_qwen7b,hellaswag,7,64,0.5739327936637354,0.6089336672296314,0.0350008735658959,0.7706681489944458
deepseek_r1_qwen7b,hellaswag,7,128,0.5739327936637354,0.6101566594840138,0.0362238658202783,0.8485753536224365
deepseek_r1_qwen7b,hellaswag,7,256,0.5739327936637354,0.6047987886552909,0.0308659949915555,0.9209578037261964
deepseek_r1_qwen7b,hellaswag,123,8,0.5230912585172675,0.543125036398579,0.0200337778813115,0.5295272469520569
deepseek_r1_qwen7b,hellaswag,123,16,0.5230912585172675,0.5396890105410285,0.016597752023761,0.6047300100326538
deepseek_r1_qwen7b,hellaswag,123,32,0.5230912585172675,0.6056141168248792,0.0825228583076117,0.6876326203346252
deepseek_r1_qwen7b,hellaswag,123,64,0.5230912585172675,0.5684002096558151,0.0453089511385476,0.7696726322174072
deepseek_r1_qwen7b,hellaswag,123,128,0.5230912585172675,0.5656630365150543,0.0425717779977868,0.847790002822876
deepseek_r1_qwen7b,hellaswag,123,256,0.5230912585172675,0.589656979791509,0.0665657212742415,0.9208808541297911
deepseek_r1_qwen7b,hellaswag,777,8,0.4932735426008968,0.5260031448372255,0.0327296022363287,0.5322169065475464
deepseek_r1_qwen7b,hellaswag,777,16,0.4932735426008968,0.5331081474579232,0.0398346048570263,0.6070803999900818
deepseek_r1_qwen7b,hellaswag,777,32,0.4932735426008968,0.5328169588259274,0.0395434162250305,0.6902175545692444
deepseek_r1_qwen7b,hellaswag,777,64,0.4932735426008968,0.5386989691922428,0.0454254265913459,0.7717478275299072
deepseek_r1_qwen7b,hellaswag,777,128,0.4932735426008968,0.522567118979675,0.0292935763787781,0.8492857217788696
deepseek_r1_qwen7b,hellaswag,777,256,0.4932735426008968,0.5290897443363811,0.0358162017354842,0.9215468168258668
deepseek_r1_qwen7b,hellaswag,2025,8,0.5543066798672179,0.5172092481509523,-0.0370974317162656,0.5282156467437744
deepseek_r1_qwen7b,hellaswag,2025,16,0.5543066798672179,0.5219265039892842,-0.0323801758779337,0.6044093370437622
deepseek_r1_qwen7b,hellaswag,2025,32,0.5543066798672179,0.5110942868790402,-0.0432123929881776,0.6878765821456909
deepseek_r1_qwen7b,hellaswag,2025,64,0.5543066798672179,0.5014268242967794,-0.0528798555704385,0.7696080803871155
deepseek_r1_qwen7b,hellaswag,2025,128,0.5543066798672179,0.4953701007512667,-0.0589365791159512,0.8476360440254211
deepseek_r1_qwen7b,hellaswag,2025,256,0.5543066798672179,0.5097548191718596,-0.0445518606953583,0.9206105470657348
deepseek_r1_qwen7b,mmlu_all,42,8,0.5493497382764018,0.5224758512762397,-0.026873887000162,0.4806552529335022
deepseek_r1_qwen7b,mmlu_all,42,16,0.5493497382764018,0.514705088770169,-0.0346446495062328,0.6190846562385559
deepseek_r1_qwen7b,mmlu_all,42,32,0.5493497382764018,0.5029949813825483,-0.0463547568938534,0.7703949213027954
deepseek_r1_qwen7b,mmlu_all,42,64,0.5493497382764018,0.5054233446656953,-0.0439263936107064,0.8556346893310547
deepseek_r1_qwen7b,mmlu_all,42,128,0.5493497382764018,0.5038044358102638,-0.0455453024661379,0.91167151927948
deepseek_r1_qwen7b,mmlu_all,42,256,0.5493497382764018,0.5841562786681777,0.0348065403917758,0.9573363065719604
deepseek_r1_qwen7b,mmlu_all,7,8,0.5747666073066752,0.5724461712805569,-0.0023204360261183,0.4839709401130676
deepseek_r1_qwen7b,mmlu_all,7,16,0.5747666073066752,0.5746586800496466,-0.0001079272570285,0.6250867247581482
deepseek_r1_qwen7b,mmlu_all,7,32,0.5747666073066752,0.5442231935675355,-0.0305434137391397,0.7716103792190552
deepseek_r1_qwen7b,mmlu_all,7,64,0.5747666073066752,0.5561491554692137,-0.0186174518374614,0.8524825572967529
deepseek_r1_qwen7b,mmlu_all,7,128,0.5747666073066752,0.5854514057525229,0.0106847984458476,0.9088575839996338
deepseek_r1_qwen7b,mmlu_all,7,256,0.5747666073066752,0.61362041983703,0.0388538125303548,0.95566064119339
deepseek_r1_qwen7b,mmlu_all,123,8,0.6413577248934219,0.5991042037666613,-0.0422535211267606,0.4886598885059356
deepseek_r1_qwen7b,mmlu_all,123,16,0.6413577248934219,0.5964599859694566,-0.0448977389239653,0.6230677366256714
deepseek_r1_qwen7b,mmlu_all,123,32,0.6413577248934219,0.5691004263126653,-0.0722572985807565,0.7680373191833496
deepseek_r1_qwen7b,mmlu_all,123,64,0.6413577248934219,0.5506988289892611,-0.0906588959041607,0.8491355180740356
deepseek_r1_qwen7b,mmlu_all,123,128,0.6413577248934219,0.5463817387081107,-0.0949759861853112,0.9061774015426636
deepseek_r1_qwen7b,mmlu_all,123,256,0.6413577248934219,0.5546381738708112,-0.0867195510226107,0.9539178609848022
deepseek_r1_qwen7b,mmlu_all,777,8,0.5282499595272785,0.524904214559387,-0.0033457449678915,0.4808352589607239
deepseek_r1_qwen7b,mmlu_all,777,16,0.5282499595272785,0.4965193459608224,-0.031730613566456,0.6120781898498535
deepseek_r1_qwen7b,mmlu_all,777,32,0.5282499595272785,0.5022394905833468,-0.0260104689439316,0.7675947546958923
deepseek_r1_qwen7b,mmlu_all,777,64,0.5282499595272785,0.4481139711834223,-0.0801359883438561,0.8543839454650879
deepseek_r1_qwen7b,mmlu_all,777,128,0.5282499595272785,0.4274459014624143,-0.1008040580648641,0.9102595448493958
deepseek_r1_qwen7b,mmlu_all,777,256,0.5282499595272785,0.5119529437159354,-0.0162970158113431,0.9562984704971312
deepseek_r1_qwen7b,mmlu_all,2025,8,0.5614375910636231,0.5504290108466893,-0.0110085802169338,0.4809793531894684
deepseek_r1_qwen7b,mmlu_all,2025,16,0.5614375910636231,0.5607900275214506,-0.0006475635421725,0.62384033203125
deepseek_r1_qwen7b,mmlu_all,2025,32,0.5614375910636231,0.539204576115698,-0.022233014947925,0.7699070572853088
deepseek_r1_qwen7b,mmlu_all,2025,64,0.5614375910636231,0.5430899573687334,-0.0183476336948896,0.8509899973869324
deepseek_r1_qwen7b,mmlu_all,2025,128,0.5614375910636231,0.5644595542604285,0.0030219631968053,0.9073094129562378
deepseek_r1_qwen7b,mmlu_all,2025,256,0.5614375910636231,0.5761156980195348,0.0146781069559116,0.954479157924652
falcon3_7b_instruct,arc_challenge,42,8,0.7751111111111111,0.7902222222222223,0.0151111111111111,0.3521766662597656
falcon3_7b_instruct,arc_challenge,42,16,0.7751111111111111,0.7608888888888887,-0.0142222222222223,0.4949840307235718
falcon3_7b_instruct,arc_challenge,42,32,0.7751111111111111,0.7546666666666667,-0.0204444444444443,0.6250129342079163
falcon3_7b_instruct,arc_challenge,42,64,0.7751111111111111,0.7102222222222222,-0.0648888888888888,0.7633883357048035
falcon3_7b_instruct,arc_challenge,42,128,0.7751111111111111,0.7244444444444444,-0.0506666666666666,0.908273696899414
falcon3_7b_instruct,arc_challenge,42,256,0.7751111111111111,0.7662222222222222,-0.0088888888888888,0.9999999403953552
falcon3_7b_instruct,arc_challenge,7,8,0.8248888888888889,0.8293333333333334,0.0044444444444444,0.3524746298789978
falcon3_7b_instruct,arc_challenge,7,16,0.8248888888888889,0.8186666666666667,-0.0062222222222222,0.4928983449935913
falcon3_7b_instruct,arc_challenge,7,32,0.8248888888888889,0.8328888888888889,0.008,0.6227774620056152
falcon3_7b_instruct,arc_challenge,7,64,0.8248888888888889,0.8577777777777779,0.0328888888888889,0.7621107697486877
falcon3_7b_instruct,arc_challenge,7,128,0.8248888888888889,0.8293333333333334,0.0044444444444444,0.9080603718757628
falcon3_7b_instruct,arc_challenge,7,256,0.8248888888888889,0.8497777777777779,0.0248888888888889,1.0
falcon3_7b_instruct,arc_challenge,123,8,0.8622222222222222,0.8799999999999999,0.0177777777777776,0.3488672971725464
falcon3_7b_instruct,arc_challenge,123,16,0.8622222222222222,0.8764444444444444,0.0142222222222221,0.4912871420383453
falcon3_7b_instruct,arc_challenge,123,32,0.8622222222222222,0.8302222222222223,-0.0319999999999999,0.6229395270347595
falcon3_7b_instruct,arc_challenge,123,64,0.8622222222222222,0.8,-0.0622222222222221,0.7618995308876038
falcon3_7b_instruct,arc_challenge,123,128,0.8622222222222222,0.7857777777777777,-0.0764444444444445,0.9073529243469238
falcon3_7b_instruct,arc_challenge,123,256,0.8622222222222222,0.8231111111111111,-0.039111111111111,1.0
falcon3_7b_instruct,arc_challenge,777,8,0.8079999999999999,0.8222222222222222,0.0142222222222222,0.3570364415645599
falcon3_7b_instruct,arc_challenge,777,16,0.8079999999999999,0.8195555555555556,0.0115555555555556,0.5010319352149963
falcon3_7b_instruct,arc_challenge,777,32,0.8079999999999999,0.8337777777777778,0.0257777777777779,0.6287732720375061
falcon3_7b_instruct,arc_challenge,777,64,0.8079999999999999,0.8302222222222222,0.0222222222222222,0.7660623788833618
falcon3_7b_instruct,arc_challenge,777,128,0.8079999999999999,0.8035555555555556,-0.0044444444444443,0.9095370173454284
falcon3_7b_instruct,arc_challenge,777,256,0.8079999999999999,0.7946666666666666,-0.0133333333333333,1.0
falcon3_7b_instruct,arc_challenge,2025,8,0.8488888888888889,0.8355555555555556,-0.0133333333333333,0.3489471971988678
falcon3_7b_instruct,arc_challenge,2025,16,0.8488888888888889,0.8311111111111111,-0.0177777777777777,0.4921917021274566
falcon3_7b_instruct,arc_challenge,2025,32,0.8488888888888889,0.8586666666666667,0.0097777777777777,0.6238348484039307
falcon3_7b_instruct,arc_challenge,2025,64,0.8488888888888889,0.9013333333333332,0.0524444444444444,0.762706995010376
falcon3_7b_instruct,arc_challenge,2025,128,0.8488888888888889,0.8648888888888888,0.0159999999999999,0.9074575901031494
falcon3_7b_instruct,arc_challenge,2025,256,0.8488888888888889,0.8817777777777778,0.0328888888888888,0.9999999403953552
falcon3_7b_instruct,commonsenseqa,42,8,0.8425925925925927,0.8573556073556073,0.0147630147630146,0.2992350161075592
falcon3_7b_instruct,commonsenseqa,42,16,0.8425925925925927,0.8512691012691014,0.0086765086765087,0.4180706739425659
falcon3_7b_instruct,commonsenseqa,42,32,0.8425925925925927,0.8495855995855998,0.006993006993007,0.5307608842849731
falcon3_7b_instruct,commonsenseqa,42,64,0.8425925925925927,0.8297073297073297,-0.0128852628852629,0.6414141654968262
falcon3_7b_instruct,commonsenseqa,42,128,0.8425925925925927,0.7955840455840455,-0.0470085470085471,0.751374363899231
falcon3_7b_instruct,commonsenseqa,42,256,0.8425925925925927,0.722869722869723,-0.1197228697228697,0.8634876012802124
falcon3_7b_instruct,commonsenseqa,7,8,0.8172105672105672,0.8339160839160839,0.0167055167055166,0.3017697036266327
falcon3_7b_instruct,commonsenseqa,7,16,0.8172105672105672,0.8216783216783217,0.0044677544677544,0.4197555482387543
falcon3_7b_instruct,commonsenseqa,7,32,0.8172105672105672,0.8144263144263144,-0.0027842527842527,0.5315067768096924
falcon3_7b_instruct,commonsenseqa,7,64,0.8172105672105672,0.8029655529655529,-0.0142450142450142,0.6423068046569824
falcon3_7b_instruct,commonsenseqa,7,128,0.8172105672105672,0.774928774928775,-0.0422817922817921,0.7520759701728821
falcon3_7b_instruct,commonsenseqa,7,256,0.8172105672105672,0.7336829836829836,-0.0835275835275836,0.8636903166770935
falcon3_7b_instruct,commonsenseqa,123,8,0.7661227661227662,0.7711085211085211,0.0049857549857549,0.3003125190734863
falcon3_7b_instruct,commonsenseqa,123,16,0.7661227661227662,0.7690365190365189,0.0029137529137527,0.4185955226421356
falcon3_7b_instruct,commonsenseqa,123,32,0.7661227661227662,0.7861305361305362,0.0200077700077699,0.530722975730896
falcon3_7b_instruct,commonsenseqa,123,64,0.7661227661227662,0.7850945350945351,0.0189717689717688,0.6411161422729492
falcon3_7b_instruct,commonsenseqa,123,128,0.7661227661227662,0.7701372701372702,0.0040145040145039,0.7516255378723145
falcon3_7b_instruct,commonsenseqa,123,256,0.7661227661227662,0.7031209531209531,-0.063001813001813,0.8634923100471497
falcon3_7b_instruct,commonsenseqa,777,8,0.8517871017871017,0.8452473452473452,-0.0065397565397564,0.3005517125129699
falcon3_7b_instruct,commonsenseqa,777,16,0.8517871017871017,0.8379953379953381,-0.0137917637917636,0.4184845089912414
falcon3_7b_instruct,commonsenseqa,777,32,0.8517871017871017,0.8556073556073556,0.0038202538202538,0.5307489633560181
falcon3_7b_instruct,commonsenseqa,777,64,0.8517871017871017,0.8295130795130795,-0.0222740222740221,0.6412548422813416
falcon3_7b_instruct,commonsenseqa,777,128,0.8517871017871017,0.7906630406630407,-0.0611240611240609,0.7510492205619812
falcon3_7b_instruct,commonsenseqa,777,256,0.8517871017871017,0.7266899766899766,-0.1250971250971251,0.8630257248878479
falcon3_7b_instruct,commonsenseqa,2025,8,0.8431105931105932,0.8521756021756022,0.0090650090650089,0.300796627998352
falcon3_7b_instruct,commonsenseqa,2025,16,0.8431105931105932,0.8367650867650867,-0.0063455063455065,0.419358491897583
falcon3_7b_instruct,commonsenseqa,2025,32,0.8431105931105932,0.8253690753690754,-0.0177415177415177,0.5311024188995361
falcon3_7b_instruct,commonsenseqa,2025,64,0.8431105931105932,0.8138435638435638,-0.0292670292670294,0.641816258430481
falcon3_7b_instruct,commonsenseqa,2025,128,0.8431105931105932,0.7937710437710439,-0.0493395493395493,0.75107741355896
falcon3_7b_instruct,commonsenseqa,2025,256,0.8431105931105932,0.7511655011655012,-0.091945091945092,0.8631231188774109
falcon3_7b_instruct,hellaswag,42,8,0.7894736842105263,0.8020833333333333,0.0126096491228069,0.4944003224372864
falcon3_7b_instruct,hellaswag,42,16,0.7894736842105263,0.8015960038986354,0.012122319688109,0.5816601514816284
falcon3_7b_instruct,hellaswag,42,32,0.7894736842105263,0.8048245614035088,0.0153508771929824,0.6647524833679199
falcon3_7b_instruct,hellaswag,42,64,0.7894736842105263,0.8023269980506823,0.0128533138401559,0.7510683536529541
falcon3_7b_instruct,hellaswag,42,128,0.7894736842105263,0.764437134502924,-0.0250365497076022,0.8356499671936035
falcon3_7b_instruct,hellaswag,42,256,0.7894736842105263,0.6875,-0.1019736842105263,0.9145334959030152
falcon3_7b_instruct,hellaswag,7,8,0.8515472709551657,0.8567860623781676,0.0052387914230018,0.4964945912361145
falcon3_7b_instruct,hellaswag,7,16,0.8515472709551657,0.855567738791423,0.0040204678362573,0.5842044353485107
falcon3_7b_instruct,hellaswag,7,32,0.8515472709551657,0.868969298245614,0.0174220272904482,0.6660474538803101
falcon3_7b_instruct,hellaswag,7,64,0.8515472709551657,0.8557504873294347,0.004203216374269,0.7517713308334351
falcon3_7b_instruct,hellaswag,7,128,0.8515472709551657,0.8266325536062379,-0.0249147173489278,0.8357198238372803
falcon3_7b_instruct,hellaswag,7,256,0.8515472709551657,0.7928849902534113,-0.0586622807017543,0.9144688844680786
falcon3_7b_instruct,hellaswag,123,8,0.7927022417153996,0.8053118908382066,0.012609649122807,0.4945761263370514
falcon3_7b_instruct,hellaswag,123,16,0.7927022417153996,0.8093932748538012,0.0166910331384015,0.5808476805686951
falcon3_7b_instruct,hellaswag,123,32,0.7927022417153996,0.8146929824561403,0.0219907407407407,0.6645982265472412
falcon3_7b_instruct,hellaswag,123,64,0.7927022417153996,0.8068957115009746,0.014193469785575,0.7513828873634338
falcon3_7b_instruct,hellaswag,123,128,0.7927022417153996,0.776803118908382,-0.0158991228070175,0.8357816338539124
falcon3_7b_instruct,hellaswag,123,256,0.7927022417153996,0.7629142300194931,-0.0297880116959065,0.9144434332847596
falcon3_7b_instruct,hellaswag,777,8,0.7793006822612085,0.7987938596491229,0.0194931773879143,0.4945476055145263
falcon3_7b_instruct,hellaswag,777,16,0.7793006822612085,0.8024488304093566,0.023148148148148,0.5825042724609375
falcon3_7b_instruct,hellaswag,777,32,0.7793006822612085,0.7926413255360624,0.0133406432748538,0.6656996011734009
falcon3_7b_instruct,hellaswag,777,64,0.7793006822612085,0.7825292397660818,0.0032285575048732,0.7517558336257935
falcon3_7b_instruct,hellaswag,777,128,0.7793006822612085,0.778874269005848,-0.0004264132553605,0.8361696004867554
falcon3_7b_instruct,hellaswag,777,256,0.7793006822612085,0.7775950292397661,-0.0017056530214424,0.9146974086761476
falcon3_7b_instruct,hellaswag,2025,8,0.8391203703703703,0.8556895711500975,0.0165692007797271,0.4979229867458343
falcon3_7b_instruct,hellaswag,2025,16,0.8391203703703703,0.8518518518518519,0.0127314814814815,0.5843744874000549
falcon3_7b_instruct,hellaswag,2025,32,0.8391203703703703,0.8439936647173489,0.0048732943469785,0.6670558452606201
falcon3_7b_instruct,hellaswag,2025,64,0.8391203703703703,0.8298001949317738,-0.0093201754385965,0.7530062198638916
falcon3_7b_instruct,hellaswag,2025,128,0.8391203703703703,0.7687621832358674,-0.0703581871345029,0.836668074131012
falcon3_7b_instruct,hellaswag,2025,256,0.8391203703703703,0.7865497076023391,-0.0525706627680312,0.9150434136390686
falcon3_7b_instruct,mmlu_all,42,8,0.828971875582045,0.8409852859005401,0.0120134103184951,0.3505071103572845
falcon3_7b_instruct,mmlu_all,42,16,0.828971875582045,0.8387036692121438,0.0097317936300987,0.4816166162490845
falcon3_7b_instruct,mmlu_all,42,32,0.828971875582045,0.8365617433414044,0.0075898677593594,0.6449710130691528
falcon3_7b_instruct,mmlu_all,42,64,0.828971875582045,0.8288787483702739,-9.312721177112682e-05,0.7590255737304688
falcon3_7b_instruct,mmlu_all,42,128,0.828971875582045,0.8067144719687092,-0.0222574036133358,0.8391492366790771
falcon3_7b_instruct,mmlu_all,42,256,0.828971875582045,0.7910225367852487,-0.0379493387967962,0.915013551712036
falcon3_7b_instruct,mmlu_all,7,8,0.811650214192587,0.829623766064444,0.017973551871857,0.3513508141040802
falcon3_7b_instruct,mmlu_all,7,16,0.811650214192587,0.8321382007822685,0.0204879865896815,0.4948194622993469
falcon3_7b_instruct,mmlu_all,7,32,0.811650214192587,0.8318122555410691,0.020162041348482,0.6500574350357056
falcon3_7b_instruct,mmlu_all,7,64,0.811650214192587,0.8213354442168002,0.0096852300242131,0.7522546648979187
falcon3_7b_instruct,mmlu_all,7,128,0.811650214192587,0.8018252933507171,-0.0098249208418699,0.8329132795333862
falcon3_7b_instruct,mmlu_all,7,256,0.811650214192587,0.7587539579065004,-0.0528962562860866,0.9108498096466064
falcon3_7b_instruct,mmlu_all,123,8,0.762292791953809,0.7625721735891228,0.0002793816353138,0.3514599204063415
falcon3_7b_instruct,mmlu_all,123,16,0.762292791953809,0.7602439932948407,-0.0020487986589682,0.4852120280265808
falcon3_7b_instruct,mmlu_all,123,32,0.762292791953809,0.7614546470478674,-0.0008381449059415,0.6526456475257874
falcon3_7b_instruct,mmlu_all,123,64,0.762292791953809,0.7505587632706276,-0.0117340286831812,0.75922691822052
falcon3_7b_instruct,mmlu_all,123,128,0.762292791953809,0.7384522257403614,-0.0238405662134475,0.8389270901679993
falcon3_7b_instruct,mmlu_all,123,256,0.762292791953809,0.747532128888061,-0.0147606630657479,0.915013313293457
falcon3_7b_instruct,mmlu_all,777,8,0.7923263177500467,0.8043397280685417,0.012013410318495,0.3515937328338623
falcon3_7b_instruct,mmlu_all,777,16,0.7923263177500467,0.8121158502514434,0.0197895325013967,0.485675573348999
falcon3_7b_instruct,mmlu_all,777,32,0.7923263177500467,0.8132333767926988,0.0209070590426521,0.6470316648483276
falcon3_7b_instruct,mmlu_all,777,64,0.7923263177500467,0.8042466008567704,0.0119202831067236,0.7557008266448975
falcon3_7b_instruct,mmlu_all,777,128,0.7923263177500467,0.759173030359471,-0.0331532873905756,0.8365928530693054
falcon3_7b_instruct,mmlu_all,777,256,0.7923263177500467,0.7618737195008383,-0.0304525982492084,0.913248896598816
falcon3_7b_instruct,mmlu_all,2025,8,0.8183553734401192,0.8289718755820451,0.0106165021419258,0.3485768437385559
falcon3_7b_instruct,mmlu_all,2025,16,0.8183553734401192,0.8283665487055317,0.0100111752654125,0.4768761992454529
falcon3_7b_instruct,mmlu_all,2025,32,0.8183553734401192,0.8261314956230211,0.0077761221829019,0.6436997056007385
falcon3_7b_instruct,mmlu_all,2025,64,0.8183553734401192,0.7944216800149003,-0.0239336934252188,0.7595226764678955
falcon3_7b_instruct,mmlu_all,2025,128,0.8183553734401192,0.7842708139318308,-0.0340845595082883,0.8408892154693604
falcon3_7b_instruct,mmlu_all,2025,256,0.8183553734401192,0.7602905569007264,-0.0580648165393927,0.9161497354507446
mistral7b_v03,arc_challenge,42,8,0.66,0.6707142857142857,0.0107142857142856,0.4229965806007385
mistral7b_v03,arc_challenge,42,16,0.66,0.6300000000000001,-0.0299999999999999,0.5576749444007874
mistral7b_v03,arc_challenge,42,32,0.66,0.565,-0.095,0.6813353300094604
mistral7b_v03,arc_challenge,42,64,0.66,0.515,-0.145,0.8052418231964111
mistral7b_v03,arc_challenge,42,128,0.66,0.5357142857142857,-0.1242857142857143,0.9277342557907104
mistral7b_v03,arc_challenge,42,256,0.66,0.5964285714285714,-0.0635714285714286,0.9999998807907104
mistral7b_v03,arc_challenge,7,8,0.7264285714285714,0.6607142857142857,-0.0657142857142857,0.4178252816200256
mistral7b_v03,arc_challenge,7,16,0.7264285714285714,0.6821428571428572,-0.0442857142857142,0.557937741279602
mistral7b_v03,arc_challenge,7,32,0.7264285714285714,0.6942857142857142,-0.0321428571428572,0.6768940687179565
mistral7b_v03,arc_challenge,7,64,0.7264285714285714,0.7064285714285715,-0.0199999999999999,0.8029478788375854
mistral7b_v03,arc_challenge,7,128,0.7264285714285714,0.6928571428571427,-0.0335714285714286,0.9261809587478638
mistral7b_v03,arc_challenge,7,256,0.7264285714285714,0.6592857142857144,-0.067142857142857,0.9999999403953552
mistral7b_v03,arc_challenge,123,8,0.615,0.6064285714285713,-0.0085714285714286,0.4175117015838623
mistral7b_v03,arc_challenge,123,16,0.615,0.6535714285714287,0.0385714285714287,0.5573899149894714
mistral7b_v03,arc_challenge,123,32,0.615,0.6535714285714285,0.0385714285714284,0.6798184514045715
mistral7b_v03,arc_challenge,123,64,0.615,0.5778571428571428,-0.0371428571428571,0.8032093048095703
mistral7b_v03,arc_challenge,123,128,0.615,0.6742857142857143,0.0592857142857142,0.9256561994552612
mistral7b_v03,arc_challenge,123,256,0.615,0.6714285714285715,0.0564285714285714,0.9999999403953552
mistral7b_v03,arc_challenge,777,8,0.7378571428571428,0.7364285714285714,-0.0014285714285713,0.4197911024093628
mistral7b_v03,arc_challenge,777,16,0.7378571428571428,0.7128571428571429,-0.0249999999999999,0.5587645769119263
mistral7b_v03,arc_challenge,777,32,0.7378571428571428,0.6857142857142856,-0.0521428571428571,0.6809568405151367
mistral7b_v03,arc_challenge,777,64,0.7378571428571428,0.6735714285714286,-0.0642857142857141,0.8046109676361084
mistral7b_v03,arc_challenge,777,128,0.7378571428571428,0.6985714285714286,-0.0392857142857141,0.9262130856513976
mistral7b_v03,arc_challenge,777,256,0.7378571428571428,0.7464285714285714,0.0085714285714286,0.9999999403953552
mistral7b_v03,arc_challenge,2025,8,0.6364285714285715,0.6328571428571429,-0.0035714285714285,0.4161114692687988
mistral7b_v03,arc_challenge,2025,16,0.6364285714285715,0.6521428571428571,0.0157142857142856,0.5537884831428528
mistral7b_v03,arc_challenge,2025,32,0.6364285714285715,0.6871428571428573,0.0507142857142858,0.6777858734130859
mistral7b_v03,arc_challenge,2025,64,0.6364285714285715,0.6421428571428571,0.0057142857142856,0.8033241629600525
mistral7b_v03,arc_challenge,2025,128,0.6364285714285715,0.6135714285714287,-0.0228571428571427,0.9261069893836976
mistral7b_v03,arc_challenge,2025,256,0.6364285714285715,0.6907142857142856,0.0542857142857141,1.0000001192092896
mistral7b_v03,commonsenseqa,42,8,0.7032054030874786,0.6996140651801028,-0.0035913379073757,0.3749849200248718
mistral7b_v03,commonsenseqa,42,16,0.7032054030874786,0.7191252144082333,0.0159198113207547,0.4887494146823883
mistral7b_v03,commonsenseqa,42,32,0.7032054030874786,0.7189108061749572,0.0157054030874785,0.5919915437698364
mistral7b_v03,commonsenseqa,42,64,0.7032054030874786,0.6960227272727272,-0.0071826758147514,0.6953515410423279
mistral7b_v03,commonsenseqa,42,128,0.7032054030874786,0.7028301886792453,-0.0003752144082332,0.7946434020996094
mistral7b_v03,commonsenseqa,42,256,0.7032054030874786,0.7043846483704975,0.0011792452830189,0.8899658918380737
mistral7b_v03,commonsenseqa,7,8,0.7587907375643226,0.7549313893653514,-0.0038593481989711,0.3783621191978454
mistral7b_v03,commonsenseqa,7,16,0.7587907375643226,0.7673134648370498,0.0085227272727271,0.4914975166320801
mistral7b_v03,commonsenseqa,7,32,0.7587907375643226,0.7732632933104633,0.0144725557461407,0.5950988531112671
mistral7b_v03,commonsenseqa,7,64,0.7587907375643226,0.7529481132075471,-0.0058426243567755,0.6979317665100098
mistral7b_v03,commonsenseqa,7,128,0.7587907375643226,0.7099592624356776,-0.0488314751286449,0.7965644598007202
mistral7b_v03,commonsenseqa,7,256,0.7587907375643226,0.6719018010291595,-0.086888936535163,0.8915790915489197
mistral7b_v03,commonsenseqa,123,8,0.7520904802744425,0.7498391938250428,-0.0022512864493996,0.3810834884643554
mistral7b_v03,commonsenseqa,123,16,0.7520904802744425,0.7549849914236707,0.0028945111492282,0.4926939308643341
mistral7b_v03,commonsenseqa,123,32,0.7520904802744425,0.7398692109777015,-0.0122212692967409,0.5960041284561157
mistral7b_v03,commonsenseqa,123,64,0.7520904802744425,0.7405124356775301,-0.0115780445969123,0.6987025737762451
mistral7b_v03,commonsenseqa,123,128,0.7520904802744425,0.7331689536878215,-0.0189215265866209,0.7966040372848511
mistral7b_v03,commonsenseqa,123,256,0.7520904802744425,0.7088336192109775,-0.0432568610634649,0.8912744522094727
mistral7b_v03,commonsenseqa,777,8,0.763507718696398,0.7553602058319038,-0.0081475128644942,0.3780152201652527
mistral7b_v03,commonsenseqa,777,16,0.763507718696398,0.7613100343053173,-0.0021976843910807,0.4923516511917114
mistral7b_v03,commonsenseqa,777,32,0.763507718696398,0.7457118353344768,-0.0177958833619211,0.5954115986824036
mistral7b_v03,commonsenseqa,777,64,0.763507718696398,0.7346162092624358,-0.0288915094339622,0.6983622908592224
mistral7b_v03,commonsenseqa,777,128,0.763507718696398,0.7024549742710121,-0.0610527444253858,0.7967092394828796
mistral7b_v03,commonsenseqa,777,256,0.763507718696398,0.7000964837049742,-0.0634112349914237,0.8912149667739868
mistral7b_v03,commonsenseqa,2025,8,0.7505360205831904,0.7364386792452831,-0.0140973413379072,0.3774083852767944
mistral7b_v03,commonsenseqa,2025,16,0.7505360205831904,0.7659734133790738,0.0154373927958834,0.4918064773082733
mistral7b_v03,commonsenseqa,2025,32,0.7505360205831904,0.7469982847341338,-0.0035377358490565,0.5953594446182251
mistral7b_v03,commonsenseqa,2025,64,0.7505360205831904,0.7349378216123499,-0.0155981989708404,0.6980063319206238
mistral7b_v03,commonsenseqa,2025,128,0.7505360205831904,0.7258790737564321,-0.0246569468267582,0.796484649181366
mistral7b_v03,commonsenseqa,2025,256,0.7505360205831904,0.7224485420240137,-0.0280874785591767,0.8914949893951416
mistral7b_v03,hellaswag,42,8,0.7088210702341138,0.7704326923076922,0.0616116220735784,0.5012645721435547
mistral7b_v03,hellaswag,42,16,0.7088210702341138,0.7726797658862877,0.0638586956521739,0.5884814858436584
mistral7b_v03,hellaswag,42,32,0.7088210702341138,0.7705372073578595,0.0617161371237456,0.6707012057304382
mistral7b_v03,hellaswag,42,64,0.7088210702341138,0.7380330267558529,0.0292119565217391,0.756791889667511
mistral7b_v03,hellaswag,42,128,0.7088210702341138,0.7341659698996656,0.0253448996655518,0.8405212163925171
mistral7b_v03,hellaswag,42,256,0.7088210702341138,0.7418478260869565,0.0330267558528427,0.916880190372467
mistral7b_v03,hellaswag,7,8,0.711068143812709,0.7626985785953178,0.0516304347826087,0.5013293623924255
mistral7b_v03,hellaswag,7,16,0.711068143812709,0.760921822742475,0.049853678929766,0.5891640186309814
mistral7b_v03,hellaswag,7,32,0.711068143812709,0.7366220735785953,0.0255539297658863,0.6713605523109436
mistral7b_v03,hellaswag,7,64,0.711068143812709,0.7049017558528428,-0.0061663879598662,0.7570410370826721
mistral7b_v03,hellaswag,7,128,0.711068143812709,0.7096049331103679,-0.0014632107023411,0.840814471244812
mistral7b_v03,hellaswag,7,256,0.711068143812709,0.7216241638795986,0.0105560200668896,0.9171366691589355
mistral7b_v03,hellaswag,123,8,0.7003553511705686,0.7598244147157192,0.0594690635451505,0.5001258850097656
mistral7b_v03,hellaswag,123,16,0.7003553511705686,0.7537102842809364,0.0533549331103678,0.5882202982902527
mistral7b_v03,hellaswag,123,32,0.7003553511705686,0.7347930602006689,0.0344377090301003,0.6709221005439758
mistral7b_v03,hellaswag,123,64,0.7003553511705686,0.7150919732441471,0.0147366220735785,0.7572027444839478
mistral7b_v03,hellaswag,123,128,0.7003553511705686,0.7073578595317727,0.007002508361204,0.8406132459640503
mistral7b_v03,hellaswag,123,256,0.7003553511705686,0.6741220735785955,-0.026233277591973,0.9169079065322876
mistral7b_v03,hellaswag,777,8,0.726693143812709,0.7664088628762541,0.039715719063545,0.4986705780029297
mistral7b_v03,hellaswag,777,16,0.726693143812709,0.7699623745819398,0.0432692307692308,0.5884881019592285
mistral7b_v03,hellaswag,777,32,0.726693143812709,0.7620714882943144,0.0353783444816053,0.6700513958930969
mistral7b_v03,hellaswag,777,64,0.726693143812709,0.7637959866220736,0.0371028428093646,0.7562516331672668
mistral7b_v03,hellaswag,777,128,0.726693143812709,0.7364130434782609,0.0097198996655518,0.8400676250457764
mistral7b_v03,hellaswag,777,256,0.726693143812709,0.7264318561872911,-0.0002612876254178,0.9167929887771606
mistral7b_v03,hellaswag,2025,8,0.7684991638795987,0.8234740802675585,0.0549749163879598,0.4977750778198242
mistral7b_v03,hellaswag,2025,16,0.7684991638795987,0.8307901337792644,0.0622909698996656,0.5866544246673584
mistral7b_v03,hellaswag,2025,32,0.7684991638795987,0.8070129598662208,0.038513795986622,0.6695935130119324
mistral7b_v03,hellaswag,2025,64,0.7684991638795987,0.7952550167224081,0.0267558528428093,0.7553141117095947
mistral7b_v03,hellaswag,2025,128,0.7684991638795987,0.7595108695652173,-0.0089882943143814,0.8398948907852173
mistral7b_v03,hellaswag,2025,256,0.7684991638795987,0.750940635451505,-0.0175585284280936,0.9167120456695556
mistral7b_v03,mmlu_all,42,8,0.7799067362297427,0.7884020499561383,0.0084953137263955,0.4413824081420898
mistral7b_v03,mmlu_all,42,16,0.7799067362297427,0.7814303522784984,0.0015236160487557,0.541437029838562
mistral7b_v03,mmlu_all,42,32,0.7799067362297427,0.7710420610369823,-0.0088646751927604,0.6778075695037842
mistral7b_v03,mmlu_all,42,64,0.7799067362297427,0.7845699247426012,0.0046631885128585,0.803207516670227
mistral7b_v03,mmlu_all,42,128,0.7799067362297427,0.7498037767209936,-0.030102959508749,0.8779697418212891
mistral7b_v03,mmlu_all,42,256,0.7799067362297427,0.7207165612447483,-0.0591901749849944,0.9388488531112672
mistral7b_v03,mmlu_all,7,8,0.7284269818551179,0.7439863336257445,0.0155593517706266,0.4405385851860046
mistral7b_v03,mmlu_all,7,16,0.7284269818551179,0.7420471859273281,0.0136202040722102,0.5497539639472961
mistral7b_v03,mmlu_all,7,32,0.7284269818551179,0.7332748511011588,0.0048478692460408,0.6861010193824768
mistral7b_v03,mmlu_all,7,64,0.7284269818551179,0.7156840112655247,-0.0127429705895931,0.7952835559844971
mistral7b_v03,mmlu_all,7,128,0.7284269818551179,0.7022946581097926,-0.0261323237453252,0.8704683780670166
mistral7b_v03,mmlu_all,7,256,0.7284269818551179,0.6907059421025901,-0.0377210397525278,0.9340689778327942
mistral7b_v03,mmlu_all,123,8,0.7280114502054572,0.7298120873539867,0.0018006371485295,0.443693459033966
mistral7b_v03,mmlu_all,123,16,0.7280114502054572,0.7192391153792881,-0.0087723348261691,0.5486245155334473
mistral7b_v03,mmlu_all,123,32,0.7280114502054572,0.7092201856041367,-0.0187912646013205,0.6880028247833252
mistral7b_v03,mmlu_all,123,64,0.7280114502054572,0.6961540237314743,-0.0318574264739829,0.7970845103263855
mistral7b_v03,mmlu_all,123,128,0.7280114502054572,0.7062191236899211,-0.021792326515536,0.8719144463539124
mistral7b_v03,mmlu_all,123,256,0.7280114502054572,0.6979084906967081,-0.030102959508749,0.9352798461914062
mistral7b_v03,mmlu_all,777,8,0.7414008033611893,0.7605614294288747,0.0191606260676854,0.4462101459503174
mistral7b_v03,mmlu_all,777,16,0.7414008033611893,0.7591763239300059,0.0177755205688165,0.5481477975845337
mistral7b_v03,mmlu_all,777,32,0.7414008033611893,0.7494344152546285,0.0080336118934392,0.6840173602104187
mistral7b_v03,mmlu_all,777,64,0.7414008033611893,0.7274574080059097,-0.0139433953552795,0.7983493804931641
mistral7b_v03,mmlu_all,777,128,0.7414008033611893,0.7418163350108501,0.0004155316496607,0.8730169534683228
mistral7b_v03,mmlu_all,777,256,0.7414008033611893,0.7213167736275912,-0.0200840297335981,0.9359248280525208
mistral7b_v03,mmlu_all,2025,8,0.7723348261692599,0.7981439586315158,0.0258091324622559,0.437447190284729
mistral7b_v03,mmlu_all,2025,16,0.7723348261692599,0.7880326884897731,0.0156978623205132,0.5349434018135071
mistral7b_v03,mmlu_all,2025,32,0.7723348261692599,0.7757975899164318,0.0034627637471719,0.667522132396698
mistral7b_v03,mmlu_all,2025,64,0.7723348261692599,0.7492959047047416,-0.0230389214645182,0.800712525844574
mistral7b_v03,mmlu_all,2025,128,0.7723348261692599,0.7666558936238976,-0.0056789325453622,0.8775919675827026
mistral7b_v03,mmlu_all,2025,256,0.7723348261692599,0.7317512350524031,-0.0405835911168567,0.9387332797050476
olmo2_7b_instruct,arc_challenge,42,8,0.8377525252525253,0.86489898989899,0.0271464646464646,0.3490289449691772
olmo2_7b_instruct,arc_challenge,42,16,0.8377525252525253,0.8156565656565656,-0.0220959595959596,0.4840829372406006
olmo2_7b_instruct,arc_challenge,42,32,0.8377525252525253,0.8371212121212122,-0.0006313131313131,0.611564040184021
olmo2_7b_instruct,arc_challenge,42,64,0.8377525252525253,0.8434343434343433,0.005681818181818,0.7503740191459656
olmo2_7b_instruct,arc_challenge,42,128,0.8377525252525253,0.8017676767676768,-0.0359848484848485,0.9008939862251282
olmo2_7b_instruct,arc_challenge,42,256,0.8377525252525253,0.8623737373737373,0.024621212121212,1.0
olmo2_7b_instruct,arc_challenge,7,8,0.7108585858585859,0.7102272727272727,-0.0006313131313131,0.3520640730857849
olmo2_7b_instruct,arc_challenge,7,16,0.7108585858585859,0.6755050505050504,-0.0353535353535354,0.484887033700943
olmo2_7b_instruct,arc_challenge,7,32,0.7108585858585859,0.678030303030303,-0.0328282828282828,0.6143697500228882
olmo2_7b_instruct,arc_challenge,7,64,0.7108585858585859,0.6641414141414141,-0.0467171717171717,0.751315712928772
olmo2_7b_instruct,arc_challenge,7,128,0.7108585858585859,0.7247474747474748,0.0138888888888889,0.90084707736969
olmo2_7b_instruct,arc_challenge,7,256,0.7108585858585859,0.7424242424242424,0.0315656565656565,1.0000001192092896
olmo2_7b_instruct,arc_challenge,123,8,0.7525252525252525,0.7720959595959597,0.0195707070707071,0.3554349243640899
olmo2_7b_instruct,arc_challenge,123,16,0.7525252525252525,0.76010101010101,0.0075757575757575,0.4862565100193023
olmo2_7b_instruct,arc_challenge,123,32,0.7525252525252525,0.7670454545454546,0.0145202020202021,0.615463137626648
olmo2_7b_instruct,arc_challenge,123,64,0.7525252525252525,0.69760101010101,-0.0549242424242424,0.7531510591506958
olmo2_7b_instruct,arc_challenge,123,128,0.7525252525252525,0.7316919191919191,-0.0208333333333333,0.9021236896514891
olmo2_7b_instruct,arc_challenge,123,256,0.7525252525252525,0.75,-0.0025252525252524,1.0
olmo2_7b_instruct,arc_challenge,777,8,0.7935606060606061,0.8093434343434344,0.0157828282828282,0.352715790271759
olmo2_7b_instruct,arc_challenge,777,16,0.7935606060606061,0.8005050505050505,0.0069444444444444,0.4847196936607361
olmo2_7b_instruct,arc_challenge,777,32,0.7935606060606061,0.803030303030303,0.0094696969696969,0.6130039691925049
olmo2_7b_instruct,arc_challenge,777,64,0.7935606060606061,0.8219696969696969,0.0284090909090908,0.7518652677536011
olmo2_7b_instruct,arc_challenge,777,128,0.7935606060606061,0.8162878787878789,0.0227272727272728,0.901379942893982
olmo2_7b_instruct,arc_challenge,777,256,0.7935606060606061,0.8049242424242424,0.0113636363636363,0.9999999403953552
olmo2_7b_instruct,arc_challenge,2025,8,0.8440656565656566,0.8143939393939394,-0.0296717171717171,0.3518167734146118
olmo2_7b_instruct,arc_challenge,2025,16,0.8440656565656566,0.8099747474747475,-0.034090909090909,0.4830045104026794
olmo2_7b_instruct,arc_challenge,2025,32,0.8440656565656566,0.7398989898989898,-0.1041666666666667,0.6109988689422607
olmo2_7b_instruct,arc_challenge,2025,64,0.8440656565656566,0.7626262626262627,-0.0814393939393939,0.7492986917495728
olmo2_7b_instruct,arc_challenge,2025,128,0.8440656565656566,0.8061868686868687,-0.0378787878787878,0.8999185562133789
olmo2_7b_instruct,arc_challenge,2025,256,0.8440656565656566,0.8112373737373738,-0.0328282828282827,0.9999998807907104
olmo2_7b_instruct,commonsenseqa,42,8,0.7601894131574498,0.7529736738260331,-0.0072157393314167,0.3254381418228149
olmo2_7b_instruct,commonsenseqa,42,16,0.7601894131574498,0.7646428772760584,0.0044534641186085,0.4371732175350189
olmo2_7b_instruct,commonsenseqa,42,32,0.7601894131574498,0.7772140481425108,0.017024634985061,0.5434987545013428
olmo2_7b_instruct,commonsenseqa,42,64,0.7601894131574498,0.7784542533400981,0.0182648401826482,0.64557945728302
olmo2_7b_instruct,commonsenseqa,42,128,0.7601894131574498,0.7678561361970798,0.00766672303963,0.7496563196182251
olmo2_7b_instruct,commonsenseqa,42,256,0.7601894131574498,0.7249563109532667,-0.035233102204183,0.8594186902046204
olmo2_7b_instruct,commonsenseqa,7,8,0.7627825694796775,0.7560178138564744,-0.0067647556232031,0.3240779638290405
olmo2_7b_instruct,commonsenseqa,7,16,0.7627825694796775,0.748012853035684,-0.0147697164439934,0.4357686042785644
olmo2_7b_instruct,commonsenseqa,7,32,0.7627825694796775,0.7379220925644061,-0.0248604769152713,0.5420013070106506
olmo2_7b_instruct,commonsenseqa,7,64,0.7627825694796775,0.7084390326399458,-0.0543435368397317,0.6435016393661499
olmo2_7b_instruct,commonsenseqa,7,128,0.7627825694796775,0.7274367213484412,-0.0353458481312363,0.748359203338623
olmo2_7b_instruct,commonsenseqa,7,256,0.7627825694796775,0.689892327639664,-0.0728902418400134,0.8591902256011963
olmo2_7b_instruct,commonsenseqa,123,8,0.7910254242065505,0.7870793167596819,-0.0039461074468686,0.3273060917854309
olmo2_7b_instruct,commonsenseqa,123,16,0.7910254242065505,0.7972828231580134,0.0062573989514628,0.4403175711631775
olmo2_7b_instruct,commonsenseqa,123,32,0.7910254242065505,0.7871356897232088,-0.0038897344833417,0.5460355281829834
olmo2_7b_instruct,commonsenseqa,123,64,0.7910254242065505,0.780483680027059,-0.0105417441794914,0.6472690105438232
olmo2_7b_instruct,commonsenseqa,123,128,0.7910254242065505,0.7577653757258018,-0.0332600484807487,0.7504167556762695
olmo2_7b_instruct,commonsenseqa,123,256,0.7910254242065505,0.7181915553300637,-0.0728338688764868,0.8599053025245667
olmo2_7b_instruct,commonsenseqa,777,8,0.7781723885224646,0.7680816280511866,-0.0100907604712779,0.3241804242134094
olmo2_7b_instruct,commonsenseqa,777,16,0.7781723885224646,0.7777777777777778,-0.0003946107446868,0.4359818696975708
olmo2_7b_instruct,commonsenseqa,777,32,0.7781723885224646,0.7758610970178702,-0.0023112915045944,0.5422089099884033
olmo2_7b_instruct,commonsenseqa,777,64,0.7781723885224646,0.7732679406956424,-0.0049044478268222,0.6442499160766602
olmo2_7b_instruct,commonsenseqa,777,128,0.7781723885224646,0.7601894131574498,-0.0179829753650148,0.7484734058380127
olmo2_7b_instruct,commonsenseqa,777,256,0.7781723885224646,0.7303117424883026,-0.047860646034162,0.8591129779815674
olmo2_7b_instruct,commonsenseqa,2025,8,0.7685326117594004,0.7696036980664073,0.0010710863070069,0.3254495859146118
olmo2_7b_instruct,commonsenseqa,2025,16,0.7685326117594004,0.773324313659169,0.0047917018997686,0.4385023713111877
olmo2_7b_instruct,commonsenseqa,2025,32,0.7685326117594004,0.772591465133322,0.0040588533739216,0.5451478958129883
olmo2_7b_instruct,commonsenseqa,2025,64,0.7685326117594004,0.7638536557866847,-0.0046789559727156,0.646339476108551
olmo2_7b_instruct,commonsenseqa,2025,128,0.7685326117594004,0.7605276509386099,-0.0080049608207904,0.7500724792480469
olmo2_7b_instruct,commonsenseqa,2025,256,0.7685326117594004,0.725463667625007,-0.0430689441343933,0.8600630164146423
olmo2_7b_instruct,hellaswag,42,8,0.7483852583586627,0.7721789513677811,0.0237936930091184,0.4447991251945495
olmo2_7b_instruct,hellaswag,42,16,0.7483852583586627,0.769281914893617,0.0208966565349543,0.5294352173805237
olmo2_7b_instruct,hellaswag,42,32,0.7483852583586627,0.7603533434650456,0.0119680851063829,0.6146824359893799
olmo2_7b_instruct,hellaswag,42,64,0.7483852583586627,0.7652450607902735,0.0168598024316108,0.7018375396728516
olmo2_7b_instruct,hellaswag,42,128,0.7483852583586627,0.7679521276595744,0.0195668693009117,0.7917613983154297
olmo2_7b_instruct,hellaswag,42,256,0.7483852583586627,0.73290273556231,-0.0154825227963526,0.8848369121551514
olmo2_7b_instruct,hellaswag,7,8,0.6905870060790275,0.7273936170212767,0.0368066109422492,0.4498873353004455
olmo2_7b_instruct,hellaswag,7,16,0.6905870060790275,0.7240216565349544,0.0334346504559269,0.532295286655426
olmo2_7b_instruct,hellaswag,7,32,0.6905870060790275,0.7225493920972644,0.0319623860182369,0.6164038181304932
olmo2_7b_instruct,hellaswag,7,64,0.6905870060790275,0.709488981762918,0.0189019756838905,0.7037391662597656
olmo2_7b_instruct,hellaswag,7,128,0.6905870060790275,0.6735372340425532,-0.0170497720364742,0.7934213280677795
olmo2_7b_instruct,hellaswag,7,256,0.6905870060790275,0.6320288753799392,-0.0585581306990882,0.8856817483901978
olmo2_7b_instruct,hellaswag,123,8,0.6894946808510638,0.73731952887538,0.0478248480243161,0.4474051892757416
olmo2_7b_instruct,hellaswag,123,16,0.6894946808510638,0.7255414133738604,0.0360467325227965,0.5311598181724548
olmo2_7b_instruct,hellaswag,123,32,0.6894946808510638,0.7417363221884499,0.052241641337386,0.616061806678772
olmo2_7b_instruct,hellaswag,123,64,0.6894946808510638,0.7347074468085106,0.0452127659574468,0.7031445503234863
olmo2_7b_instruct,hellaswag,123,128,0.6894946808510638,0.7221219604863222,0.0326272796352583,0.7928909063339233
olmo2_7b_instruct,hellaswag,123,256,0.6894946808510638,0.6539228723404256,-0.0355718085106382,0.8851367235183716
olmo2_7b_instruct,hellaswag,777,8,0.7209821428571428,0.74705547112462,0.0260733282674772,0.4481411874294281
olmo2_7b_instruct,hellaswag,777,16,0.7209821428571428,0.740976443768997,0.0199943009118541,0.5316708087921143
olmo2_7b_instruct,hellaswag,777,32,0.7209821428571428,0.7515672492401215,0.0305851063829787,0.6159144043922424
olmo2_7b_instruct,hellaswag,777,64,0.7209821428571428,0.7327602583586625,0.0117781155015197,0.7027042508125305
olmo2_7b_instruct,hellaswag,777,128,0.7209821428571428,0.7008453647416414,-0.0201367781155014,0.7927805185317993
olmo2_7b_instruct,hellaswag,777,256,0.7209821428571428,0.69044452887538,-0.0305376139817628,0.8851821422576904
olmo2_7b_instruct,hellaswag,2025,8,0.6916318389057751,0.7376994680851064,0.0460676291793313,0.4501568973064422
olmo2_7b_instruct,hellaswag,2025,16,0.6916318389057751,0.7393142097264438,0.0476823708206687,0.5335171222686768
olmo2_7b_instruct,hellaswag,2025,32,0.6916318389057751,0.7348974164133738,0.0432655775075987,0.6169269680976868
olmo2_7b_instruct,hellaswag,2025,64,0.6916318389057751,0.7274411094224924,0.0358092705167173,0.7037535309791565
olmo2_7b_instruct,hellaswag,2025,128,0.6916318389057751,0.7059745440729482,0.0143427051671731,0.7933974862098694
olmo2_7b_instruct,hellaswag,2025,256,0.6916318389057751,0.6898746200607904,-0.0017572188449846,0.8856101036071777
olmo2_7b_instruct,mmlu_all,42,8,0.7651178451178452,0.7786307519640854,0.0135129068462401,0.3609917461872101
olmo2_7b_instruct,mmlu_all,42,16,0.7651178451178452,0.764668911335578,-0.0004489337822671,0.4784455299377441
olmo2_7b_instruct,mmlu_all,42,32,0.7651178451178452,0.7585185185185185,-0.0065993265993267,0.6147704124450684
olmo2_7b_instruct,mmlu_all,42,64,0.7651178451178452,0.7612570145903479,-0.0038608305274973,0.719103217124939
olmo2_7b_instruct,mmlu_all,42,128,0.7651178451178452,0.7342760942760944,-0.0308417508417507,0.8071715831756592
olmo2_7b_instruct,mmlu_all,42,256,0.7651178451178452,0.6802693602693602,-0.0848484848484849,0.8938274383544922
olmo2_7b_instruct,mmlu_all,7,8,0.7732884399551067,0.7716273849607184,-0.0016610549943882,0.367514967918396
olmo2_7b_instruct,mmlu_all,7,16,0.7732884399551067,0.7764309764309764,0.0031425364758697,0.4835628867149353
olmo2_7b_instruct,mmlu_all,7,32,0.7732884399551067,0.7747250280583614,0.0014365881032547,0.6173920035362244
olmo2_7b_instruct,mmlu_all,7,64,0.7732884399551067,0.774006734006734,0.0007182940516273,0.7200583219528198
olmo2_7b_instruct,mmlu_all,7,128,0.7732884399551067,0.7380022446689114,-0.0352861952861952,0.8069869875907898
olmo2_7b_instruct,mmlu_all,7,256,0.7732884399551067,0.7275869809203142,-0.0457014590347925,0.8939279317855835
olmo2_7b_instruct,mmlu_all,123,8,0.7134455667789001,0.7252076318742986,0.0117620650953984,0.3563024997711181
olmo2_7b_instruct,mmlu_all,123,16,0.7134455667789001,0.7261952861952862,0.012749719416386,0.4672766923904419
olmo2_7b_instruct,mmlu_all,123,32,0.7134455667789001,0.7135802469135802,0.00013468013468,0.6087806224822998
olmo2_7b_instruct,mmlu_all,123,64,0.7134455667789001,0.7221997755331089,0.0087542087542087,0.7265270352363586
olmo2_7b_instruct,mmlu_all,123,128,0.7134455667789001,0.7372390572390572,0.0237934904601571,0.8152306079864502
olmo2_7b_instruct,mmlu_all,123,256,0.7134455667789001,0.7161840628507294,0.0027384960718292,0.8992208242416382
olmo2_7b_instruct,mmlu_all,777,8,0.7631874298540966,0.7709988776655444,0.0078114478114478,0.3625797927379608
olmo2_7b_instruct,mmlu_all,777,16,0.7631874298540966,0.750662177328844,-0.0125252525252526,0.4763731360435486
olmo2_7b_instruct,mmlu_all,777,32,0.7631874298540966,0.7463524130190796,-0.0168350168350169,0.6123417615890503
olmo2_7b_instruct,mmlu_all,777,64,0.7631874298540966,0.7369696969696969,-0.0262177328843996,0.7235814332962036
olmo2_7b_instruct,mmlu_all,777,128,0.7631874298540966,0.7269135802469135,-0.036273849607183,0.8114264011383057
olmo2_7b_instruct,mmlu_all,777,256,0.7631874298540966,0.713939393939394,-0.0492480359147026,0.8966535329818726
olmo2_7b_instruct,mmlu_all,2025,8,0.7464870931537598,0.7451402918069584,-0.0013468013468014,0.3575910329818725
olmo2_7b_instruct,mmlu_all,2025,16,0.7464870931537598,0.731672278338945,-0.0148148148148148,0.4721163213253021
olmo2_7b_instruct,mmlu_all,2025,32,0.7464870931537598,0.7261952861952862,-0.0202918069584736,0.609360933303833
olmo2_7b_instruct,mmlu_all,2025,64,0.7464870931537598,0.7314478114478115,-0.0150392817059483,0.7176748514175415
olmo2_7b_instruct,mmlu_all,2025,128,0.7464870931537598,0.7272278338945006,-0.0192592592592591,0.806560754776001
olmo2_7b_instruct,mmlu_all,2025,256,0.7464870931537598,0.6925701459034793,-0.0539169472502805,0.8933402299880981
qwen25_7b,arc_challenge,42,8,0.8834019204389576,0.8408779149519889,-0.0425240054869686,0.4589403569698334
qwen25_7b,arc_challenge,42,16,0.8834019204389576,0.784636488340192,-0.0987654320987656,0.5935987830162048
qwen25_7b,arc_challenge,42,32,0.8834019204389576,0.700960219478738,-0.1824417009602196,0.7072516679763794
qwen25_7b,arc_challenge,42,64,0.8834019204389576,0.728395061728395,-0.1550068587105626,0.8248211145401001
qwen25_7b,arc_challenge,42,128,0.8834019204389576,0.7421124828532235,-0.1412894375857341,0.9364744424819946
qwen25_7b,arc_challenge,42,256,0.8834019204389576,0.6529492455418382,-0.2304526748971194,1.0000001192092896
qwen25_7b,arc_challenge,7,8,0.7750342935528121,0.7421124828532235,-0.0329218106995885,0.4566346704959869
qwen25_7b,arc_challenge,7,16,0.7750342935528121,0.6790123456790124,-0.0960219478737997,0.592643678188324
qwen25_7b,arc_challenge,7,32,0.7750342935528121,0.6611796982167353,-0.1138545953360767,0.7072399854660034
qwen25_7b,arc_challenge,7,64,0.7750342935528121,0.6556927297668038,-0.1193415637860082,0.8252255320549011
qwen25_7b,arc_challenge,7,128,0.7750342935528121,0.5953360768175582,-0.1796982167352538,0.9371954202651978
qwen25_7b,arc_challenge,7,256,0.7750342935528121,0.6131687242798354,-0.1618655692729766,0.9999999403953552
qwen25_7b,arc_challenge,123,8,0.914951989026063,0.8943758573388203,-0.0205761316872427,0.4600089490413666
qwen25_7b,arc_challenge,123,16,0.914951989026063,0.8175582990397805,-0.0973936899862825,0.5927107334136963
qwen25_7b,arc_challenge,123,32,0.914951989026063,0.7997256515775033,-0.1152263374485597,0.7082961201667786
qwen25_7b,arc_challenge,123,64,0.914951989026063,0.7503429355281206,-0.1646090534979424,0.8265492916107178
qwen25_7b,arc_challenge,123,128,0.914951989026063,0.7338820301783265,-0.1810699588477364,0.93745219707489
qwen25_7b,arc_challenge,123,256,0.914951989026063,0.7613168724279835,-0.1536351165980795,1.0
qwen25_7b,arc_challenge,777,8,0.7654320987654321,0.7078189300411523,-0.0576131687242797,0.4584592580795288
qwen25_7b,arc_challenge,777,16,0.7654320987654321,0.6447187928669411,-0.1207133058984909,0.5935044884681702
qwen25_7b,arc_challenge,777,32,0.7654320987654321,0.5171467764060357,-0.2482853223593963,0.7092514038085938
qwen25_7b,arc_challenge,777,64,0.7654320987654321,0.5733882030178326,-0.1920438957475995,0.8255575895309448
qwen25_7b,arc_challenge,777,128,0.7654320987654321,0.6762688614540466,-0.0891632373113854,0.9372249841690063
qwen25_7b,arc_challenge,777,256,0.7654320987654321,0.654320987654321,-0.111111111111111,1.0
qwen25_7b,arc_challenge,2025,8,0.8134430727023321,0.7997256515775034,-0.0137174211248286,0.453860878944397
qwen25_7b,arc_challenge,2025,16,0.8134430727023321,0.7160493827160495,-0.0973936899862826,0.589221715927124
qwen25_7b,arc_challenge,2025,32,0.8134430727023321,0.6433470507544581,-0.170096021947874,0.7055938243865967
qwen25_7b,arc_challenge,2025,64,0.8134430727023321,0.6447187928669411,-0.1687242798353909,0.8242970705032349
qwen25_7b,arc_challenge,2025,128,0.8134430727023321,0.7517146776406035,-0.0617283950617285,0.9364326000213624
qwen25_7b,arc_challenge,2025,256,0.8134430727023321,0.6707818930041153,-0.1426611796982168,0.9999998807907104
qwen25_7b,commonsenseqa,42,8,0.8339317088075777,0.8262164846077459,-0.0077152241998318,0.3770716488361358
qwen25_7b,commonsenseqa,42,16,0.8339317088075777,0.8250706592315331,-0.0088610495760446,0.507390022277832
qwen25_7b,commonsenseqa,42,32,0.8339317088075777,0.8183484836910855,-0.0155832251164922,0.6162727475166321
qwen25_7b,commonsenseqa,42,64,0.8339317088075777,0.7573141853181575,-0.0766175234894201,0.7198110818862915
qwen25_7b,commonsenseqa,42,128,0.8339317088075777,0.7405851348254526,-0.093346573982125,0.8154329061508179
qwen25_7b,commonsenseqa,42,256,0.8339317088075777,0.6936062944007334,-0.1403254144068443,0.903701901435852
qwen25_7b,commonsenseqa,7,8,0.841341379573753,0.8499732640745551,0.0086318845008021,0.377039760351181
qwen25_7b,commonsenseqa,7,16,0.841341379573753,0.8486746619815141,0.007333282407761,0.5074247121810913
qwen25_7b,commonsenseqa,7,32,0.841341379573753,0.8319456114888091,-0.0093957680849439,0.6167638301849365
qwen25_7b,commonsenseqa,7,64,0.841341379573753,0.8058207929111603,-0.0355205866625927,0.7206820249557495
qwen25_7b,commonsenseqa,7,128,0.841341379573753,0.7877167519670003,-0.0536246276067526,0.8159500956535339
qwen25_7b,commonsenseqa,7,256,0.841341379573753,0.7623558169734932,-0.0789855626002598,0.9041090607643129
qwen25_7b,commonsenseqa,123,8,0.8362233595600032,0.8433274768925216,0.0071041173325184,0.3750725388526916
qwen25_7b,commonsenseqa,123,16,0.8362233595600032,0.8288136887938279,-0.0074096707661752,0.5060798525810242
qwen25_7b,commonsenseqa,123,32,0.8362233595600032,0.8212512413108242,-0.0149721182491789,0.6151455640792847
qwen25_7b,commonsenseqa,123,64,0.8362233595600032,0.8091054923229701,-0.027117867237033,0.7190791368484497
qwen25_7b,commonsenseqa,123,128,0.8362233595600032,0.7821404018027652,-0.0540829577572379,0.8152898550033569
qwen25_7b,commonsenseqa,123,256,0.8362233595600032,0.7640363608586052,-0.072186998701398,0.9034188985824584
qwen25_7b,commonsenseqa,777,8,0.8025360934993507,0.78496677106409,-0.0175693224352607,0.3744597434997558
qwen25_7b,commonsenseqa,777,16,0.8025360934993507,0.7772515468642578,-0.0252845466350929,0.5054645538330078
qwen25_7b,commonsenseqa,777,32,0.8025360934993507,0.7836681689710489,-0.0188679245283018,0.6150124073028564
qwen25_7b,commonsenseqa,777,64,0.8025360934993507,0.7631960889160492,-0.0393400045833015,0.7191215753555298
qwen25_7b,commonsenseqa,777,128,0.8025360934993507,0.7135436559468338,-0.0889924375525169,0.8150678873062134
qwen25_7b,commonsenseqa,777,256,0.8025360934993507,0.6802383316782523,-0.1222977618210984,0.90366530418396
qwen25_7b,commonsenseqa,2025,8,0.847376059888473,0.8490566037735849,0.0016805438851119,0.3763626515865326
qwen25_7b,commonsenseqa,2025,16,0.847376059888473,0.8444733022687343,-0.0029027576197386,0.5072504878044128
qwen25_7b,commonsenseqa,2025,32,0.847376059888473,0.8435566419677641,-0.0038194179207088,0.616012692451477
qwen25_7b,commonsenseqa,2025,64,0.847376059888473,0.8102513176991827,-0.0371247421892902,0.7205790281295776
qwen25_7b,commonsenseqa,2025,128,0.847376059888473,0.7792376441830265,-0.0681384157054464,0.8156970739364624
qwen25_7b,commonsenseqa,2025,256,0.847376059888473,0.674967534947674,-0.1724085249407989,0.904077410697937
qwen25_7b,hellaswag,42,8,0.876981868444589,0.8945442718920237,0.0175624034474346,0.5414570569992065
qwen25_7b,hellaswag,42,16,0.876981868444589,0.8761687942109115,-0.0008130742336774,0.6338889598846436
qwen25_7b,hellaswag,42,32,0.876981868444589,0.8807220099195057,0.0037401414749166,0.7138967514038086
qwen25_7b,hellaswag,42,64,0.876981868444589,0.869095048377917,-0.007886820066672,0.7943207025527954
qwen25_7b,hellaswag,42,128,0.876981868444589,0.8173022196926579,-0.0596796487519311,0.8693374395370483
qwen25_7b,hellaswag,42,256,0.876981868444589,0.7832344093015691,-0.0937474591430199,0.9339776039123536
qwen25_7b,hellaswag,7,8,0.8750304902837629,0.8767379461744857,0.0017074558907228,0.5380759239196777
qwen25_7b,hellaswag,7,16,0.8750304902837629,0.8756809496707049,0.0006504593869419,0.6308400630950928
qwen25_7b,hellaswag,7,32,0.8750304902837629,0.8903162858769005,0.0152857955931375,0.7110825777053833
qwen25_7b,hellaswag,7,64,0.8750304902837629,0.8881209854459712,0.0130904951622082,0.7924623489379883
qwen25_7b,hellaswag,7,128,0.8750304902837629,0.865761444019839,-0.0092690462639238,0.8679223656654358
qwen25_7b,hellaswag,7,256,0.8750304902837629,0.8593381575737865,-0.0156923327099763,0.9332442283630372
qwen25_7b,hellaswag,123,8,0.8638913732823806,0.8727538824294659,0.0088625091470853,0.5383460521697998
qwen25_7b,hellaswag,123,16,0.8638913732823806,0.8729978046995691,0.0091064314171884,0.630990207195282
qwen25_7b,hellaswag,123,32,0.8638913732823806,0.8743800308968209,0.0104886576144402,0.7113445401191711
qwen25_7b,hellaswag,123,64,0.8638913732823806,0.8411252947394097,-0.0227660785429709,0.7927346229553223
qwen25_7b,hellaswag,123,128,0.8638913732823806,0.8055939507277015,-0.0582974225546791,0.868410050868988
qwen25_7b,hellaswag,123,256,0.8638913732823806,0.8002276607854297,-0.0636637124969509,0.93359375
qwen25_7b,hellaswag,777,8,0.8886901374095455,0.8883649077160743,-0.0003252296934711,0.5436128377914429
qwen25_7b,hellaswag,777,16,0.8886901374095455,0.879583705992357,-0.0091064314171884,0.6352627277374268
qwen25_7b,hellaswag,777,32,0.8886901374095455,0.8764940239043825,-0.012196113505163,0.7142757773399353
qwen25_7b,hellaswag,777,64,0.8886901374095455,0.8638913732823807,-0.0247987641271647,0.7951448559761047
qwen25_7b,hellaswag,777,128,0.8886901374095455,0.840718757622571,-0.0479713797869745,0.8698225617408752
qwen25_7b,hellaswag,777,256,0.8886901374095455,0.8510448003902756,-0.0376453370192698,0.9342461228370668
qwen25_7b,hellaswag,2025,8,0.8526709488576307,0.8698268151882267,0.0171558663305959,0.5404424071311951
qwen25_7b,hellaswag,2025,16,0.8526709488576307,0.8551914789820311,0.0025205301244003,0.6323310732841492
qwen25_7b,hellaswag,2025,32,0.8526709488576307,0.8551101715586633,0.0024392227010325,0.7132662534713745
qwen25_7b,hellaswag,2025,64,0.8526709488576307,0.842670135783397,-0.0100008130742337,0.7935089468955994
qwen25_7b,hellaswag,2025,128,0.8526709488576307,0.7838035612651435,-0.0688673875924872,0.868572473526001
qwen25_7b,hellaswag,2025,256,0.8526709488576307,0.8046182616472886,-0.0480526872103421,0.933752417564392
qwen25_7b,mmlu_all,42,8,0.8308600770218229,0.8258793324775353,-0.0049807445442875,0.4251128435134887
qwen25_7b,mmlu_all,42,16,0.8308600770218229,0.826854942233633,-0.0040051347881898,0.5658154487609863
qwen25_7b,mmlu_all,42,32,0.8308600770218229,0.8282926829268293,-0.0025673940949935,0.7266114950180054
qwen25_7b,mmlu_all,42,64,0.8308600770218229,0.8261360718870346,-0.0047240051347882,0.8355281352996826
qwen25_7b,mmlu_all,42,128,0.8308600770218229,0.7887548138639281,-0.0421052631578947,0.8991947174072266
qwen25_7b,mmlu_all,42,256,0.8308600770218229,0.6975609756097562,-0.1332991014120667,0.9503980278968812
qwen25_7b,mmlu_all,7,8,0.8677278562259307,0.8576636713735559,-0.0100641848523748,0.429160475730896
qwen25_7b,mmlu_all,7,16,0.8677278562259307,0.86007702182285,-0.0076508344030807,0.5753476619720459
qwen25_7b,mmlu_all,7,32,0.8677278562259307,0.8493453145057767,-0.018382541720154,0.7342571020126343
qwen25_7b,mmlu_all,7,64,0.8677278562259307,0.8386649550706035,-0.0290629011553272,0.8311944007873535
qwen25_7b,mmlu_all,7,128,0.8677278562259307,0.8142233632862643,-0.0535044929396664,0.8947957754135132
qwen25_7b,mmlu_all,7,256,0.8677278562259307,0.7535301668806161,-0.1141976893453146,0.94786137342453
qwen25_7b,mmlu_all,123,8,0.8581258023106547,0.8545827984595635,-0.0035430038510911,0.4290303289890289
qwen25_7b,mmlu_all,123,16,0.8581258023106547,0.8527856225930681,-0.0053401797175866,0.5807307362556458
qwen25_7b,mmlu_all,123,32,0.8581258023106547,0.8511938382541722,-0.0069319640564825,0.7428668737411499
qwen25_7b,mmlu_all,123,64,0.8581258023106547,0.8411296534017972,-0.0169961489088574,0.8357852101325989
qwen25_7b,mmlu_all,123,128,0.8581258023106547,0.8051347881899872,-0.0529910141206675,0.8975391387939453
qwen25_7b,mmlu_all,123,256,0.8581258023106547,0.7353530166880616,-0.122772785622593,0.949197232723236
qwen25_7b,mmlu_all,777,8,0.8462130937098845,0.8479075738125802,0.0016944801026956,0.4360561370849609
qwen25_7b,mmlu_all,777,16,0.8462130937098845,0.8473427471116818,0.0011296534017972,0.5723708868026733
qwen25_7b,mmlu_all,777,32,0.8462130937098845,0.8428754813863929,-0.0033376123234916,0.7300744652748108
qwen25_7b,mmlu_all,777,64,0.8462130937098845,0.8202310654685495,-0.0259820282413349,0.8302940726280212
qwen25_7b,mmlu_all,777,128,0.8462130937098845,0.8231065468549422,-0.0231065468549422,0.894380509853363
qwen25_7b,mmlu_all,777,256,0.8462130937098845,0.774788189987163,-0.0714249037227214,0.9476318955421448
qwen25_7b,mmlu_all,2025,8,0.8682926829268293,0.8768164313222081,0.0085237483953788,0.4298128485679626
qwen25_7b,mmlu_all,2025,16,0.8682926829268293,0.87198973042362,0.0036970474967907,0.5821497440338135
qwen25_7b,mmlu_all,2025,32,0.8682926829268293,0.8724518613607188,0.0041591784338895,0.7391577959060669
qwen25_7b,mmlu_all,2025,64,0.8682926829268293,0.8662387676508345,-0.0020539152759947,0.825177788734436
qwen25_7b,mmlu_all,2025,128,0.8682926829268293,0.8423106546854943,-0.0259820282413349,0.8894833922386169
qwen25_7b,mmlu_all,2025,256,0.8682926829268293,0.7973299101412068,-0.0709627727856224,0.9448858499526978
gemma2_9b_it,arc_challenge,0,8,0.8623063683304647,0.7917383820998279,-0.0705679862306367,0.4151033163070678
gemma2_9b_it,arc_challenge,0,16,0.8623063683304647,0.7555938037865749,-0.1067125645438897,0.540757417678833
gemma2_9b_it,arc_challenge,0,32,0.8623063683304647,0.7194492254733218,-0.1428571428571429,0.668103814125061
gemma2_9b_it,arc_challenge,0,64,0.8623063683304647,0.76592082616179,-0.0963855421686746,0.7980133295059204
gemma2_9b_it,arc_challenge,0,128,0.8623063683304647,0.8382099827882961,-0.0240963855421686,0.927552044391632
gemma2_9b_it,arc_challenge,0,256,0.8623063683304647,0.7969018932874354,-0.0654044750430292,0.9995316863059998
gemma2_9b_it,arc_challenge,1,8,0.8967297762478486,0.9036144578313252,0.0068846815834766,0.4185782074928283
gemma2_9b_it,arc_challenge,1,16,0.8967297762478486,0.8881239242685026,-0.0086058519793459,0.5451488494873047
gemma2_9b_it,arc_challenge,1,32,0.8967297762478486,0.919104991394148,0.0223752151462994,0.6707813739776611
gemma2_9b_it,arc_challenge,1,64,0.8967297762478486,0.9242685025817556,0.0275387263339069,0.8012919425964355
gemma2_9b_it,arc_challenge,1,128,0.8967297762478486,0.9328743545611016,0.036144578313253,0.928321659564972
gemma2_9b_it,arc_challenge,1,256,0.8967297762478486,0.8967297762478486,0.0,0.999508500099182
gemma2_9b_it,arc_challenge,2,8,0.8175559380378657,0.82960413080895,0.0120481927710842,0.4154744148254394
gemma2_9b_it,arc_challenge,2,16,0.8175559380378657,0.757314974182444,-0.0602409638554217,0.5425868034362793
gemma2_9b_it,arc_challenge,2,32,0.8175559380378657,0.7590361445783133,-0.0585197934595524,0.6692240834236145
gemma2_9b_it,arc_challenge,2,64,0.8175559380378657,0.8106712564543891,-0.0068846815834766,0.7999790906906128
gemma2_9b_it,arc_challenge,2,128,0.8175559380378657,0.8209982788296042,0.0034423407917384,0.9275213479995728
gemma2_9b_it,arc_challenge,2,256,0.8175559380378657,0.7900172117039587,-0.027538726333907,0.9995171427726746
gemma2_9b_it,arc_challenge,3,8,0.9414802065404474,0.8812392426850257,-0.0602409638554216,0.4084668755531311
gemma2_9b_it,arc_challenge,3,16,0.9414802065404474,0.846815834767642,-0.0946643717728054,0.5385220050811768
gemma2_9b_it,arc_challenge,3,32,0.9414802065404474,0.8227194492254734,-0.118760757314974,0.6656556129455566
gemma2_9b_it,arc_challenge,3,64,0.9414802065404474,0.7986230636833046,-0.1428571428571428,0.7960359454154968
gemma2_9b_it,arc_challenge,3,128,0.9414802065404474,0.8588640275387264,-0.082616179001721,0.9254566431045532
gemma2_9b_it,arc_challenge,3,256,0.9414802065404474,0.8571428571428571,-0.0843373493975903,0.999494731426239
gemma2_9b_it,arc_challenge,4,8,0.919104991394148,0.8760757314974184,-0.0430292598967296,0.4076294600963592
gemma2_9b_it,arc_challenge,4,16,0.919104991394148,0.8055077452667814,-0.1135972461273666,0.5386903285980225
gemma2_9b_it,arc_challenge,4,32,0.919104991394148,0.6196213425129088,-0.2994836488812392,0.6658616065979004
gemma2_9b_it,arc_challenge,4,64,0.919104991394148,0.6901893287435455,-0.2289156626506024,0.7969124913215637
gemma2_9b_it,arc_challenge,4,128,0.919104991394148,0.746987951807229,-0.172117039586919,0.9257060289382936
gemma2_9b_it,arc_challenge,4,256,0.919104991394148,0.7401032702237522,-0.1790017211703958,0.9995057582855223
gemma2_9b_it,commonsenseqa,0,8,0.8314245529435403,0.8239233808854062,-0.0075011720581341,0.373230367898941
gemma2_9b_it,commonsenseqa,0,16,0.8314245529435403,0.8240573303864444,-0.0073672225570959,0.4968746900558471
gemma2_9b_it,commonsenseqa,0,32,0.8314245529435403,0.7951242381622129,-0.0363003147813274,0.6037412285804749
gemma2_9b_it,commonsenseqa,0,64,0.8314245529435403,0.7724867724867726,-0.0589377804567677,0.704947829246521
gemma2_9b_it,commonsenseqa,0,128,0.8314245529435403,0.7606992163954189,-0.0707253365481214,0.8017555475234985
gemma2_9b_it,commonsenseqa,0,256,0.8314245529435403,0.7210501640881389,-0.1103743888554014,0.8949799537658691
gemma2_9b_it,commonsenseqa,1,8,0.7925122228919698,0.7992096979438752,0.0066974750519054,0.3693079948425293
gemma2_9b_it,commonsenseqa,1,16,0.7925122228919698,0.8089880115196572,0.0164757886276873,0.4935766458511352
gemma2_9b_it,commonsenseqa,1,32,0.7925122228919698,0.8056392739937045,0.0131270511017347,0.6014118194580078
gemma2_9b_it,commonsenseqa,1,64,0.7925122228919698,0.789163485366017,-0.0033487375259527,0.7031457424163818
gemma2_9b_it,commonsenseqa,1,128,0.7925122228919698,0.764516777175005,-0.0279954457169647,0.8007513284683228
gemma2_9b_it,commonsenseqa,1,256,0.7925122228919698,0.7278815886410822,-0.0646306342508875,0.8942186832427979
gemma2_9b_it,commonsenseqa,2,8,0.8426093362802224,0.8500435335878374,0.0074341973076149,0.3701466917991638
gemma2_9b_it,commonsenseqa,2,16,0.8426093362802224,0.8465608465608466,0.0039515102806242,0.4914391636848449
gemma2_9b_it,commonsenseqa,2,32,0.8426093362802224,0.8449534525483893,0.0023441162681668,0.5989482998847961
gemma2_9b_it,commonsenseqa,2,64,0.8426093362802224,0.8085861630165427,-0.0340231732636796,0.7005829811096191
gemma2_9b_it,commonsenseqa,2,128,0.8426093362802224,0.7718839997321011,-0.0707253365481213,0.7989005446434021
gemma2_9b_it,commonsenseqa,2,256,0.8426093362802224,0.76699484294421,-0.0756144933360123,0.8930702209472656
gemma2_9b_it,commonsenseqa,3,8,0.8160873350746769,0.8239903556359253,0.0079030205612483,0.3697478771209717
gemma2_9b_it,commonsenseqa,3,16,0.8160873350746769,0.8294822851784875,0.0133949501038106,0.4967285990715027
gemma2_9b_it,commonsenseqa,3,32,0.8160873350746769,0.816087335074677,1.1102230246251563e-16,0.6035248041152954
gemma2_9b_it,commonsenseqa,3,64,0.8160873350746769,0.8069787690040854,-0.0091085660705915,0.7047247886657715
gemma2_9b_it,commonsenseqa,3,128,0.8160873350746769,0.7528631705846895,-0.0632241644899873,0.8018907308578491
gemma2_9b_it,commonsenseqa,3,256,0.8160873350746769,0.7043064764583751,-0.1117808586163018,0.8953021168708801
gemma2_9b_it,commonsenseqa,4,8,0.779251222289197,0.7817962628089211,0.0025450405197241,0.370835393667221
gemma2_9b_it,commonsenseqa,4,16,0.779251222289197,0.7835376063224164,0.0042863840332194,0.4938374757766723
gemma2_9b_it,commonsenseqa,4,32,0.779251222289197,0.7557430848570089,-0.023508137432188,0.6023972630500793
gemma2_9b_it,commonsenseqa,4,64,0.779251222289197,0.7144196637867524,-0.0648315585024446,0.702713668346405
gemma2_9b_it,commonsenseqa,4,128,0.779251222289197,0.652200120554551,-0.1270511017346459,0.799949049949646
gemma2_9b_it,commonsenseqa,4,256,0.779251222289197,0.6814680865313777,-0.0977831357578192,0.893822968006134
gemma2_9b_it,hellaswag,0,8,0.7841232841232842,0.7856772856772857,0.0015540015540014,0.4385318160057068
gemma2_9b_it,hellaswag,0,16,0.7841232841232842,0.7770007770007771,-0.0071225071225071,0.5461905598640442
gemma2_9b_it,hellaswag,0,32,0.7841232841232842,0.7458559958559958,-0.0382672882672884,0.6486703157424927
gemma2_9b_it,hellaswag,0,64,0.7841232841232842,0.7286324786324786,-0.0554908054908056,0.74721360206604
gemma2_9b_it,hellaswag,0,128,0.7841232841232842,0.712056462056462,-0.0720668220668222,0.8382247686386108
gemma2_9b_it,hellaswag,0,256,0.7841232841232842,0.6954156954156955,-0.0887075887075887,0.9183090925216676
gemma2_9b_it,hellaswag,1,8,0.7683242683242684,0.7743460243460244,0.006021756021756,0.4364592730998993
gemma2_9b_it,hellaswag,1,16,0.7683242683242684,0.7689717689717691,0.0006475006475007,0.5460205078125
gemma2_9b_it,hellaswag,1,32,0.7683242683242684,0.7476689976689976,-0.0206552706552707,0.650946855545044
gemma2_9b_it,hellaswag,1,64,0.7683242683242684,0.7345247345247345,-0.0337995337995338,0.7492207288742065
gemma2_9b_it,hellaswag,1,128,0.7683242683242684,0.7375679875679876,-0.0307562807562807,0.839630126953125
gemma2_9b_it,hellaswag,1,256,0.7683242683242684,0.7024087024087025,-0.0659155659155659,0.918857753276825
gemma2_9b_it,hellaswag,2,8,0.787037037037037,0.8023828023828025,0.0153457653457654,0.4339898824691772
gemma2_9b_it,hellaswag,2,16,0.787037037037037,0.8111888111888111,0.0241517741517741,0.5439221858978271
gemma2_9b_it,hellaswag,2,32,0.787037037037037,0.8064620564620564,0.0194250194250193,0.6490340828895569
gemma2_9b_it,hellaswag,2,64,0.787037037037037,0.7875550375550376,0.0005180005180006,0.747727632522583
gemma2_9b_it,hellaswag,2,128,0.787037037037037,0.759000259000259,-0.0280367780367779,0.8385465741157532
gemma2_9b_it,hellaswag,2,256,0.787037037037037,0.7325822325822325,-0.0544548044548044,0.9181841015815736
gemma2_9b_it,hellaswag,3,8,0.8054908054908055,0.8077570577570578,0.0022662522662522,0.4360113739967346
gemma2_9b_it,hellaswag,3,16,0.8054908054908055,0.7913752913752914,-0.0141155141155141,0.5468138456344604
gemma2_9b_it,hellaswag,3,32,0.8054908054908055,0.8038073038073038,-0.0016835016835017,0.650691568851471
gemma2_9b_it,hellaswag,3,64,0.8054908054908055,0.7834757834757835,-0.022015022015022,0.7486563920974731
gemma2_9b_it,hellaswag,3,128,0.8054908054908055,0.7635975135975136,-0.0418932918932919,0.8391913771629333
gemma2_9b_it,hellaswag,3,256,0.8054908054908055,0.6919191919191919,-0.1135716135716136,0.918781876564026
gemma2_9b_it,hellaswag,4,8,0.7764180264180264,0.773957523957524,-0.0024605024605023,0.4354845285415649
gemma2_9b_it,hellaswag,4,16,0.7764180264180264,0.7746050246050247,-0.0018130018130017,0.544471800327301
gemma2_9b_it,hellaswag,4,32,0.7764180264180264,0.7702020202020201,-0.0062160062160062,0.6476693153381348
gemma2_9b_it,hellaswag,4,64,0.7764180264180264,0.7522015022015022,-0.0242165242165242,0.7465363144874573
gemma2_9b_it,hellaswag,4,128,0.7764180264180264,0.7685185185185185,-0.0078995078995078,0.8381096124649048
gemma2_9b_it,hellaswag,4,256,0.7764180264180264,0.702926702926703,-0.0734913234913233,0.9180670380592346
gemma2_9b_it,mmlu,0,8,0.8788319534571493,0.8905236070709331,0.0116916536137838,0.4372227191925049
gemma2_9b_it,mmlu,0,16,0.8788319534571493,0.8899641978071157,0.0111322443499664,0.5509533882141113
gemma2_9b_it,mmlu,0,32,0.8788319534571493,0.8867196240769747,0.0078876706198254,0.6443889737129211
gemma2_9b_it,mmlu,0,64,0.8788319534571493,0.8617699709107184,-0.0170619825464308,0.7329206466674805
gemma2_9b_it,mmlu,0,128,0.8788319534571493,0.8491273215484448,-0.0297046319087044,0.8197159767150879
gemma2_9b_it,mmlu,0,256,0.8788319534571493,0.8350302081002461,-0.0438017453569031,0.9054742455482484
gemma2_9b_it,mmlu,1,8,0.8786081897516222,0.8984672186171403,0.019859028865518,0.4370838701725006
gemma2_9b_it,mmlu,1,16,0.8786081897516222,0.8969008726784514,0.0182926829268291,0.5504368543624878
gemma2_9b_it,mmlu,1,32,0.8786081897516222,0.8968449317520697,0.0182367420004474,0.6443078517913818
gemma2_9b_it,mmlu,1,64,0.8786081897516222,0.8856008055493398,0.0069926157977175,0.7330736517906189
gemma2_9b_it,mmlu,1,128,0.8786081897516222,0.8795032445737301,0.0008950548221078,0.8199729919433594
gemma2_9b_it,mmlu,1,256,0.8786081897516222,0.8630006712911167,-0.0156075184605055,0.9057241082191468
gemma2_9b_it,mmlu,2,8,0.8594204520026851,0.8560080554933991,-0.003412396509286,0.4429703950881958
gemma2_9b_it,mmlu,2,16,0.8594204520026851,0.8520362497202953,-0.0073842022823897,0.5561237335205078
gemma2_9b_it,mmlu,2,32,0.8594204520026851,0.8650704855672411,0.0056500335645559,0.646530032157898
gemma2_9b_it,mmlu,2,64,0.8594204520026851,0.8448198702170509,-0.0146005817856342,0.73497474193573
gemma2_9b_it,mmlu,2,128,0.8594204520026851,0.7885992392034012,-0.0708212127992838,0.8206756711006165
gemma2_9b_it,mmlu,2,256,0.8594204520026851,0.7817744461848287,-0.0776460058178564,0.905753493309021
gemma2_9b_it,mmlu,3,8,0.8353658536585366,0.8567912284627432,0.0214253748042066,0.4389302134513855
gemma2_9b_it,mmlu,3,16,0.8353658536585366,0.8396733049899306,0.004307451331394,0.5521206855773926
gemma2_9b_it,mmlu,3,32,0.8353658536585366,0.8333519803087939,-0.0020138733497426,0.6458402276039124
gemma2_9b_it,mmlu,3,64,0.8353658536585366,0.8419109420452003,0.0065450883866637,0.7339142560958862
gemma2_9b_it,mmlu,3,128,0.8353658536585366,0.8397292459163124,0.0043633922577758,0.8199549317359924
gemma2_9b_it,mmlu,3,256,0.8353658536585366,0.8369321995972253,0.0015663459386887,0.9057012796401978
gemma2_9b_it,mmlu,4,8,0.8704967554262699,0.8770977847393152,0.0066010293130452,0.4348856210708618
gemma2_9b_it,mmlu,4,16,0.8704967554262699,0.8750279704631909,0.0045312150369209,0.5504577159881592
gemma2_9b_it,mmlu,4,32,0.8704967554262699,0.8678675318863281,-0.0026292235399417,0.6433719396591187
gemma2_9b_it,mmlu,4,64,0.8704967554262699,0.8473931528306109,-0.023103602595659,0.7311407923698425
gemma2_9b_it,mmlu,4,128,0.8704967554262699,0.8286529424927278,-0.0418438129335421,0.8182229995727539
gemma2_9b_it,mmlu,4,256,0.8704967554262699,0.7889348847616916,-0.0815618706645783,0.9043336510658264
llama31_8b_instruct,arc_challenge,0,8,0.8966049382716049,0.8966049382716048,-1.1102230246251563e-16,0.3991806209087372
llama31_8b_instruct,arc_challenge,0,16,0.8966049382716049,0.8688271604938271,-0.0277777777777777,0.541615903377533
llama31_8b_instruct,arc_challenge,0,32,0.8966049382716049,0.8526234567901234,-0.0439814814814815,0.6796625852584839
llama31_8b_instruct,arc_challenge,0,64,0.8966049382716049,0.8541666666666666,-0.0424382716049382,0.8130586743354797
llama31_8b_instruct,arc_challenge,0,128,0.8966049382716049,0.8209876543209876,-0.0756172839506172,0.9341884851455688
llama31_8b_instruct,arc_challenge,0,256,0.8966049382716049,0.8472222222222223,-0.0493827160493826,0.9995515942573548
llama31_8b_instruct,arc_challenge,1,8,0.9020061728395062,0.8989197530864199,-0.0030864197530863,0.4066917896270752
llama31_8b_instruct,arc_challenge,1,16,0.9020061728395062,0.8634259259259259,-0.0385802469135803,0.5508411526679993
llama31_8b_instruct,arc_challenge,1,32,0.9020061728395062,0.871141975308642,-0.0308641975308642,0.6829408407211304
llama31_8b_instruct,arc_challenge,1,64,0.9020061728395062,0.8279320987654321,-0.0740740740740741,0.8140670657157898
llama31_8b_instruct,arc_challenge,1,128,0.9020061728395062,0.8155864197530863,-0.0864197530864199,0.9338786602020264
llama31_8b_instruct,arc_challenge,1,256,0.9020061728395062,0.7885802469135803,-0.1134259259259259,0.999558925628662
llama31_8b_instruct,arc_challenge,2,8,0.8132716049382716,0.7847222222222223,-0.0285493827160492,0.4018295407295227
llama31_8b_instruct,arc_challenge,2,16,0.8132716049382716,0.7785493827160495,-0.0347222222222221,0.5420856475830078
llama31_8b_instruct,arc_challenge,2,32,0.8132716049382716,0.7669753086419754,-0.0462962962962961,0.6769183874130249
llama31_8b_instruct,arc_challenge,2,64,0.8132716049382716,0.7885802469135802,-0.0246913580246913,0.8101540803909302
llama31_8b_instruct,arc_challenge,2,128,0.8132716049382716,0.763888888888889,-0.0493827160493826,0.9327213764190674
llama31_8b_instruct,arc_challenge,2,256,0.8132716049382716,0.7716049382716049,-0.0416666666666666,0.9995471835136414
llama31_8b_instruct,arc_challenge,3,8,0.8256172839506173,0.7746913580246914,-0.0509259259259259,0.4094365239143371
llama31_8b_instruct,arc_challenge,3,16,0.8256172839506173,0.779320987654321,-0.0462962962962962,0.5514287352561951
llama31_8b_instruct,arc_challenge,3,32,0.8256172839506173,0.7708333333333334,-0.0547839506172839,0.6829550862312317
llama31_8b_instruct,arc_challenge,3,64,0.8256172839506173,0.8125,-0.0131172839506172,0.8141129016876221
llama31_8b_instruct,arc_challenge,3,128,0.8256172839506173,0.746141975308642,-0.0794753086419752,0.9349632263183594
llama31_8b_instruct,arc_challenge,3,256,0.8256172839506173,0.7492283950617286,-0.0763888888888887,0.999597668647766
llama31_8b_instruct,arc_challenge,4,8,0.8912037037037037,0.8834876543209876,-0.007716049382716,0.4103006720542907
llama31_8b_instruct,arc_challenge,4,16,0.8912037037037037,0.8912037037037036,-1.1102230246251563e-16,0.5449627637863159
llama31_8b_instruct,arc_challenge,4,32,0.8912037037037037,0.8912037037037037,0.0,0.6780703067779541
llama31_8b_instruct,arc_challenge,4,64,0.8912037037037037,0.8950617283950617,0.0038580246913579,0.8119077086448669
llama31_8b_instruct,arc_challenge,4,128,0.8912037037037037,0.8510802469135803,-0.0401234567901234,0.9332503080368042
llama31_8b_instruct,arc_challenge,4,256,0.8912037037037037,0.8287037037037037,-0.0625,0.9995559453964232
llama31_8b_instruct,commonsenseqa,0,8,0.7557172557172558,0.768018018018018,0.0123007623007621,0.4014479517936706
llama31_8b_instruct,commonsenseqa,0,16,0.7557172557172558,0.7644952644952645,0.0087780087780087,0.51826012134552
llama31_8b_instruct,commonsenseqa,0,32,0.7557172557172558,0.7342342342342343,-0.0214830214830215,0.6270008087158203
llama31_8b_instruct,commonsenseqa,0,64,0.7557172557172558,0.7313467313467313,-0.0243705243705244,0.7324466705322266
llama31_8b_instruct,commonsenseqa,0,128,0.7557172557172558,0.7185839685839687,-0.0371332871332871,0.8271543979644775
llama31_8b_instruct,commonsenseqa,0,256,0.7557172557172558,0.6781011781011782,-0.0776160776160775,0.9119411706924438
llama31_8b_instruct,commonsenseqa,1,8,0.8138715638715639,0.8294640794640794,0.0155925155925155,0.400234043598175
llama31_8b_instruct,commonsenseqa,1,16,0.8138715638715639,0.8364518364518365,0.0225802725802726,0.5192209482192993
llama31_8b_instruct,commonsenseqa,1,32,0.8138715638715639,0.7997227997227997,-0.0141487641487642,0.6268078684806824
llama31_8b_instruct,commonsenseqa,1,64,0.8138715638715639,0.7867290367290367,-0.0271425271425271,0.7327538728713989
llama31_8b_instruct,commonsenseqa,1,128,0.8138715638715639,0.7655925155925157,-0.0482790482790481,0.8273319005966187
llama31_8b_instruct,commonsenseqa,1,256,0.8138715638715639,0.7653615153615153,-0.0485100485100485,0.9121083617210388
llama31_8b_instruct,commonsenseqa,2,8,0.8003580503580503,0.8132940632940634,0.012936012936013,0.4032337963581085
llama31_8b_instruct,commonsenseqa,2,16,0.8003580503580503,0.8147378147378148,0.0143797643797645,0.5208252668380737
llama31_8b_instruct,commonsenseqa,2,32,0.8003580503580503,0.8141025641025641,0.0137445137445137,0.6297258138656616
llama31_8b_instruct,commonsenseqa,2,64,0.8003580503580503,0.8078078078078078,0.0074497574497575,0.7344810962677002
llama31_8b_instruct,commonsenseqa,2,128,0.8003580503580503,0.7873065373065373,-0.0130515130515129,0.8284975290298462
llama31_8b_instruct,commonsenseqa,2,256,0.8003580503580503,0.6918456918456918,-0.1085123585123585,0.9125574231147766
llama31_8b_instruct,commonsenseqa,3,8,0.8258258258258259,0.8272695772695773,0.0014437514437514,0.4006962776184082
llama31_8b_instruct,commonsenseqa,3,16,0.8258258258258259,0.8305035805035804,0.0046777546777545,0.5180865526199341
llama31_8b_instruct,commonsenseqa,3,32,0.8258258258258259,0.8188380688380688,-0.0069877569877571,0.6264830231666565
llama31_8b_instruct,commonsenseqa,3,64,0.8258258258258259,0.7994917994917994,-0.0263340263340264,0.7319384813308716
llama31_8b_instruct,commonsenseqa,3,128,0.8258258258258259,0.794987294987295,-0.0308385308385308,0.8265101313591003
llama31_8b_instruct,commonsenseqa,3,256,0.8258258258258259,0.7855162855162856,-0.0403095403095402,0.9115798473358154
llama31_8b_instruct,commonsenseqa,4,8,0.7567567567567568,0.7743127743127742,0.0175560175560174,0.4044021666049957
llama31_8b_instruct,commonsenseqa,4,16,0.7567567567567568,0.7715985215985216,0.0148417648417648,0.5205755233764648
llama31_8b_instruct,commonsenseqa,4,32,0.7567567567567568,0.7630515130515131,0.0062947562947562,0.6283771395683289
llama31_8b_instruct,commonsenseqa,4,64,0.7567567567567568,0.7566990066990066,-5.775005775021658e-05,0.7336090803146362
llama31_8b_instruct,commonsenseqa,4,128,0.7567567567567568,0.7296719796719796,-0.0270847770847771,0.8280625939369202
llama31_8b_instruct,commonsenseqa,4,256,0.7567567567567568,0.7439939939939939,-0.0127627627627628,0.9123455286026
llama31_8b_instruct,hellaswag,0,8,0.7880379874722166,0.7783895736512426,-0.009648413820974,0.4374038577079773
llama31_8b_instruct,hellaswag,0,16,0.7880379874722166,0.7819256415437462,-0.0061123459284704,0.5550202131271362
llama31_8b_instruct,hellaswag,0,32,0.7880379874722166,0.7753586583148111,-0.0126793291574055,0.6599873304367065
llama31_8b_instruct,hellaswag,0,64,0.7880379874722166,0.7448474439280663,-0.0431905435441503,0.7622010707855225
llama31_8b_instruct,hellaswag,0,128,0.7880379874722166,0.737724792887452,-0.0503131945847646,0.8522537350654602
llama31_8b_instruct,hellaswag,0,256,0.7880379874722166,0.7186805415235401,-0.0693574459486765,0.9286584258079528
llama31_8b_instruct,hellaswag,1,8,0.7750555667811679,0.7791473024853506,0.0040917357041826,0.4347842633724212
llama31_8b_instruct,hellaswag,1,16,0.7750555667811679,0.7673267326732673,-0.0077288341079005,0.5524569749832153
llama31_8b_instruct,hellaswag,1,32,0.7750555667811679,0.7612649020004042,-0.0137906647807637,0.6568627953529358
llama31_8b_instruct,hellaswag,1,64,0.7750555667811679,0.7401495251565973,-0.0349060416245706,0.7593661546707153
llama31_8b_instruct,hellaswag,1,128,0.7750555667811679,0.7183774499898969,-0.0566781167912709,0.8507171869277954
llama31_8b_instruct,hellaswag,1,256,0.7750555667811679,0.6886744796928673,-0.0863810870883006,0.927726984024048
llama31_8b_instruct,hellaswag,2,8,0.7760153566377046,0.7829864619114972,0.0069711052737926,0.4354771673679352
llama31_8b_instruct,hellaswag,2,16,0.7760153566377046,0.7784906041624571,0.0024752475247524,0.5503822565078735
llama31_8b_instruct,hellaswag,2,32,0.7760153566377046,0.7496463932107498,-0.0263689634269548,0.6559030413627625
llama31_8b_instruct,hellaswag,2,64,0.7760153566377046,0.7527783390583956,-0.0232370175793089,0.7595072388648987
llama31_8b_instruct,hellaswag,2,128,0.7760153566377046,0.7284805011113356,-0.047534855526369,0.8511781096458435
llama31_8b_instruct,hellaswag,2,256,0.7760153566377046,0.705597090321277,-0.0704182663164275,0.9281610250473022
llama31_8b_instruct,hellaswag,3,8,0.7766215397049908,0.7673772479288745,-0.0092442917761162,0.435278832912445
llama31_8b_instruct,hellaswag,3,16,0.7766215397049908,0.7687411598302687,-0.0078803798747221,0.550940215587616
llama31_8b_instruct,hellaswag,3,32,0.7766215397049908,0.7575267730854718,-0.019094766619519,0.6554648280143738
llama31_8b_instruct,hellaswag,3,64,0.7766215397049908,0.7433319862598505,-0.0332895534451402,0.7588088512420654
llama31_8b_instruct,hellaswag,3,128,0.7766215397049908,0.7323196605374822,-0.0443018791675086,0.8501409888267517
llama31_8b_instruct,hellaswag,3,256,0.7766215397049908,0.6948878561325522,-0.0817336835724386,0.9273335337638856
llama31_8b_instruct,hellaswag,4,8,0.728328955344514,0.7204485754697917,-0.0078803798747223,0.437191367149353
llama31_8b_instruct,hellaswag,4,16,0.728328955344514,0.707668215801172,-0.020660739543342,0.5535611510276794
llama31_8b_instruct,hellaswag,4,32,0.728328955344514,0.7001414427157001,-0.0281875126288139,0.6578640341758728
llama31_8b_instruct,hellaswag,4,64,0.728328955344514,0.6994847443928067,-0.0288442109517073,0.7606305480003357
llama31_8b_instruct,hellaswag,4,128,0.728328955344514,0.6863507779349365,-0.0419781774095775,0.8514864444732666
llama31_8b_instruct,hellaswag,4,256,0.728328955344514,0.6754899979793898,-0.0528389573651242,0.9279786348342896
llama31_8b_instruct,mmlu,0,8,0.8289449025487255,0.8273519490254871,-0.0015929535232384,0.4333519339561462
llama31_8b_instruct,mmlu,0,16,0.8289449025487255,0.81606071964018,-0.0128841829085455,0.5498484373092651
llama31_8b_instruct,mmlu,0,32,0.8289449025487255,0.8144677661169416,-0.0144771364317839,0.6482098698616028
llama31_8b_instruct,mmlu,0,64,0.8289449025487255,0.8236506746626686,-0.0052942278860569,0.7418345212936401
llama31_8b_instruct,mmlu,0,128,0.8289449025487255,0.7961488005997002,-0.0327961019490253,0.8313245177268982
llama31_8b_instruct,mmlu,0,256,0.8289449025487255,0.7668665667166416,-0.062078335832084,0.9158209562301636
llama31_8b_instruct,mmlu,1,8,0.7930097451274363,0.7964299100449774,0.0034201649175411,0.435556560754776
llama31_8b_instruct,mmlu,1,16,0.7930097451274363,0.7988193403298351,0.0058095952023988,0.5494692325592041
llama31_8b_instruct,mmlu,1,32,0.7930097451274363,0.7986319340329835,0.0056221889055472,0.6481926441192627
llama31_8b_instruct,mmlu,1,64,0.7930097451274363,0.7979291604197901,0.0049194152923538,0.7420348525047302
llama31_8b_instruct,mmlu,1,128,0.7930097451274363,0.7706146926536732,-0.022395052473763,0.8308539390563965
llama31_8b_instruct,mmlu,1,256,0.7930097451274363,0.7047882308845577,-0.0882215142428786,0.9151495695114136
llama31_8b_instruct,mmlu,2,8,0.8408452023988006,0.8423444527736133,0.0014992503748126,0.4367170333862304
llama31_8b_instruct,mmlu,2,16,0.8408452023988006,0.8427661169415293,0.0019209145427286,0.5548590421676636
llama31_8b_instruct,mmlu,2,32,0.8408452023988006,0.838502623688156,-0.0023425787106445,0.6527358889579773
llama31_8b_instruct,mmlu,2,64,0.8408452023988006,0.8315685907046476,-0.0092766116941529,0.7449451684951782
llama31_8b_instruct,mmlu,2,128,0.8408452023988006,0.8175131184407796,-0.023332083958021,0.8334664702415466
llama31_8b_instruct,mmlu,2,256,0.8408452023988006,0.7876686656671664,-0.0531765367316341,0.917156219482422
llama31_8b_instruct,mmlu,3,8,0.8295539730134933,0.8300224887556222,0.0004685157421289,0.4343481957912445
llama31_8b_instruct,mmlu,3,16,0.8295539730134933,0.8202773613193404,-0.0092766116941529,0.5507242679595947
llama31_8b_instruct,mmlu,3,32,0.8295539730134933,0.8206053223388307,-0.0089486506746626,0.64801424741745
llama31_8b_instruct,mmlu,3,64,0.8295539730134933,0.8188718140929535,-0.0106821589205398,0.7410833835601807
llama31_8b_instruct,mmlu,3,128,0.8295539730134933,0.8000843328335832,-0.0294696401799101,0.8302516937255859
llama31_8b_instruct,mmlu,3,256,0.8295539730134933,0.7687874812593702,-0.060766491754123,0.9144312143325806
llama31_8b_instruct,mmlu,4,8,0.800599700149925,0.802754872563718,0.002155172413793,0.4320529401302337
llama31_8b_instruct,mmlu,4,16,0.800599700149925,0.80148988005997,0.000890179910045,0.5496541261672974
llama31_8b_instruct,mmlu,4,32,0.800599700149925,0.7994752623688156,-0.0011244377811093,0.6478060483932495
llama31_8b_instruct,mmlu,4,64,0.800599700149925,0.7855134932533733,-0.0150862068965517,0.7411478757858276
llama31_8b_instruct,mmlu,4,128,0.800599700149925,0.761431784107946,-0.039167916041979,0.8302977085113525
llama31_8b_instruct,mmlu,4,256,0.800599700149925,0.7563249625187406,-0.0442747376311843,0.9147239327430724
