model,dataset,seed,combined_auroc,drop_when_permute_cheap,drop_when_permute_hidden
deepseek_r1_qwen7b,arc_challenge,42,0.5121537591859808,0.0032598454870925,-0.0479932165065008
deepseek_r1_qwen7b,arc_challenge,7,0.57263990955342,0.1323158093084605,-0.0684755982664405
deepseek_r1_qwen7b,arc_challenge,123,0.5647258338044092,0.0811381194648576,-0.0041266252119842
deepseek_r1_qwen7b,arc_challenge,777,0.5743357829282081,0.0471264367816092,0.0318824194460147
deepseek_r1_qwen7b,arc_challenge,2025,0.6065573770491803,0.116544186922932,0.0096853212737893
deepseek_r1_qwen7b,commonsenseqa,42,0.600538082121581,0.0936497768667393,0.0146969017573079
deepseek_r1_qwen7b,commonsenseqa,7,0.61943501377234,0.1200990754382593,0.0258535647940554
deepseek_r1_qwen7b,commonsenseqa,123,0.6117481263211837,0.1238934084940105,0.0088356500758011
deepseek_r1_qwen7b,commonsenseqa,777,0.6244314906155916,0.0858219631456451,0.0454124228642196
deepseek_r1_qwen7b,commonsenseqa,2025,0.601178656075844,0.102632758952021,0.0241987487455427
deepseek_r1_qwen7b,hellaswag,42,0.5845320598683829,0.0304855085124144,0.0878884941665212
deepseek_r1_qwen7b,hellaswag,7,0.6089336672296314,0.0422961194261643,0.0798380991206103
deepseek_r1_qwen7b,hellaswag,123,0.5684002096558151,0.0247956826432163,0.0543416225030574
deepseek_r1_qwen7b,hellaswag,777,0.5386989691922428,0.0103197251179314,0.03703725273232
deepseek_r1_qwen7b,hellaswag,2025,0.5014268242967794,0.0396948343136683,-0.0468541921456719
deepseek_r1_qwen7b,mmlu_all,42,0.5054233446656953,0.0259978774306117,-0.0254438508445308
deepseek_r1_qwen7b,mmlu_all,7,0.5561491554692137,0.0173385138416706,0.0302430162070764
deepseek_r1_qwen7b,mmlu_all,123,0.5506988289892611,0.0507725792815641,0.0081197273037971
deepseek_r1_qwen7b,mmlu_all,777,0.4481139711834223,-0.0235101541560988,-0.0496141600561222
deepseek_r1_qwen7b,mmlu_all,2025,0.5430899573687334,0.0177630277193171,0.0170650981238644
falcon3_7b_instruct,arc_challenge,42,0.7102222222222222,0.1586666666666666,-0.0134518518518518
falcon3_7b_instruct,arc_challenge,7,0.8577777777777779,0.2034962962962963,0.0924148148148149
falcon3_7b_instruct,arc_challenge,123,0.8,0.277362962962963,-0.0057481481481481
falcon3_7b_instruct,arc_challenge,777,0.8302222222222222,0.2627851851851852,0.0434074074074073
falcon3_7b_instruct,arc_challenge,2025,0.9013333333333332,0.2080296296296296,0.1643851851851852
falcon3_7b_instruct,commonsenseqa,42,0.8297073297073297,0.2741906241906242,0.0845571095571096
falcon3_7b_instruct,commonsenseqa,7,0.8029655529655529,0.243052318052318,0.1271907105240438
falcon3_7b_instruct,commonsenseqa,123,0.7850945350945351,0.2374924458257791,0.1193451610118276
falcon3_7b_instruct,commonsenseqa,777,0.8295130795130795,0.2642752309418976,0.155741172407839
falcon3_7b_instruct,commonsenseqa,2025,0.8138435638435638,0.2643917810584476,0.0910321160321159
falcon3_7b_instruct,hellaswag,42,0.8023269980506823,0.1614156920077973,0.2548611111111112
falcon3_7b_instruct,hellaswag,7,0.8557504873294347,0.2423590805717999,0.2208495776478232
falcon3_7b_instruct,hellaswag,123,0.8068957115009746,0.2556022579597141,0.1968262670565302
falcon3_7b_instruct,hellaswag,777,0.7825292397660818,0.1431002274204028,0.1812967024041584
falcon3_7b_instruct,hellaswag,2025,0.8298001949317738,0.193902290448343,0.2041341780376867
falcon3_7b_instruct,mmlu_all,42,0.8288787483702739,0.175445458496306,0.1561557086980816
falcon3_7b_instruct,mmlu_all,7,0.8213354442168002,0.1313978394486869,0.1619156267461352
falcon3_7b_instruct,mmlu_all,123,0.7505587632706276,0.1672083566151362,0.0441283292978208
falcon3_7b_instruct,mmlu_all,777,0.8042466008567704,0.1740454460793444,0.147358291426088
falcon3_7b_instruct,mmlu_all,2025,0.7944216800149003,0.1503740609672812,0.1843918793071335
mistral7b_v03,arc_challenge,42,0.515,0.0546190476190476,-0.0650238095238095
mistral7b_v03,arc_challenge,7,0.7064285714285715,0.1001190476190477,0.0619285714285715
mistral7b_v03,arc_challenge,123,0.5778571428571428,0.0659523809523809,0.0082619047619047
mistral7b_v03,arc_challenge,777,0.6735714285714286,0.0796190476190476,0.0812380952380952
mistral7b_v03,arc_challenge,2025,0.6421428571428571,0.0382142857142856,0.078047619047619
mistral7b_v03,commonsenseqa,42,0.6960227272727272,0.0983740708976557,0.1377054745568895
mistral7b_v03,commonsenseqa,7,0.7529481132075471,0.1269350343053172,0.2245354488279015
mistral7b_v03,commonsenseqa,123,0.7405124356775301,0.0839944253859349,0.2085191538021727
mistral7b_v03,commonsenseqa,777,0.7346162092624358,0.0843178244711264,0.210845483133219
mistral7b_v03,commonsenseqa,2025,0.7349378216123499,0.0976379359634076,0.2453741423670669
mistral7b_v03,hellaswag,42,0.7380330267558529,0.13384371516165,0.2018446906354516
mistral7b_v03,hellaswag,7,0.7049017558528428,0.0888308249721292,0.1491621376811593
mistral7b_v03,hellaswag,123,0.7150919732441471,0.0539924749163878,0.1771303651059085
mistral7b_v03,hellaswag,777,0.7637959866220736,0.0738694955406912,0.2492927814938684
mistral7b_v03,hellaswag,2025,0.7952550167224081,0.1286928651059086,0.2590823578595318
mistral7b_v03,mmlu_all,42,0.7845699247426012,0.1608415285408683,0.18796189420872
mistral7b_v03,mmlu_all,7,0.7156840112655247,0.1479461963463995,0.0913754097603767
mistral7b_v03,mmlu_all,123,0.6961540237314743,0.1587807993597735,0.0553026455515029
mistral7b_v03,mmlu_all,777,0.7274574080059097,0.1934915431614262,0.0587146220970496
mistral7b_v03,mmlu_all,2025,0.7492959047047416,0.2192160302876402,0.0670960493713159
olmo2_7b_instruct,arc_challenge,42,0.8434343434343433,0.2303451178451177,0.0955597643097641
olmo2_7b_instruct,arc_challenge,7,0.6641414141414141,0.1070917508417508,0.0292929292929292
olmo2_7b_instruct,arc_challenge,123,0.69760101010101,0.127104377104377,0.0494107744107743
olmo2_7b_instruct,arc_challenge,777,0.8219696969696969,0.1424663299663299,0.1402356902356901
olmo2_7b_instruct,arc_challenge,2025,0.7626262626262627,0.1544823232323232,0.0696548821548821
olmo2_7b_instruct,commonsenseqa,42,0.7784542533400981,0.1729033955315031,0.1364488791175752
olmo2_7b_instruct,commonsenseqa,7,0.7084390326399458,0.0941935847567505,0.1349098972132964
olmo2_7b_instruct,commonsenseqa,123,0.780483680027059,0.1760414905011557,0.1383129451115245
olmo2_7b_instruct,commonsenseqa,777,0.7732679406956424,0.1803258357291843,0.087921153015014
olmo2_7b_instruct,commonsenseqa,2025,0.7638536557866847,0.1265610613149933,0.1098709059135239
olmo2_7b_instruct,hellaswag,42,0.7652450607902735,0.1190064589665653,0.1756474797365754
olmo2_7b_instruct,hellaswag,7,0.709488981762918,0.1674075481256332,0.1245915653495441
olmo2_7b_instruct,hellaswag,123,0.7347074468085106,0.1656645770010131,0.1207763424518743
olmo2_7b_instruct,hellaswag,777,0.7327602583586625,0.1070082953394122,0.1281439969604862
olmo2_7b_instruct,hellaswag,2025,0.7274411094224924,0.0800626899696048,0.1585707953394123
olmo2_7b_instruct,mmlu_all,42,0.7612570145903479,0.1307250280583614,0.1777673026561915
olmo2_7b_instruct,mmlu_all,7,0.774006734006734,0.1536430976430976,0.1806853722409278
olmo2_7b_instruct,mmlu_all,123,0.7221997755331089,0.070020202020202,0.1824526748971194
olmo2_7b_instruct,mmlu_all,777,0.7369696969696969,0.1499289188178077,0.1387444818555929
olmo2_7b_instruct,mmlu_all,2025,0.7314478114478115,0.1844279835390946,0.1104511784511784
qwen25_7b,arc_challenge,42,0.728395061728395,0.1730681298582532,0.013214449016918
qwen25_7b,arc_challenge,7,0.6556927297668038,0.1438500228623685,-0.0087791495198902
qwen25_7b,arc_challenge,123,0.7503429355281206,0.1112025605852765,0.048148148148148
qwen25_7b,arc_challenge,777,0.5733882030178326,0.1227709190672152,-0.0576588934613626
qwen25_7b,arc_challenge,2025,0.6447187928669411,0.2521262002743485,-0.0678097850937356
qwen25_7b,commonsenseqa,42,0.7573141853181575,0.1736027296106739,0.132681486008199
qwen25_7b,commonsenseqa,7,0.8058207929111603,0.1725663942148549,0.2013902681231379
qwen25_7b,commonsenseqa,123,0.8091054923229701,0.2136913401064346,0.1591806075420773
qwen25_7b,commonsenseqa,777,0.7631960889160492,0.119547780918188,0.2287551243857102
qwen25_7b,commonsenseqa,2025,0.8102513176991827,0.2627530364372469,0.1473684210526316
qwen25_7b,hellaswag,42,0.869095048377917,0.102111282760116,0.176052253570751
qwen25_7b,hellaswag,7,0.8881209854459712,0.125056237634496,0.1636474510122774
qwen25_7b,hellaswag,123,0.8411252947394097,0.1762473913868336,0.0824592785321299
qwen25_7b,hellaswag,777,0.8638913732823807,0.080686776702713,0.1950429574220127
qwen25_7b,hellaswag,2025,0.842670135783397,0.1289508632138114,0.118250806298615
qwen25_7b,mmlu_all,42,0.8261360718870346,0.2748429610611895,0.0816191698759092
qwen25_7b,mmlu_all,7,0.8386649550706035,0.2902712879760377,0.0451125374411639
qwen25_7b,mmlu_all,123,0.8411296534017972,0.3017749251176723,0.0815609756097561
qwen25_7b,mmlu_all,777,0.8202310654685495,0.3156011981172444,0.0449002995293111
qwen25_7b,mmlu_all,2025,0.8662387676508345,0.316290971330766,0.0625502781343603
gemma2_9b_it,arc_challenge,0,0.76592082616179,0.0757314974182443,0.0103270223752151
gemma2_9b_it,arc_challenge,1,0.9242685025817556,0.1686746987951807,0.0843373493975903
gemma2_9b_it,arc_challenge,2,0.8106712564543891,0.3511187607573151,0.0516351118760758
gemma2_9b_it,arc_challenge,3,0.7986230636833046,0.2547332185886403,-0.0946643717728054
gemma2_9b_it,arc_challenge,4,0.6901893287435455,0.2925989672977624,-0.1686746987951808
gemma2_9b_it,commonsenseqa,0,0.7724867724867726,0.1531042796865582,0.1322081575246132
gemma2_9b_it,commonsenseqa,1,0.789163485366017,0.135757819302123,0.087535998928404
gemma2_9b_it,commonsenseqa,2,0.8085861630165427,0.1324760565266893,0.1214921974415644
gemma2_9b_it,commonsenseqa,3,0.8069787690040854,0.1722590583350075,0.0688500435335877
gemma2_9b_it,commonsenseqa,4,0.7144196637867524,0.0549862701761434,0.1301319402585224
gemma2_9b_it,hellaswag,0,0.7286324786324786,0.0573038073038072,0.2705257705257704
gemma2_9b_it,hellaswag,1,0.7345247345247345,0.0510878010878012,0.1565009065009065
gemma2_9b_it,hellaswag,2,0.7875550375550376,0.087930587930588,0.2105672105672106
gemma2_9b_it,hellaswag,3,0.7834757834757835,0.0608650608650608,0.2839290339290339
gemma2_9b_it,hellaswag,4,0.7522015022015022,0.0559440559440558,0.1986531986531986
gemma2_9b_it,mmlu,0,0.8617699709107184,0.1499776236294474,0.2403222197359589
gemma2_9b_it,mmlu,1,0.8856008055493398,0.0517453569031102,0.3179682255538151
gemma2_9b_it,mmlu,2,0.8448198702170509,0.2047437905571717,0.0618706645782054
gemma2_9b_it,mmlu,3,0.8419109420452003,0.0620944282837325,0.3449317520698143
gemma2_9b_it,mmlu,4,0.8473931528306109,0.1408592526292235,0.2149250391586484
llama31_8b_instruct,arc_challenge,0,0.8541666666666666,0.0910493827160493,0.2091049382716048
llama31_8b_instruct,arc_challenge,1,0.8279320987654321,0.191358024691358,0.107253086419753
llama31_8b_instruct,arc_challenge,2,0.7885802469135802,0.1790123456790122,0.0578703703703703
llama31_8b_instruct,arc_challenge,3,0.8125,0.1049382716049383,0.070216049382716
llama31_8b_instruct,arc_challenge,4,0.8950617283950617,0.14429012345679,0.1003086419753086
llama31_8b_instruct,commonsenseqa,0,0.7313467313467313,0.2057057057057056,0.1168283668283668
llama31_8b_instruct,commonsenseqa,1,0.7867290367290367,0.2853430353430353,0.0776160776160777
llama31_8b_instruct,commonsenseqa,2,0.8078078078078078,0.2352159852159853,0.1294178794178794
llama31_8b_instruct,commonsenseqa,3,0.7994917994917994,0.2157542157542156,0.21021021021021
llama31_8b_instruct,commonsenseqa,4,0.7566990066990066,0.1902286902286901,0.0698775698775696
llama31_8b_instruct,hellaswag,0,0.7448474439280663,0.1557890482925844,0.0667306526571024
llama31_8b_instruct,hellaswag,1,0.7401495251565973,0.1480096989290765,0.061679127096383
llama31_8b_instruct,hellaswag,2,0.7527783390583956,0.1583148110729439,0.1330066680137402
llama31_8b_instruct,hellaswag,3,0.7433319862598505,0.1484138209739341,0.1484643362295413
llama31_8b_instruct,hellaswag,4,0.6994847443928067,0.0365225298040008,0.1740755708223884
llama31_8b_instruct,mmlu,0,0.8236506746626686,0.2335082458770614,0.0684032983508245
llama31_8b_instruct,mmlu,1,0.7979291604197901,0.2418478260869565,0.032561844077961
llama31_8b_instruct,mmlu,2,0.8315685907046476,0.3776236881559219,0.0540198650674661
llama31_8b_instruct,mmlu,3,0.8188718140929535,0.2966641679160419,0.0273613193403298
llama31_8b_instruct,mmlu,4,0.7855134932533733,0.1837987256371813,0.0773519490254872
