model,dataset,seed,layer_group,cheap_auroc,hidden_only_auroc,cheap_plus_layer_auroc,gain_over_cheap
deepseek_r1_qwen7b,arc_challenge,42,early,0.6579988694177501,0.4720180893159977,0.542679479932165,-0.115319389485585
deepseek_r1_qwen7b,arc_challenge,42,middle,0.6579988694177501,0.3843979649519503,0.465799886941775,-0.192198982475975
deepseek_r1_qwen7b,arc_challenge,42,late,0.6579988694177501,0.4104013566986998,0.5477671000565292,-0.1102317693612209
deepseek_r1_qwen7b,arc_challenge,42,final,0.6579988694177501,0.4934991520633126,0.5743357829282081,-0.083663086489542
deepseek_r1_qwen7b,arc_challenge,42,all,0.6579988694177501,0.399095534200113,0.5121537591859808,-0.1458451102317692
deepseek_r1_qwen7b,arc_challenge,7,early,0.6930469191633691,0.4618428490672696,0.6116449971735444,-0.0814019219898247
deepseek_r1_qwen7b,arc_challenge,7,middle,0.6930469191633691,0.3719615602035048,0.5850763143018655,-0.1079706048615036
deepseek_r1_qwen7b,arc_challenge,7,late,0.6930469191633691,0.4612775579423402,0.5901639344262295,-0.1028829847371396
deepseek_r1_qwen7b,arc_challenge,7,final,0.6930469191633691,0.4771057094403617,0.5856416054267948,-0.1074053137365743
deepseek_r1_qwen7b,arc_challenge,7,all,0.6930469191633691,0.4301865460712266,0.57263990955342,-0.1204070096099491
deepseek_r1_qwen7b,arc_challenge,123,early,0.6913510457885812,0.4946297343131713,0.6172979084228378,-0.0740531373657433
deepseek_r1_qwen7b,arc_challenge,123,middle,0.6913510457885812,0.4222724703222159,0.56416054267948,-0.1271905031091011
deepseek_r1_qwen7b,arc_challenge,123,late,0.6913510457885812,0.4686263425664217,0.6291690220463539,-0.0621820237422272
deepseek_r1_qwen7b,arc_challenge,123,final,0.6913510457885812,0.4544940644431882,0.5121537591859808,-0.1791972866026003
deepseek_r1_qwen7b,arc_challenge,123,all,0.6913510457885812,0.4414923685698134,0.5647258338044092,-0.1266252119841719
deepseek_r1_qwen7b,arc_challenge,777,early,0.5828151498021481,0.5890333521763709,0.5771622385528548,-0.0056529112492933
deepseek_r1_qwen7b,arc_challenge,777,middle,0.5828151498021481,0.4884115319389485,0.58111927642736,-0.001695873374788
deepseek_r1_qwen7b,arc_challenge,777,late,0.5828151498021481,0.5138496325607689,0.6172979084228377,0.0344827586206896
deepseek_r1_qwen7b,arc_challenge,777,final,0.5828151498021481,0.4646693046919163,0.5206331260599208,-0.0621820237422272
deepseek_r1_qwen7b,arc_challenge,777,all,0.5828151498021481,0.5234595816845675,0.5743357829282081,-0.00847936687394
deepseek_r1_qwen7b,arc_challenge,2025,early,0.5873374788015828,0.5104578858111928,0.5528547201808931,-0.0344827586206897
deepseek_r1_qwen7b,arc_challenge,2025,middle,0.5873374788015828,0.4635387224420577,0.600904465799887,0.0135669869983041
deepseek_r1_qwen7b,arc_challenge,2025,late,0.5873374788015828,0.4855850763143019,0.5782928208027134,-0.0090446579988694
deepseek_r1_qwen7b,arc_challenge,2025,final,0.5873374788015828,0.472583380440927,0.5466365178066706,-0.0407009609949122
deepseek_r1_qwen7b,arc_challenge,2025,all,0.5873374788015828,0.4906726964386658,0.6065573770491803,0.0192198982475975
deepseek_r1_qwen7b,commonsenseqa,42,early,0.6235987444750496,0.5086797770802639,0.6000896803535968,-0.0235090641214528
deepseek_r1_qwen7b,commonsenseqa,42,middle,0.6235987444750496,0.4653129203766575,0.5647299980782782,-0.0588687463967714
deepseek_r1_qwen7b,commonsenseqa,42,late,0.6235987444750496,0.5881750048043046,0.6407661264492985,0.0171673819742489
deepseek_r1_qwen7b,commonsenseqa,42,final,0.6235987444750496,0.5793991416309013,0.6072641086413426,-0.0163346358337069
deepseek_r1_qwen7b,commonsenseqa,42,all,0.6235987444750496,0.5224521170969189,0.600538082121581,-0.0230606623534685
deepseek_r1_qwen7b,commonsenseqa,7,early,0.6863109345973993,0.5216834283518033,0.6070719364550637,-0.0792389981423355
deepseek_r1_qwen7b,commonsenseqa,7,middle,0.6863109345973993,0.4673627570302991,0.5711997950163347,-0.1151111395810646
deepseek_r1_qwen7b,commonsenseqa,7,late,0.6863109345973993,0.6388444045865096,0.6843251553391838,-0.0019857792582155
deepseek_r1_qwen7b,commonsenseqa,7,final,0.6863109345973993,0.5635129075651784,0.6362180513740311,-0.0500928832233682
deepseek_r1_qwen7b,commonsenseqa,7,all,0.6863109345973993,0.5322528985971431,0.61943501377234,-0.0668759208250593
deepseek_r1_qwen7b,commonsenseqa,123,early,0.6812504003587214,0.4930497725962462,0.590352956248799,-0.0908974441099224
deepseek_r1_qwen7b,commonsenseqa,123,middle,0.6812504003587214,0.4430209467683044,0.5653065146371148,-0.1159438857216066
deepseek_r1_qwen7b,commonsenseqa,123,late,0.6812504003587214,0.5586445455127793,0.6240471462430337,-0.0572032541156877
deepseek_r1_qwen7b,commonsenseqa,123,final,0.6812504003587214,0.6102748062263789,0.6474280955736339,-0.0338223047850875
deepseek_r1_qwen7b,commonsenseqa,123,all,0.6812504003587214,0.5070783421946063,0.6117481263211837,-0.0695022740375377
deepseek_r1_qwen7b,commonsenseqa,777,early,0.6227659983345076,0.497469732880661,0.5949650887194927,-0.0278009096150149
deepseek_r1_qwen7b,commonsenseqa,777,middle,0.6227659983345076,0.4945230926910512,0.6049580424059957,-0.0178079559285119
deepseek_r1_qwen7b,commonsenseqa,777,late,0.6227659983345076,0.612644929857152,0.6331432963935685,0.0103772980590608
deepseek_r1_qwen7b,commonsenseqa,777,final,0.6227659983345076,0.5452565498686823,0.6062391903145218,-0.0165268080199858
deepseek_r1_qwen7b,commonsenseqa,777,all,0.6227659983345076,0.558964832489911,0.6244314906155916,0.0016654922810839
deepseek_r1_qwen7b,commonsenseqa,2025,early,0.646595349433092,0.4833771058868746,0.5979757863045289,-0.0486195631285631
deepseek_r1_qwen7b,commonsenseqa,2025,middle,0.646595349433092,0.4454551277945039,0.5513420024341811,-0.0952533469989109
deepseek_r1_qwen7b,commonsenseqa,2025,late,0.646595349433092,0.5531356095061175,0.6121324706937415,-0.0344628787393505
deepseek_r1_qwen7b,commonsenseqa,2025,final,0.646595349433092,0.5893280379219781,0.6465312920376658,-6.405739542625355e-05
deepseek_r1_qwen7b,commonsenseqa,2025,all,0.646595349433092,0.5108577285247581,0.601178656075844,-0.045416693357248
deepseek_r1_qwen7b,hellaswag,42,early,0.5007862093063886,0.5286238425251878,0.5468522508881253,0.0460660415817366
deepseek_r1_qwen7b,hellaswag,42,middle,0.5007862093063886,0.5235571603284608,0.5565197134703862,0.0557335041639975
deepseek_r1_qwen7b,hellaswag,42,late,0.5007862093063886,0.5476093413313144,0.5774852949740842,0.0766990856676955
deepseek_r1_qwen7b,hellaswag,42,final,0.5007862093063886,0.553258400792033,0.5929765301962612,0.0921903208898725
deepseek_r1_qwen7b,hellaswag,42,all,0.5007862093063886,0.5477258167841128,0.5845320598683829,0.0837458505619942
deepseek_r1_qwen7b,hellaswag,7,early,0.5739327936637354,0.6022363286937278,0.6323452332420941,0.0584124395783587
deepseek_r1_qwen7b,hellaswag,7,middle,0.5739327936637354,0.5402713878050202,0.5917535379418788,0.0178207442781433
deepseek_r1_qwen7b,hellaswag,7,late,0.5739327936637354,0.5703220546269874,0.6032263700425134,0.029293576378778
deepseek_r1_qwen7b,hellaswag,7,final,0.5739327936637354,0.5518606953584532,0.5950730883466309,0.0211402946828954
deepseek_r1_qwen7b,hellaswag,7,all,0.5739327936637354,0.5626346747422981,0.6089336672296314,0.0350008735658959
deepseek_r1_qwen7b,hellaswag,123,early,0.5230912585172675,0.5467940131617262,0.5492399976704909,0.0261487391532234
deepseek_r1_qwen7b,hellaswag,123,middle,0.5230912585172675,0.5080659251062839,0.5451051190961504,0.0220138605788829
deepseek_r1_qwen7b,hellaswag,123,late,0.5230912585172675,0.5653718478830587,0.5862209539339585,0.063129695416691
deepseek_r1_qwen7b,hellaswag,123,final,0.5230912585172675,0.5619358220255082,0.5910546852250889,0.0679634267078214
deepseek_r1_qwen7b,hellaswag,123,all,0.5230912585172675,0.535204705608293,0.5684002096558151,0.0453089511385476
deepseek_r1_qwen7b,hellaswag,777,early,0.4932735426008968,0.4842466950090268,0.49443829712888,0.0011647545279832
deepseek_r1_qwen7b,hellaswag,777,middle,0.4932735426008968,0.4892551394793547,0.4974084211752373,0.0041348785743405
deepseek_r1_qwen7b,hellaswag,777,late,0.4932735426008968,0.4993302661464096,0.5248383903092424,0.0315648477083455
deepseek_r1_qwen7b,hellaswag,777,final,0.4932735426008968,0.5360782715042804,0.5497641372080834,0.0564905946071865
deepseek_r1_qwen7b,hellaswag,777,all,0.4932735426008968,0.5134237959350066,0.5386989691922428,0.0454254265913459
deepseek_r1_qwen7b,hellaswag,2025,early,0.5543066798672179,0.4613592685341564,0.5013103488439812,-0.0529963310232367
deepseek_r1_qwen7b,hellaswag,2025,middle,0.5543066798672179,0.4797041523498922,0.5239065866868557,-0.0304000931803621
deepseek_r1_qwen7b,hellaswag,2025,late,0.5543066798672179,0.481393046415468,0.501252111117582,-0.0530545687496358
deepseek_r1_qwen7b,hellaswag,2025,final,0.5543066798672179,0.4726573874555937,0.4950206743928717,-0.0592860054743462
deepseek_r1_qwen7b,hellaswag,2025,all,0.5543066798672179,0.4746374701531652,0.5014268242967794,-0.0528798555704385
deepseek_r1_qwen7b,mmlu_all,42,early,0.5493497382764018,0.4749338945550698,0.5168636339107442,-0.0324861043656575
deepseek_r1_qwen7b,mmlu_all,42,middle,0.5493497382764018,0.4630618962819059,0.5279801413847066,-0.0213695968916951
deepseek_r1_qwen7b,mmlu_all,42,late,0.5493497382764018,0.4437429172737575,0.5050455992660946,-0.0443041390103071
deepseek_r1_qwen7b,mmlu_all,42,final,0.5493497382764018,0.4460633532998759,0.5018077815552319,-0.0475419567211699
deepseek_r1_qwen7b,mmlu_all,42,all,0.5493497382764018,0.4579353515730398,0.5054233446656953,-0.0439263936107064
deepseek_r1_qwen7b,mmlu_all,7,early,0.5747666073066752,0.5553397010414981,0.5996978036803196,0.0249311963736443
deepseek_r1_qwen7b,mmlu_all,7,middle,0.5747666073066752,0.5022934542118612,0.5489719928768011,-0.025794614429874
deepseek_r1_qwen7b,mmlu_all,7,late,0.5747666073066752,0.4913928012519561,0.5349414494630619,-0.0398251578436132
deepseek_r1_qwen7b,mmlu_all,7,final,0.5747666073066752,0.5443850844530786,0.5786519885597108,0.0038853812530356
deepseek_r1_qwen7b,mmlu_all,7,all,0.5747666073066752,0.5092547622902164,0.5561491554692137,-0.0186174518374614
deepseek_r1_qwen7b,mmlu_all,123,early,0.6413577248934219,0.5355350493767201,0.6056877664454158,-0.0356699584480061
deepseek_r1_qwen7b,mmlu_all,123,middle,0.6413577248934219,0.4646808051373374,0.5332146133506017,-0.1081431115428201
deepseek_r1_qwen7b,mmlu_all,123,late,0.6413577248934219,0.5197237062220064,0.5761696616480492,-0.0651880632453727
deepseek_r1_qwen7b,mmlu_all,123,final,0.6413577248934219,0.4855107657438887,0.5442231935675356,-0.0971345313258863
deepseek_r1_qwen7b,mmlu_all,123,all,0.6413577248934219,0.4844854568021153,0.5506988289892611,-0.0906588959041607
deepseek_r1_qwen7b,mmlu_all,777,early,0.5282499595272785,0.3949058334682424,0.4430413901030705,-0.085208569424208
deepseek_r1_qwen7b,mmlu_all,777,middle,0.5282499595272785,0.4224272840105769,0.4618746964545897,-0.0663752630726888
deepseek_r1_qwen7b,mmlu_all,777,late,0.5282499595272785,0.4715341859586638,0.5199935243645782,-0.0082564351627002
deepseek_r1_qwen7b,mmlu_all,777,final,0.5282499595272785,0.4729372403000377,0.4896659651394959,-0.0385839943877825
deepseek_r1_qwen7b,mmlu_all,777,all,0.5282499595272785,0.4199989207274298,0.4481139711834223,-0.0801359883438561
deepseek_r1_qwen7b,mmlu_all,2025,early,0.5614375910636231,0.583778533268577,0.5859370784091522,0.024499487345529
deepseek_r1_qwen7b,mmlu_all,2025,middle,0.5614375910636231,0.5197237062220064,0.529167341212023,-0.0322702498516001
deepseek_r1_qwen7b,mmlu_all,2025,late,0.5614375910636231,0.5133559980573094,0.5357509038907775,-0.0256866871728456
deepseek_r1_qwen7b,mmlu_all,2025,final,0.5614375910636231,0.5313798499811127,0.5657546813447737,0.0043170902811505
deepseek_r1_qwen7b,mmlu_all,2025,all,0.5614375910636231,0.5236090874750418,0.5430899573687334,-0.0183476336948896
falcon3_7b_instruct,arc_challenge,42,early,0.7751111111111111,0.4631111111111111,0.7022222222222222,-0.0728888888888888
falcon3_7b_instruct,arc_challenge,42,middle,0.7751111111111111,0.4017777777777778,0.7226666666666667,-0.0524444444444444
falcon3_7b_instruct,arc_challenge,42,late,0.7751111111111111,0.6826666666666668,0.7297777777777777,-0.0453333333333333
falcon3_7b_instruct,arc_challenge,42,final,0.7751111111111111,0.6977777777777778,0.7146666666666667,-0.0604444444444444
falcon3_7b_instruct,arc_challenge,42,all,0.7751111111111111,0.6782222222222223,0.7102222222222222,-0.0648888888888888
falcon3_7b_instruct,arc_challenge,7,early,0.8248888888888889,0.6160000000000001,0.7928888888888889,-0.032
falcon3_7b_instruct,arc_challenge,7,middle,0.8248888888888889,0.5946666666666667,0.8204444444444445,-0.0044444444444443
falcon3_7b_instruct,arc_challenge,7,late,0.8248888888888889,0.8213333333333335,0.8648888888888888,0.0399999999999999
falcon3_7b_instruct,arc_challenge,7,final,0.8248888888888889,0.7537777777777778,0.8186666666666668,-0.0062222222222221
falcon3_7b_instruct,arc_challenge,7,all,0.8248888888888889,0.8142222222222222,0.8577777777777779,0.0328888888888889
falcon3_7b_instruct,arc_challenge,123,early,0.8622222222222222,0.6702222222222223,0.832888888888889,-0.0293333333333332
falcon3_7b_instruct,arc_challenge,123,middle,0.8622222222222222,0.5795555555555556,0.8017777777777777,-0.0604444444444445
falcon3_7b_instruct,arc_challenge,123,late,0.8622222222222222,0.7697777777777778,0.7946666666666667,-0.0675555555555554
falcon3_7b_instruct,arc_challenge,123,final,0.8622222222222222,0.8222222222222223,0.8711111111111112,0.0088888888888889
falcon3_7b_instruct,arc_challenge,123,all,0.8622222222222222,0.760888888888889,0.8,-0.0622222222222221
falcon3_7b_instruct,arc_challenge,777,early,0.8079999999999999,0.632,0.7991111111111111,-0.0088888888888888
falcon3_7b_instruct,arc_challenge,777,middle,0.8079999999999999,0.5146666666666667,0.8151111111111111,0.0071111111111111
falcon3_7b_instruct,arc_challenge,777,late,0.8079999999999999,0.7751111111111111,0.8302222222222222,0.0222222222222222
falcon3_7b_instruct,arc_challenge,777,final,0.8079999999999999,0.8106666666666666,0.824,0.016
falcon3_7b_instruct,arc_challenge,777,all,0.8079999999999999,0.8506666666666667,0.8302222222222222,0.0222222222222222
falcon3_7b_instruct,arc_challenge,2025,early,0.8488888888888889,0.6471111111111112,0.8337777777777777,-0.0151111111111111
falcon3_7b_instruct,arc_challenge,2025,middle,0.8488888888888889,0.5555555555555555,0.8266666666666667,-0.0222222222222222
falcon3_7b_instruct,arc_challenge,2025,late,0.8488888888888889,0.8613333333333334,0.8586666666666667,0.0097777777777777
falcon3_7b_instruct,arc_challenge,2025,final,0.8488888888888889,0.8435555555555556,0.8453333333333333,-0.0035555555555556
falcon3_7b_instruct,arc_challenge,2025,all,0.8488888888888889,0.8995555555555557,0.9013333333333332,0.0524444444444444
falcon3_7b_instruct,commonsenseqa,42,early,0.8425925925925927,0.56002331002331,0.7880082880082881,-0.0545843045843045
falcon3_7b_instruct,commonsenseqa,42,middle,0.8425925925925927,0.5612535612535613,0.7854830354830354,-0.0571095571095572
falcon3_7b_instruct,commonsenseqa,42,late,0.8425925925925927,0.7585470085470085,0.8156565656565656,-0.026936026936027
falcon3_7b_instruct,commonsenseqa,42,final,0.8425925925925927,0.778166278166278,0.8164335664335665,-0.0261590261590262
falcon3_7b_instruct,commonsenseqa,42,all,0.8425925925925927,0.7718855218855218,0.8297073297073297,-0.0128852628852629
falcon3_7b_instruct,commonsenseqa,7,early,0.8172105672105672,0.5792540792540792,0.772986272986273,-0.0442242942242941
falcon3_7b_instruct,commonsenseqa,7,middle,0.8172105672105672,0.5597643097643098,0.7983035483035483,-0.0189070189070188
falcon3_7b_instruct,commonsenseqa,7,late,0.8172105672105672,0.7623025123025123,0.8044548044548044,-0.0127557627557627
falcon3_7b_instruct,commonsenseqa,7,final,0.8172105672105672,0.7946127946127944,0.8169515669515669,-0.0002590002590002
falcon3_7b_instruct,commonsenseqa,7,all,0.8172105672105672,0.7457912457912458,0.8029655529655529,-0.0142450142450142
falcon3_7b_instruct,commonsenseqa,123,early,0.7661227661227662,0.5747863247863247,0.7685832685832688,0.0024605024605025
falcon3_7b_instruct,commonsenseqa,123,middle,0.7661227661227662,0.5675343175343175,0.7546620046620047,-0.0114607614607614
falcon3_7b_instruct,commonsenseqa,123,late,0.7661227661227662,0.7305749805749807,0.7527842527842528,-0.0133385133385134
falcon3_7b_instruct,commonsenseqa,123,final,0.7661227661227662,0.7452084952084951,0.7639860139860141,-0.0021367521367521
falcon3_7b_instruct,commonsenseqa,123,all,0.7661227661227662,0.747021497021497,0.7850945350945351,0.0189717689717688
falcon3_7b_instruct,commonsenseqa,777,early,0.8517871017871017,0.5775705775705776,0.8146205646205648,-0.0371665371665369
falcon3_7b_instruct,commonsenseqa,777,middle,0.8517871017871017,0.6098161098161099,0.8401320901320901,-0.0116550116550115
falcon3_7b_instruct,commonsenseqa,777,late,0.8517871017871017,0.7476042476042477,0.7669645169645171,-0.0848225848225846
falcon3_7b_instruct,commonsenseqa,777,final,0.8517871017871017,0.7994042994042994,0.8102823102823102,-0.0415047915047914
falcon3_7b_instruct,commonsenseqa,777,all,0.8517871017871017,0.8054260554260555,0.8295130795130795,-0.0222740222740221
falcon3_7b_instruct,commonsenseqa,2025,early,0.8431105931105932,0.4971509971509971,0.7781662781662781,-0.064944314944315
falcon3_7b_instruct,commonsenseqa,2025,middle,0.8431105931105932,0.5515410515410515,0.8011525511525511,-0.041958041958042
falcon3_7b_instruct,commonsenseqa,2025,late,0.8431105931105932,0.7564750064750065,0.8071095571095572,-0.0360010360010359
falcon3_7b_instruct,commonsenseqa,2025,final,0.8431105931105932,0.754079254079254,0.785029785029785,-0.0580808080808081
falcon3_7b_instruct,commonsenseqa,2025,all,0.8431105931105932,0.7543382543382543,0.8138435638435638,-0.0292670292670294
falcon3_7b_instruct,hellaswag,42,early,0.7894736842105263,0.57328216374269,0.7677266081871345,-0.0217470760233918
falcon3_7b_instruct,hellaswag,42,middle,0.7894736842105263,0.5676169590643274,0.7610867446393762,-0.0283869395711501
falcon3_7b_instruct,hellaswag,42,late,0.7894736842105263,0.7710769980506822,0.8066520467836257,0.0171783625730993
falcon3_7b_instruct,hellaswag,42,final,0.7894736842105263,0.7739400584795321,0.790204678362573,0.0007309941520466
falcon3_7b_instruct,hellaswag,42,all,0.7894736842105263,0.7466496101364523,0.8023269980506823,0.0128533138401559
falcon3_7b_instruct,hellaswag,7,early,0.8515472709551657,0.6179946393762182,0.8506335282651072,-0.0009137426900585
falcon3_7b_instruct,hellaswag,7,middle,0.8515472709551657,0.5740131578947368,0.8076267056530214,-0.0439205653021442
falcon3_7b_instruct,hellaswag,7,late,0.8515472709551657,0.7972100389863548,0.8392422027290448,-0.0123050682261208
falcon3_7b_instruct,hellaswag,7,final,0.8515472709551657,0.8153021442495126,0.8410087719298246,-0.010538499025341
falcon3_7b_instruct,hellaswag,7,all,0.8515472709551657,0.8003776803118907,0.8557504873294347,0.004203216374269
falcon3_7b_instruct,hellaswag,123,early,0.7927022417153996,0.6456505847953216,0.7875243664717348,-0.0051778752436647
falcon3_7b_instruct,hellaswag,123,middle,0.7927022417153996,0.5665204678362573,0.7831384015594541,-0.0095638401559454
falcon3_7b_instruct,hellaswag,123,late,0.7927022417153996,0.7428118908382065,0.7803971734892787,-0.0123050682261208
falcon3_7b_instruct,hellaswag,123,final,0.7927022417153996,0.7613913255360624,0.792763157894737,6.091617933734472e-05
falcon3_7b_instruct,hellaswag,123,all,0.7927022417153996,0.7690667641325536,0.8068957115009746,0.014193469785575
falcon3_7b_instruct,hellaswag,777,early,0.7793006822612085,0.5936890838206628,0.7699805068226121,-0.0093201754385964
falcon3_7b_instruct,hellaswag,777,middle,0.7793006822612085,0.5988669590643275,0.7739400584795321,-0.0053606237816764
falcon3_7b_instruct,hellaswag,777,late,0.7793006822612085,0.7646807992202728,0.7868542884990253,0.0075536062378167
falcon3_7b_instruct,hellaswag,777,final,0.7793006822612085,0.7649853801169589,0.7885599415204678,0.0092592592592593
falcon3_7b_instruct,hellaswag,777,all,0.7793006822612085,0.7499390838206628,0.7825292397660818,0.0032285575048732
falcon3_7b_instruct,hellaswag,2025,early,0.8391203703703703,0.5508040935672514,0.7855141325536061,-0.0536062378167642
falcon3_7b_instruct,hellaswag,2025,middle,0.8391203703703703,0.5445297270955166,0.7850268031189084,-0.0540935672514619
falcon3_7b_instruct,hellaswag,2025,late,0.8391203703703703,0.7810672514619883,0.8441764132553606,0.0050560428849902
falcon3_7b_instruct,hellaswag,2025,final,0.8391203703703703,0.8083576998050682,0.8284600389863548,-0.0106603313840155
falcon3_7b_instruct,hellaswag,2025,all,0.8391203703703703,0.7551778752436646,0.8298001949317738,-0.0093201754385965
falcon3_7b_instruct,mmlu_all,42,early,0.828971875582045,0.6364313652449245,0.792791953808903,-0.036179921773142
falcon3_7b_instruct,mmlu_all,42,middle,0.828971875582045,0.7380331532873905,0.8225926615757124,-0.0063792140063325
falcon3_7b_instruct,mmlu_all,42,late,0.828971875582045,0.8278077854349042,0.8258521139877073,-0.0031197615943376
falcon3_7b_instruct,mmlu_all,42,final,0.828971875582045,0.8445241199478488,0.8404730862357982,0.0115012106537532
falcon3_7b_instruct,mmlu_all,42,all,0.828971875582045,0.8315328739057554,0.8288787483702739,-9.312721177112682e-05
falcon3_7b_instruct,mmlu_all,7,early,0.811650214192587,0.7011547774259639,0.8022909294095736,-0.0093592847830134
falcon3_7b_instruct,mmlu_all,7,middle,0.811650214192587,0.7546563605885639,0.8126746135220712,0.0010243993294841
falcon3_7b_instruct,mmlu_all,7,late,0.811650214192587,0.7904172099087353,0.8009405848388899,-0.0107096293536971
falcon3_7b_instruct,mmlu_all,7,final,0.811650214192587,0.8085770162041349,0.81695846526355,0.0053082510709629
falcon3_7b_instruct,mmlu_all,7,all,0.811650214192587,0.8090892158688769,0.8213354442168002,0.0096852300242131
falcon3_7b_instruct,mmlu_all,123,early,0.762292791953809,0.677872974483144,0.7357515365989942,-0.0265412553548147
falcon3_7b_instruct,mmlu_all,123,middle,0.762292791953809,0.7180108027565655,0.739010989010989,-0.0232818029428198
falcon3_7b_instruct,mmlu_all,123,late,0.762292791953809,0.7521419258707394,0.7509778357235986,-0.0113149562302103
falcon3_7b_instruct,mmlu_all,123,final,0.762292791953809,0.7586142670888434,0.7559601415533619,-0.006332650400447
falcon3_7b_instruct,mmlu_all,123,all,0.762292791953809,0.7547494878003352,0.7505587632706276,-0.0117340286831812
falcon3_7b_instruct,mmlu_all,777,early,0.7923263177500467,0.7032501396908176,0.792791953808903,0.0004656360588563
falcon3_7b_instruct,mmlu_all,777,middle,0.7923263177500467,0.7223877817098155,0.7853883404730863,-0.0069379772769604
falcon3_7b_instruct,mmlu_all,777,late,0.7923263177500467,0.7983795865151798,0.7999627491152914,0.0076364313652447
falcon3_7b_instruct,mmlu_all,777,final,0.7923263177500467,0.8027565654684299,0.8037344011920283,0.0114080834419816
falcon3_7b_instruct,mmlu_all,777,all,0.7923263177500467,0.7994039858446639,0.8042466008567704,0.0119202831067236
falcon3_7b_instruct,mmlu_all,2025,early,0.8183553734401192,0.6866734959955298,0.8089029614453344,-0.0094524119947848
falcon3_7b_instruct,mmlu_all,2025,middle,0.8183553734401192,0.712004097597318,0.7906500279381636,-0.0277053455019555
falcon3_7b_instruct,mmlu_all,2025,late,0.8183553734401192,0.8131868131868132,0.7990314769975787,-0.0193238964425405
falcon3_7b_instruct,mmlu_all,2025,final,0.8183553734401192,0.7896721922145652,0.7866455578319986,-0.0317098156081205
falcon3_7b_instruct,mmlu_all,2025,all,0.8183553734401192,0.796796423915068,0.7944216800149003,-0.0239336934252188
mistral7b_v03,arc_challenge,42,early,0.66,0.4928571428571428,0.5635714285714286,-0.0964285714285714
mistral7b_v03,arc_challenge,42,middle,0.66,0.6378571428571429,0.585,-0.075
mistral7b_v03,arc_challenge,42,late,0.66,0.605,0.5792857142857143,-0.0807142857142857
mistral7b_v03,arc_challenge,42,final,0.66,0.5942857142857143,0.555,-0.1049999999999999
mistral7b_v03,arc_challenge,42,all,0.66,0.5492857142857143,0.515,-0.145
mistral7b_v03,arc_challenge,7,early,0.7264285714285714,0.5414285714285714,0.6307142857142858,-0.0957142857142856
mistral7b_v03,arc_challenge,7,middle,0.7264285714285714,0.6592857142857143,0.6671428571428571,-0.0592857142857142
mistral7b_v03,arc_challenge,7,late,0.7264285714285714,0.7285714285714285,0.7071428571428572,-0.0192857142857142
mistral7b_v03,arc_challenge,7,final,0.7264285714285714,0.6828571428571428,0.6821428571428572,-0.0442857142857142
mistral7b_v03,arc_challenge,7,all,0.7264285714285714,0.7228571428571429,0.7064285714285715,-0.0199999999999999
mistral7b_v03,arc_challenge,123,early,0.615,0.6000000000000001,0.6542857142857144,0.0392857142857143
mistral7b_v03,arc_challenge,123,middle,0.615,0.5642857142857143,0.5492857142857143,-0.0657142857142857
mistral7b_v03,arc_challenge,123,late,0.615,0.5907142857142857,0.5921428571428571,-0.0228571428571429
mistral7b_v03,arc_challenge,123,final,0.615,0.5828571428571429,0.6128571428571428,-0.0021428571428572
mistral7b_v03,arc_challenge,123,all,0.615,0.5585714285714285,0.5778571428571428,-0.0371428571428571
mistral7b_v03,arc_challenge,777,early,0.7378571428571428,0.5742857142857143,0.6321428571428571,-0.1057142857142856
mistral7b_v03,arc_challenge,777,middle,0.7378571428571428,0.6864285714285715,0.7092857142857142,-0.0285714285714285
mistral7b_v03,arc_challenge,777,late,0.7378571428571428,0.6892857142857143,0.7164285714285715,-0.0214285714285712
mistral7b_v03,arc_challenge,777,final,0.7378571428571428,0.69,0.67,-0.0678571428571427
mistral7b_v03,arc_challenge,777,all,0.7378571428571428,0.6592857142857143,0.6735714285714286,-0.0642857142857141
mistral7b_v03,arc_challenge,2025,early,0.6364285714285715,0.4914285714285714,0.615,-0.0214285714285714
mistral7b_v03,arc_challenge,2025,middle,0.6364285714285715,0.7035714285714286,0.6964285714285714,0.0599999999999999
mistral7b_v03,arc_challenge,2025,late,0.6364285714285715,0.6157142857142857,0.5878571428571429,-0.0485714285714286
mistral7b_v03,arc_challenge,2025,final,0.6364285714285715,0.6107142857142858,0.5978571428571429,-0.0385714285714285
mistral7b_v03,arc_challenge,2025,all,0.6364285714285715,0.665,0.6421428571428571,0.0057142857142856
mistral7b_v03,commonsenseqa,42,early,0.7032054030874786,0.5541380789022299,0.6804245283018868,-0.0227808747855917
mistral7b_v03,commonsenseqa,42,middle,0.7032054030874786,0.6831046312178388,0.7101200686106347,0.0069146655231561
mistral7b_v03,commonsenseqa,42,late,0.7032054030874786,0.7279695540308748,0.7107632933104632,0.0075578902229845
mistral7b_v03,commonsenseqa,42,final,0.7032054030874786,0.725557461406518,0.7143010291595197,0.011095626072041
mistral7b_v03,commonsenseqa,42,all,0.7032054030874786,0.7167667238421955,0.6960227272727272,-0.0071826758147514
mistral7b_v03,commonsenseqa,7,early,0.7587907375643226,0.5641080617495712,0.7252358490566038,-0.0335548885077188
mistral7b_v03,commonsenseqa,7,middle,0.7587907375643226,0.6863207547169812,0.7499463979416809,-0.0088443396226416
mistral7b_v03,commonsenseqa,7,late,0.7587907375643226,0.7278623499142367,0.7471054888507718,-0.0116852487135508
mistral7b_v03,commonsenseqa,7,final,0.7587907375643226,0.7457118353344768,0.7435677530017153,-0.0152229845626072
mistral7b_v03,commonsenseqa,7,all,0.7587907375643226,0.7375643224699829,0.7529481132075471,-0.0058426243567755
mistral7b_v03,commonsenseqa,123,early,0.7520904802744425,0.5436320754716981,0.7111385077186964,-0.0409519725557461
mistral7b_v03,commonsenseqa,123,middle,0.7520904802744425,0.6765651801029159,0.7357418524871355,-0.0163486277873069
mistral7b_v03,commonsenseqa,123,late,0.7520904802744425,0.716069897084048,0.7294168096054889,-0.0226736706689535
mistral7b_v03,commonsenseqa,123,final,0.7520904802744425,0.7368138936535162,0.7257718696397942,-0.0263186106346482
mistral7b_v03,commonsenseqa,123,all,0.7520904802744425,0.7407804459691252,0.7405124356775301,-0.0115780445969123
mistral7b_v03,commonsenseqa,777,early,0.763507718696398,0.5003216123499142,0.6729738421955402,-0.0905338765008577
mistral7b_v03,commonsenseqa,777,middle,0.763507718696398,0.6606453687821612,0.7314536878216125,-0.0320540308747855
mistral7b_v03,commonsenseqa,777,late,0.763507718696398,0.7117817324185249,0.7399764150943398,-0.0235313036020582
mistral7b_v03,commonsenseqa,777,final,0.763507718696398,0.7517688679245282,0.7511256432246998,-0.0123820754716982
mistral7b_v03,commonsenseqa,777,all,0.763507718696398,0.707868782161235,0.7346162092624358,-0.0288915094339622
mistral7b_v03,commonsenseqa,2025,early,0.7505360205831904,0.5313036020583192,0.7342945969125214,-0.0162414236706689
mistral7b_v03,commonsenseqa,2025,middle,0.7505360205831904,0.6722234133790738,0.7360098627787307,-0.0145261578044596
mistral7b_v03,commonsenseqa,2025,late,0.7505360205831904,0.7205188679245282,0.7393331903945111,-0.0112028301886792
mistral7b_v03,commonsenseqa,2025,final,0.7505360205831904,0.7285591766723842,0.7254502572898798,-0.0250857632933105
mistral7b_v03,commonsenseqa,2025,all,0.7505360205831904,0.7237349914236707,0.7349378216123499,-0.0155981989708404
mistral7b_v03,hellaswag,42,early,0.7088210702341138,0.6444920568561873,0.7464987458193981,0.0376776755852843
mistral7b_v03,hellaswag,42,middle,0.7088210702341138,0.6682692307692307,0.735315635451505,0.0264945652173912
mistral7b_v03,hellaswag,42,late,0.7088210702341138,0.7288879598662207,0.7363607859531773,0.0275397157190635
mistral7b_v03,hellaswag,42,final,0.7088210702341138,0.7379807692307693,0.7490071070234113,0.0401860367892975
mistral7b_v03,hellaswag,42,all,0.7088210702341138,0.7302466555183947,0.7380330267558529,0.0292119565217391
mistral7b_v03,hellaswag,7,early,0.711068143812709,0.5963106187290971,0.7190112876254181,0.0079431438127091
mistral7b_v03,hellaswag,7,middle,0.711068143812709,0.6015363712374582,0.6860367892976588,-0.0250313545150502
mistral7b_v03,hellaswag,7,late,0.711068143812709,0.7293582775919732,0.7291492474916388,0.0180811036789297
mistral7b_v03,hellaswag,7,final,0.711068143812709,0.7258570234113713,0.7247596153846154,0.0136914715719064
mistral7b_v03,hellaswag,7,all,0.711068143812709,0.6981082775919732,0.7049017558528428,-0.0061663879598662
mistral7b_v03,hellaswag,123,early,0.7003553511705686,0.5588942307692307,0.6997282608695652,-0.0006270903010033
mistral7b_v03,hellaswag,123,middle,0.7003553511705686,0.6339360367892977,0.7043791806020067,0.004023829431438
mistral7b_v03,hellaswag,123,late,0.7003553511705686,0.7153532608695652,0.7414820234113713,0.0411266722408026
mistral7b_v03,hellaswag,123,final,0.7003553511705686,0.7287311872909699,0.7325982441471571,0.0322428929765885
mistral7b_v03,hellaswag,123,all,0.7003553511705686,0.6928302675585285,0.7150919732441471,0.0147366220735785
mistral7b_v03,hellaswag,777,early,0.726693143812709,0.5933319397993311,0.7225125418060201,-0.0041806020066889
mistral7b_v03,hellaswag,777,middle,0.726693143812709,0.7286789297658862,0.7656249999999999,0.0389318561872908
mistral7b_v03,hellaswag,777,late,0.726693143812709,0.7420568561872909,0.7555915551839465,0.0288984113712374
mistral7b_v03,hellaswag,777,final,0.726693143812709,0.7591973244147157,0.7572115384615384,0.0305183946488294
mistral7b_v03,hellaswag,777,all,0.726693143812709,0.7676630434782609,0.7637959866220736,0.0371028428093646
mistral7b_v03,hellaswag,2025,early,0.7684991638795987,0.6069711538461537,0.7876776755852842,0.0191785117056855
mistral7b_v03,hellaswag,2025,middle,0.7684991638795987,0.7005121237458195,0.7883570234113713,0.0198578595317725
mistral7b_v03,hellaswag,2025,late,0.7684991638795987,0.7836015886287626,0.7896634615384615,0.0211642976588627
mistral7b_v03,hellaswag,2025,final,0.7684991638795987,0.7975020903010033,0.8137541806020067,0.0452550167224079
mistral7b_v03,hellaswag,2025,all,0.7684991638795987,0.7720526755852842,0.7952550167224081,0.0267558528428093
mistral7b_v03,mmlu_all,42,early,0.7799067362297427,0.6841497760746109,0.7604690890622836,-0.0194376471674591
mistral7b_v03,mmlu_all,42,middle,0.7799067362297427,0.7491573941548546,0.7794450343967865,-0.0004617018329562
mistral7b_v03,mmlu_all,42,late,0.7799067362297427,0.7881711990396603,0.795004386167413,0.0150976499376702
mistral7b_v03,mmlu_all,42,final,0.7799067362297427,0.7709035504870956,0.7688720624220878,-0.0110346738076548
mistral7b_v03,mmlu_all,42,all,0.7799067362297427,0.7873401357403389,0.7845699247426012,0.0046631885128585
mistral7b_v03,mmlu_all,7,early,0.7284269818551179,0.6546008587654093,0.7016021053603583,-0.0268248764947596
mistral7b_v03,mmlu_all,7,middle,0.7284269818551179,0.6845191375409759,0.714529756683134,-0.0138972251719838
mistral7b_v03,mmlu_all,7,late,0.7284269818551179,0.7029872108592271,0.7189159240962186,-0.0095110577588992
mistral7b_v03,mmlu_all,7,final,0.7284269818551179,0.7206703910614525,0.7201163488619049,-0.0083106329932129
mistral7b_v03,mmlu_all,7,all,0.7284269818551179,0.7102359296366406,0.7156840112655247,-0.0127429705895931
mistral7b_v03,mmlu_all,123,early,0.7280114502054572,0.6660048940394293,0.6937531742001015,-0.0342582760053556
mistral7b_v03,mmlu_all,123,middle,0.7280114502054572,0.6678517013712545,0.6896901980700862,-0.0383212521353709
mistral7b_v03,mmlu_all,123,late,0.7280114502054572,0.7257491112239716,0.7295812364375087,0.0015697862320515
mistral7b_v03,mmlu_all,123,final,0.7280114502054572,0.7360450620988965,0.7374301675977654,0.0094187173923081
mistral7b_v03,mmlu_all,123,all,0.7280114502054572,0.697908490696708,0.6961540237314743,-0.0318574264739829
mistral7b_v03,mmlu_all,777,early,0.7414008033611893,0.6796250981116394,0.7340597442171846,-0.0073410591440047
mistral7b_v03,mmlu_all,777,middle,0.7414008033611893,0.726303153423519,0.7480493097557597,0.0066485063945703
mistral7b_v03,mmlu_all,777,late,0.7414008033611893,0.7343829355002539,0.7246871970081721,-0.0167136063530172
mistral7b_v03,mmlu_all,777,final,0.7414008033611893,0.7533127106514613,0.7358142111824184,-0.0055865921787708
mistral7b_v03,mmlu_all,777,all,0.7414008033611893,0.7443556950921094,0.7274574080059097,-0.0139433953552795
mistral7b_v03,mmlu_all,2025,early,0.7723348261692599,0.7070963571725379,0.7624082367606999,-0.0099265894085599
mistral7b_v03,mmlu_all,2025,middle,0.7723348261692599,0.7708573803037999,0.7831848192437325,0.0108499930744726
mistral7b_v03,mmlu_all,2025,late,0.7723348261692599,0.7573756867814765,0.7617618541945611,-0.0105729719746987
mistral7b_v03,mmlu_all,2025,final,0.7723348261692599,0.7542822845006695,0.7599612170460316,-0.0123736091232282
mistral7b_v03,mmlu_all,2025,all,0.7723348261692599,0.7522507964356618,0.7492959047047416,-0.0230389214645182
olmo2_7b_instruct,arc_challenge,42,early,0.8377525252525253,0.6477272727272727,0.8226010101010102,-0.0151515151515151
olmo2_7b_instruct,arc_challenge,42,middle,0.8377525252525253,0.711489898989899,0.8194444444444444,-0.0183080808080808
olmo2_7b_instruct,arc_challenge,42,late,0.8377525252525253,0.7159090909090909,0.7695707070707072,-0.0681818181818181
olmo2_7b_instruct,arc_challenge,42,final,0.8377525252525253,0.8181818181818182,0.8282828282828283,-0.009469696969697
olmo2_7b_instruct,arc_challenge,42,all,0.8377525252525253,0.8345959595959597,0.8434343434343433,0.005681818181818
olmo2_7b_instruct,arc_challenge,7,early,0.7108585858585859,0.5315656565656566,0.702020202020202,-0.0088383838383838
olmo2_7b_instruct,arc_challenge,7,middle,0.7108585858585859,0.5845959595959597,0.634469696969697,-0.0763888888888888
olmo2_7b_instruct,arc_challenge,7,late,0.7108585858585859,0.6862373737373737,0.6950757575757576,-0.0157828282828282
olmo2_7b_instruct,arc_challenge,7,final,0.7108585858585859,0.75,0.7140151515151515,0.0031565656565656
olmo2_7b_instruct,arc_challenge,7,all,0.7108585858585859,0.6767676767676768,0.6641414141414141,-0.0467171717171717
olmo2_7b_instruct,arc_challenge,123,early,0.7525252525252525,0.3888888888888889,0.6963383838383838,-0.0561868686868687
olmo2_7b_instruct,arc_challenge,123,middle,0.7525252525252525,0.6224747474747476,0.6672979797979798,-0.0852272727272727
olmo2_7b_instruct,arc_challenge,123,late,0.7525252525252525,0.7481060606060607,0.7720959595959597,0.0195707070707071
olmo2_7b_instruct,arc_challenge,123,final,0.7525252525252525,0.7285353535353536,0.7544191919191918,0.0018939393939393
olmo2_7b_instruct,arc_challenge,123,all,0.7525252525252525,0.6571969696969697,0.69760101010101,-0.0549242424242424
olmo2_7b_instruct,arc_challenge,777,early,0.7935606060606061,0.6003787878787878,0.8327020202020202,0.0391414141414141
olmo2_7b_instruct,arc_challenge,777,middle,0.7935606060606061,0.6849747474747474,0.759469696969697,-0.034090909090909
olmo2_7b_instruct,arc_challenge,777,late,0.7935606060606061,0.8156565656565656,0.8169191919191919,0.0233585858585858
olmo2_7b_instruct,arc_challenge,777,final,0.7935606060606061,0.8282828282828283,0.8131313131313131,0.019570707070707
olmo2_7b_instruct,arc_challenge,777,all,0.7935606060606061,0.8118686868686869,0.8219696969696969,0.0284090909090908
olmo2_7b_instruct,arc_challenge,2025,early,0.8440656565656566,0.5410353535353536,0.7531565656565657,-0.0909090909090908
olmo2_7b_instruct,arc_challenge,2025,middle,0.8440656565656566,0.6868686868686867,0.7386363636363636,-0.1054292929292929
olmo2_7b_instruct,arc_challenge,2025,late,0.8440656565656566,0.7455808080808081,0.7411616161616161,-0.1029040404040404
olmo2_7b_instruct,arc_challenge,2025,final,0.8440656565656566,0.7859848484848484,0.7657828282828283,-0.0782828282828282
olmo2_7b_instruct,arc_challenge,2025,all,0.8440656565656566,0.7720959595959596,0.7626262626262627,-0.0814393939393939
olmo2_7b_instruct,commonsenseqa,42,early,0.7601894131574498,0.5017193753875642,0.725463667625007,-0.0347257455324427
olmo2_7b_instruct,commonsenseqa,42,middle,0.7601894131574498,0.6858334742657421,0.7620497209538305,0.0018603077963806
olmo2_7b_instruct,commonsenseqa,42,late,0.7601894131574498,0.7795817126106318,0.7950279046169456,0.0348384914594958
olmo2_7b_instruct,commonsenseqa,42,final,0.7601894131574498,0.7432211511359151,0.7632899261514178,0.0031005129939679
olmo2_7b_instruct,commonsenseqa,42,all,0.7601894131574498,0.7692090873217204,0.7784542533400981,0.0182648401826482
olmo2_7b_instruct,commonsenseqa,7,early,0.7627825694796775,0.5227464907830205,0.7303117424883026,-0.0324708269913749
olmo2_7b_instruct,commonsenseqa,7,middle,0.7627825694796775,0.6466542646146908,0.7101302215457468,-0.0526523479339307
olmo2_7b_instruct,commonsenseqa,7,late,0.7627825694796775,0.7313828287953097,0.7242798353909464,-0.038502734088731
olmo2_7b_instruct,commonsenseqa,7,final,0.7627825694796775,0.7134562263938216,0.726027397260274,-0.0367551722194035
olmo2_7b_instruct,commonsenseqa,7,all,0.7627825694796775,0.7171768419865833,0.7084390326399458,-0.0543435368397317
olmo2_7b_instruct,commonsenseqa,123,early,0.7910254242065505,0.5177292970291448,0.7423191837194881,-0.0487062404870624
olmo2_7b_instruct,commonsenseqa,123,middle,0.7910254242065505,0.6540954958002142,0.7537628953154067,-0.0372625288911437
olmo2_7b_instruct,commonsenseqa,123,late,0.7910254242065505,0.7727042110603755,0.7889396245560629,-0.0020857996504876
olmo2_7b_instruct,commonsenseqa,123,final,0.7910254242065505,0.748576582670951,0.7661085743277525,-0.024916849878798
olmo2_7b_instruct,commonsenseqa,123,all,0.7910254242065505,0.7561305597835278,0.780483680027059,-0.0105417441794914
olmo2_7b_instruct,commonsenseqa,777,early,0.7781723885224646,0.5052708720897457,0.7358926658774452,-0.0422797226450194
olmo2_7b_instruct,commonsenseqa,777,middle,0.7781723885224646,0.6642426292350189,0.7583291053610688,-0.0198432831613958
olmo2_7b_instruct,commonsenseqa,777,late,0.7781723885224646,0.7764248266531372,0.7847116522915609,0.0065392637690963
olmo2_7b_instruct,commonsenseqa,777,final,0.7781723885224646,0.7765939455437172,0.7857827385985681,0.0076103500761034
olmo2_7b_instruct,commonsenseqa,777,all,0.7781723885224646,0.7630080613337844,0.7732679406956424,-0.0049044478268222
olmo2_7b_instruct,commonsenseqa,2025,early,0.7685326117594004,0.5502001240205198,0.7481255989627373,-0.020407012796663
olmo2_7b_instruct,commonsenseqa,2025,middle,0.7685326117594004,0.6578724843565026,0.7469981396922036,-0.0215344720671967
olmo2_7b_instruct,commonsenseqa,2025,late,0.7685326117594004,0.748745701561531,0.7768758103613507,0.0083431986019503
olmo2_7b_instruct,commonsenseqa,2025,final,0.7685326117594004,0.7230396301933594,0.7546648627318338,-0.0138677490275666
olmo2_7b_instruct,commonsenseqa,2025,all,0.7685326117594004,0.7362309036586053,0.7638536557866847,-0.0046789559727156
olmo2_7b_instruct,hellaswag,42,early,0.7483852583586627,0.6104673252279635,0.7575037993920972,0.0091185410334345
olmo2_7b_instruct,hellaswag,42,middle,0.7483852583586627,0.593987462006079,0.7263487841945288,-0.0220364741641339
olmo2_7b_instruct,hellaswag,42,late,0.7483852583586627,0.7419737841945289,0.7813924772036474,0.0330072188449847
olmo2_7b_instruct,hellaswag,42,final,0.7483852583586627,0.7536094224924011,0.7907009878419453,0.0423157294832826
olmo2_7b_instruct,hellaswag,42,all,0.7483852583586627,0.7320478723404256,0.7652450607902735,0.0168598024316108
olmo2_7b_instruct,hellaswag,7,early,0.6905870060790275,0.6239551671732522,0.6946713525835867,0.0040843465045592
olmo2_7b_instruct,hellaswag,7,middle,0.6905870060790275,0.5919927811550152,0.6786664133738601,-0.0119205927051673
olmo2_7b_instruct,hellaswag,7,late,0.6905870060790275,0.6624715045592705,0.6902070668693009,-0.0003799392097265
olmo2_7b_instruct,hellaswag,7,final,0.6905870060790275,0.7157579787234042,0.7209346504559271,0.0303476443768996
olmo2_7b_instruct,hellaswag,7,all,0.6905870060790275,0.6900645896656534,0.709488981762918,0.0189019756838905
olmo2_7b_instruct,hellaswag,123,early,0.6894946808510638,0.6309365501519757,0.7145231762917933,0.0250284954407294
olmo2_7b_instruct,hellaswag,123,middle,0.6894946808510638,0.652830547112462,0.7196998480243162,0.0302051671732523
olmo2_7b_instruct,hellaswag,123,late,0.6894946808510638,0.7603058510638299,0.7719414893617021,0.0824468085106383
olmo2_7b_instruct,hellaswag,123,final,0.6894946808510638,0.7332826747720365,0.7376994680851064,0.0482047872340426
olmo2_7b_instruct,hellaswag,123,all,0.6894946808510638,0.7371770516717326,0.7347074468085106,0.0452127659574468
olmo2_7b_instruct,hellaswag,777,early,0.7209821428571428,0.6202032674772036,0.7312879939209727,0.0103058510638298
olmo2_7b_instruct,hellaswag,777,middle,0.7209821428571428,0.6145516717325227,0.7020326747720363,-0.0189494680851064
olmo2_7b_instruct,hellaswag,777,late,0.7209821428571428,0.720934650455927,0.721931990881459,0.0009498480243161
olmo2_7b_instruct,hellaswag,777,final,0.7209821428571428,0.7127184650455927,0.7383643617021278,0.017382218844985
olmo2_7b_instruct,hellaswag,777,all,0.7209821428571428,0.724354103343465,0.7327602583586625,0.0117781155015197
olmo2_7b_instruct,hellaswag,2025,early,0.6916318389057751,0.5845364741641338,0.6973784194528875,0.0057465805471124
olmo2_7b_instruct,hellaswag,2025,middle,0.6916318389057751,0.6263297872340426,0.711673632218845,0.0200417933130699
olmo2_7b_instruct,hellaswag,2025,late,0.6916318389057751,0.7108662613981763,0.7408339665653496,0.0492021276595745
olmo2_7b_instruct,hellaswag,2025,final,0.6916318389057751,0.6961436170212766,0.7282009878419453,0.0365691489361702
olmo2_7b_instruct,hellaswag,2025,all,0.6916318389057751,0.695573708206687,0.7274411094224924,0.0358092705167173
olmo2_7b_instruct,mmlu_all,42,early,0.7651178451178452,0.6474971941638608,0.7378675645342312,-0.027250280583614
olmo2_7b_instruct,mmlu_all,42,middle,0.7651178451178452,0.7185185185185186,0.7529517396184063,-0.0121661054994388
olmo2_7b_instruct,mmlu_all,42,late,0.7651178451178452,0.7516947250280583,0.7639955106621772,-0.001122334455668
olmo2_7b_instruct,mmlu_all,42,final,0.7651178451178452,0.7759820426487093,0.7825813692480358,0.0174635241301905
olmo2_7b_instruct,mmlu_all,42,all,0.7651178451178452,0.7517845117845118,0.7612570145903479,-0.0038608305274973
olmo2_7b_instruct,mmlu_all,7,early,0.7732884399551067,0.6873176206509538,0.7489113355780023,-0.0243771043771043
olmo2_7b_instruct,mmlu_all,7,middle,0.7732884399551067,0.7314029180695848,0.7571268237934905,-0.0161616161616161
olmo2_7b_instruct,mmlu_all,7,late,0.7732884399551067,0.7661952861952863,0.7770594837261504,0.0037710437710437
olmo2_7b_instruct,mmlu_all,7,final,0.7732884399551067,0.7647586980920315,0.7654769921436587,-0.0078114478114479
olmo2_7b_instruct,mmlu_all,7,all,0.7732884399551067,0.7727946127946128,0.774006734006734,0.0007182940516273
olmo2_7b_instruct,mmlu_all,123,early,0.7134455667789001,0.6453872053872054,0.7235465768799102,0.01010101010101
olmo2_7b_instruct,mmlu_all,123,middle,0.7134455667789001,0.7012345679012345,0.7283501683501684,0.0149046015712682
olmo2_7b_instruct,mmlu_all,123,late,0.7134455667789001,0.7287542087542087,0.7328395061728395,0.0193939393939394
olmo2_7b_instruct,mmlu_all,123,final,0.7134455667789001,0.7163636363636363,0.7134904601571268,4.4893378226662506e-05
olmo2_7b_instruct,mmlu_all,123,all,0.7134455667789001,0.7180695847362515,0.7221997755331089,0.0087542087542087
olmo2_7b_instruct,mmlu_all,777,early,0.7631874298540966,0.66006734006734,0.7493602693602694,-0.0138271604938271
olmo2_7b_instruct,mmlu_all,777,middle,0.7631874298540966,0.7144332210998877,0.7357575757575757,-0.0274298540965208
olmo2_7b_instruct,mmlu_all,777,late,0.7631874298540966,0.7605387205387206,0.7544781144781144,-0.0087093153759821
olmo2_7b_instruct,mmlu_all,777,final,0.7631874298540966,0.7554657687991021,0.7579797979797979,-0.0052076318742987
olmo2_7b_instruct,mmlu_all,777,all,0.7631874298540966,0.7377328843995511,0.7369696969696969,-0.0262177328843996
olmo2_7b_instruct,mmlu_all,2025,early,0.7464870931537598,0.6223569023569024,0.7250729517396185,-0.0214141414141413
olmo2_7b_instruct,mmlu_all,2025,middle,0.7464870931537598,0.6693602693602694,0.7133557800224466,-0.0331313131313132
olmo2_7b_instruct,mmlu_all,2025,late,0.7464870931537598,0.717037037037037,0.7178900112233446,-0.0285970819304152
olmo2_7b_instruct,mmlu_all,2025,final,0.7464870931537598,0.7276767676767677,0.731223344556678,-0.0152637485970817
olmo2_7b_instruct,mmlu_all,2025,all,0.7464870931537598,0.7232772166105499,0.7314478114478115,-0.0150392817059483
qwen25_7b,arc_challenge,42,early,0.8834019204389576,0.4499314128943758,0.6282578875171467,-0.2551440329218108
qwen25_7b,arc_challenge,42,middle,0.8834019204389576,0.5582990397805212,0.7146776406035665,-0.168724279835391
qwen25_7b,arc_challenge,42,late,0.8834019204389576,0.6529492455418381,0.7270233196159122,-0.1563786008230454
qwen25_7b,arc_challenge,42,final,0.8834019204389576,0.5486968449931413,0.6145404663923182,-0.2688614540466394
qwen25_7b,arc_challenge,42,all,0.8834019204389576,0.6831275720164608,0.728395061728395,-0.1550068587105626
qwen25_7b,arc_challenge,7,early,0.7750342935528121,0.4334705075445816,0.6131687242798354,-0.1618655692729766
qwen25_7b,arc_challenge,7,middle,0.7750342935528121,0.5802469135802469,0.6556927297668038,-0.1193415637860082
qwen25_7b,arc_challenge,7,late,0.7750342935528121,0.6584362139917694,0.6625514403292181,-0.1124828532235939
qwen25_7b,arc_challenge,7,final,0.7750342935528121,0.5733882030178327,0.5871056241426611,-0.1879286694101509
qwen25_7b,arc_challenge,7,all,0.7750342935528121,0.6049382716049383,0.6556927297668038,-0.1193415637860082
qwen25_7b,arc_challenge,123,early,0.914951989026063,0.4663923182441701,0.6735253772290809,-0.2414266117969821
qwen25_7b,arc_challenge,123,middle,0.914951989026063,0.5706447187928669,0.7379972565157751,-0.1769547325102879
qwen25_7b,arc_challenge,123,late,0.914951989026063,0.6680384087791494,0.7133058984910837,-0.2016460905349792
qwen25_7b,arc_challenge,123,final,0.914951989026063,0.7421124828532235,0.766803840877915,-0.148148148148148
qwen25_7b,arc_challenge,123,all,0.914951989026063,0.7187928669410151,0.7503429355281206,-0.1646090534979424
qwen25_7b,arc_challenge,777,early,0.7654320987654321,0.5006858710562414,0.6186556927297667,-0.1467764060356653
qwen25_7b,arc_challenge,777,middle,0.7654320987654321,0.3264746227709191,0.6364883401920438,-0.1289437585733882
qwen25_7b,arc_challenge,777,late,0.7654320987654321,0.7187928669410151,0.6762688614540466,-0.0891632373113854
qwen25_7b,arc_challenge,777,final,0.7654320987654321,0.7352537722908092,0.7462277091906722,-0.0192043895747598
qwen25_7b,arc_challenge,777,all,0.7654320987654321,0.5857338820301783,0.5733882030178326,-0.1920438957475995
qwen25_7b,arc_challenge,2025,early,0.8134430727023321,0.448559670781893,0.6282578875171467,-0.1851851851851853
qwen25_7b,arc_challenge,2025,middle,0.8134430727023321,0.6310013717421125,0.6803840877914952,-0.1330589849108369
qwen25_7b,arc_challenge,2025,late,0.8134430727023321,0.5541838134430728,0.6447187928669409,-0.1687242798353911
qwen25_7b,arc_challenge,2025,final,0.8134430727023321,0.6337448559670782,0.5967078189300412,-0.2167352537722908
qwen25_7b,arc_challenge,2025,all,0.8134430727023321,0.6378600823045267,0.6447187928669411,-0.1687242798353909
qwen25_7b,commonsenseqa,42,early,0.8339317088075777,0.5078298067374531,0.7343976777939042,-0.0995340310136735
qwen25_7b,commonsenseqa,42,middle,0.8339317088075777,0.4576426552593384,0.729967153005882,-0.1039645558016957
qwen25_7b,commonsenseqa,42,late,0.8339317088075777,0.7770987701474295,0.8136887938278207,-0.020242914979757
qwen25_7b,commonsenseqa,42,final,0.8339317088075777,0.8116263081506379,0.7884042471927278,-0.0455274616148498
qwen25_7b,commonsenseqa,42,all,0.8339317088075777,0.7316476968909938,0.7573141853181575,-0.0766175234894201
qwen25_7b,commonsenseqa,7,early,0.841341379573753,0.5424337330990757,0.7962722481093881,-0.0450691314643648
qwen25_7b,commonsenseqa,7,middle,0.841341379573753,0.5471698113207548,0.7767932167137728,-0.0645481628599802
qwen25_7b,commonsenseqa,7,late,0.841341379573753,0.7505920097777099,0.7926056069055076,-0.0487357726682453
qwen25_7b,commonsenseqa,7,final,0.841341379573753,0.8026888702161791,0.8008555496142388,-0.0404858299595142
qwen25_7b,commonsenseqa,7,all,0.841341379573753,0.7648766328011611,0.8058207929111603,-0.0355205866625927
qwen25_7b,commonsenseqa,123,early,0.8362233595600032,0.5822320678328623,0.8252234359483615,-0.0109999236116417
qwen25_7b,commonsenseqa,123,middle,0.8362233595600032,0.5578641814987396,0.7838209456878772,-0.0524024138721259
qwen25_7b,commonsenseqa,123,late,0.8362233595600032,0.739515697807654,0.7865709265907876,-0.0496524329692155
qwen25_7b,commonsenseqa,123,final,0.8362233595600032,0.8112443663585669,0.7932931021312352,-0.0429302574287679
qwen25_7b,commonsenseqa,123,all,0.8362233595600032,0.788480635551142,0.8091054923229701,-0.027117867237033
qwen25_7b,commonsenseqa,777,early,0.8025360934993507,0.5552669773126575,0.7675502253456572,-0.0349858681536935
qwen25_7b,commonsenseqa,777,middle,0.8025360934993507,0.5629058131540754,0.742036513635322,-0.0604995798640287
qwen25_7b,commonsenseqa,777,late,0.8025360934993507,0.7301963180811245,0.7505920097777099,-0.0519440837216408
qwen25_7b,commonsenseqa,777,final,0.8025360934993507,0.7548697578489039,0.7459323199144451,-0.0566037735849056
qwen25_7b,commonsenseqa,777,all,0.8025360934993507,0.7269880070277289,0.7631960889160492,-0.0393400045833015
qwen25_7b,commonsenseqa,2025,early,0.847376059888473,0.5526697731265755,0.7882514704758996,-0.0591245894125733
qwen25_7b,commonsenseqa,2025,middle,0.847376059888473,0.5644335803223589,0.7722099152089222,-0.0751661446795507
qwen25_7b,commonsenseqa,2025,late,0.847376059888473,0.7627377587655643,0.785425101214575,-0.0619509586738979
qwen25_7b,commonsenseqa,2025,final,0.847376059888473,0.8078832785883432,0.8041402490260485,-0.0432358108624244
qwen25_7b,commonsenseqa,2025,all,0.847376059888473,0.7795431976166832,0.8102513176991827,-0.0371247421892902
qwen25_7b,hellaswag,42,early,0.876981868444589,0.6613545816733067,0.8373851532644931,-0.0395967151800958
qwen25_7b,hellaswag,42,middle,0.876981868444589,0.6549312952272542,0.8446215139442232,-0.0323603545003657
qwen25_7b,hellaswag,42,late,0.876981868444589,0.8381982274981705,0.8499064964631271,-0.0270753719814619
qwen25_7b,hellaswag,42,final,0.876981868444589,0.8315310187820149,0.8307179445483373,-0.0462639238962517
qwen25_7b,hellaswag,42,all,0.876981868444589,0.8664932108301489,0.869095048377917,-0.007886820066672
qwen25_7b,hellaswag,7,early,0.8750304902837629,0.6308642979103992,0.8549475567119279,-0.0200829335718349
qwen25_7b,hellaswag,7,middle,0.8750304902837629,0.6650134157248557,0.8525083340108952,-0.0225221562728676
qwen25_7b,hellaswag,7,late,0.8750304902837629,0.882917310350435,0.897796568826734,0.022766078542971
qwen25_7b,hellaswag,7,final,0.8750304902837629,0.8929994308480363,0.8899910561834296,0.0149605658996666
qwen25_7b,hellaswag,7,all,0.8750304902837629,0.8823481583868608,0.8881209854459712,0.0130904951622082
qwen25_7b,hellaswag,123,early,0.8638913732823806,0.6041954630457761,0.8251077323359622,-0.0387836409464183
qwen25_7b,hellaswag,123,middle,0.8638913732823806,0.615415887470526,0.8186031384665419,-0.0452882348158387
qwen25_7b,hellaswag,123,late,0.8638913732823806,0.8465728921050492,0.8374664606878609,-0.0264249125945197
qwen25_7b,hellaswag,123,final,0.8638913732823806,0.8576307016830638,0.8596633872672576,-0.004227986015123
qwen25_7b,hellaswag,123,all,0.8638913732823806,0.8333197820961055,0.8411252947394097,-0.0227660785429709
qwen25_7b,hellaswag,777,early,0.8886901374095455,0.6592405886657452,0.8454345881779006,-0.0432555492316448
qwen25_7b,hellaswag,777,middle,0.8886901374095455,0.6056589966663957,0.8430766729002358,-0.0456134645093097
qwen25_7b,hellaswag,777,late,0.8886901374095455,0.8684445889909749,0.8682006667208716,-0.0204894706886739
qwen25_7b,hellaswag,777,final,0.8886901374095455,0.8947068867387592,0.8874705260590291,-0.0012196113505164
qwen25_7b,hellaswag,777,all,0.8886901374095455,0.8593381575737865,0.8638913732823807,-0.0247987641271647
qwen25_7b,hellaswag,2025,early,0.8526709488576307,0.6529799170664281,0.8303927148548663,-0.0222782340027644
qwen25_7b,hellaswag,2025,middle,0.8526709488576307,0.65110984632897,0.8376290755345964,-0.0150418733230343
qwen25_7b,hellaswag,2025,late,0.8526709488576307,0.8155134563785673,0.8145377672981543,-0.0381331815594764
qwen25_7b,hellaswag,2025,final,0.8526709488576307,0.8554354012521344,0.8497438816163915,-0.0029270672412392
qwen25_7b,hellaswag,2025,all,0.8526709488576307,0.8406374501992032,0.842670135783397,-0.0100008130742337
qwen25_7b,mmlu_all,42,early,0.8308600770218229,0.6478562259306804,0.810834403080873,-0.0200256739409498
qwen25_7b,mmlu_all,42,middle,0.8308600770218229,0.690012836970475,0.8117073170731707,-0.0191527599486521
qwen25_7b,mmlu_all,42,late,0.8308600770218229,0.7891655969191271,0.8185879332477536,-0.0122721437740692
qwen25_7b,mmlu_all,42,final,0.8308600770218229,0.7874711168164313,0.8156611039794608,-0.015198973042362
qwen25_7b,mmlu_all,42,all,0.8308600770218229,0.7991784338896021,0.8261360718870346,-0.0047240051347882
qwen25_7b,mmlu_all,7,early,0.8677278562259307,0.6366623876765083,0.8481129653401799,-0.0196148908857508
qwen25_7b,mmlu_all,7,middle,0.8677278562259307,0.6936585365853658,0.8429781771501925,-0.0247496790757382
qwen25_7b,mmlu_all,7,late,0.8677278562259307,0.8050834403080872,0.8267522464698333,-0.0409756097560974
qwen25_7b,mmlu_all,7,final,0.8677278562259307,0.8183311938382541,0.834813863928113,-0.0329139922978177
qwen25_7b,mmlu_all,7,all,0.8677278562259307,0.8222336328626445,0.8386649550706035,-0.0290629011553272
qwen25_7b,mmlu_all,123,early,0.8581258023106547,0.6351732991014121,0.8181258023106548,-0.0399999999999999
qwen25_7b,mmlu_all,123,middle,0.8581258023106547,0.6736328626444159,0.8291142490372273,-0.0290115532734274
qwen25_7b,mmlu_all,123,late,0.8581258023106547,0.8204878048780487,0.8376379974326059,-0.0204878048780488
qwen25_7b,mmlu_all,123,final,0.8581258023106547,0.8307573812580231,0.8477535301668807,-0.010372272143774
qwen25_7b,mmlu_all,123,all,0.8581258023106547,0.8183311938382541,0.8411296534017972,-0.0169961489088574
qwen25_7b,mmlu_all,777,early,0.8462130937098845,0.6790757381258024,0.8369704749679076,-0.0092426187419769
qwen25_7b,mmlu_all,777,middle,0.8462130937098845,0.6808729139922979,0.8111424903722722,-0.0350706033376123
qwen25_7b,mmlu_all,777,late,0.8462130937098845,0.8159691912708601,0.8170988446726574,-0.0291142490372271
qwen25_7b,mmlu_all,777,final,0.8462130937098845,0.8161232349165597,0.8267008985879332,-0.0195121951219513
qwen25_7b,mmlu_all,777,all,0.8462130937098845,0.818382541720154,0.8202310654685495,-0.0259820282413349
qwen25_7b,mmlu_all,2025,early,0.8682926829268293,0.7261103979460848,0.8574069319640565,-0.0108857509627727
qwen25_7b,mmlu_all,2025,middle,0.8682926829268293,0.7592297817715019,0.8575096277278562,-0.010783055198973
qwen25_7b,mmlu_all,2025,late,0.8682926829268293,0.8418998716302952,0.8607445442875481,-0.0075481386392811
qwen25_7b,mmlu_all,2025,final,0.8682926829268293,0.858023106546855,0.8578690629011553,-0.0104236200256739
qwen25_7b,mmlu_all,2025,all,0.8682926829268293,0.8516559691912708,0.8662387676508345,-0.0020539152759947
gemma2_9b_it,arc_challenge,0,early,0.8623063683304647,0.576592082616179,0.7418244406196213,-0.1204819277108434
gemma2_9b_it,arc_challenge,0,middle,0.8623063683304647,0.7108433734939759,0.8003442340791739,-0.0619621342512908
gemma2_9b_it,arc_challenge,0,late,0.8623063683304647,0.7882960413080895,0.819277108433735,-0.0430292598967296
gemma2_9b_it,arc_challenge,0,final,0.8623063683304647,0.7263339070567987,0.7469879518072289,-0.1153184165232358
gemma2_9b_it,arc_challenge,0,all,0.8623063683304647,0.7590361445783133,0.76592082616179,-0.0963855421686746
gemma2_9b_it,arc_challenge,1,early,0.8967297762478486,0.657487091222031,0.8450946643717728,-0.0516351118760757
gemma2_9b_it,arc_challenge,1,middle,0.8967297762478486,0.7349397590361446,0.9500860585197932,0.0533562822719447
gemma2_9b_it,arc_challenge,1,late,0.8967297762478486,0.8278829604130808,0.8777969018932875,-0.018932874354561
gemma2_9b_it,arc_challenge,1,final,0.8967297762478486,0.8743545611015491,0.8898450946643718,-0.0068846815834767
gemma2_9b_it,arc_challenge,1,all,0.8967297762478486,0.9036144578313252,0.9242685025817556,0.0275387263339069
gemma2_9b_it,arc_challenge,2,early,0.8175559380378657,0.4561101549053357,0.7624784853700517,-0.055077452667814
gemma2_9b_it,arc_challenge,2,middle,0.8175559380378657,0.5679862306368331,0.7659208261617899,-0.0516351118760758
gemma2_9b_it,arc_challenge,2,late,0.8175559380378657,0.6368330464716008,0.7280550774526678,-0.0895008605851979
gemma2_9b_it,arc_challenge,2,final,0.8175559380378657,0.6299483648881239,0.6815834767641996,-0.1359724612736661
gemma2_9b_it,arc_challenge,2,all,0.8175559380378657,0.7039586919104991,0.8106712564543891,-0.0068846815834766
gemma2_9b_it,arc_challenge,3,early,0.9414802065404474,0.495697074010327,0.8330464716006886,-0.1084337349397588
gemma2_9b_it,arc_challenge,3,middle,0.9414802065404474,0.6437177280550774,0.7848537005163512,-0.1566265060240962
gemma2_9b_it,arc_challenge,3,late,0.9414802065404474,0.7177280550774527,0.8227194492254732,-0.1187607573149741
gemma2_9b_it,arc_challenge,3,final,0.9414802065404474,0.8932874354561101,0.9311531841652324,-0.0103270223752149
gemma2_9b_it,arc_challenge,3,all,0.9414802065404474,0.7246127366609295,0.7986230636833046,-0.1428571428571428
gemma2_9b_it,arc_challenge,4,early,0.919104991394148,0.3493975903614458,0.6454388984509467,-0.2736660929432013
gemma2_9b_it,arc_challenge,4,middle,0.919104991394148,0.4681583476764199,0.7074010327022375,-0.2117039586919105
gemma2_9b_it,arc_challenge,4,late,0.919104991394148,0.7228915662650602,0.7383820998278829,-0.1807228915662651
gemma2_9b_it,arc_challenge,4,final,0.919104991394148,0.7280550774526678,0.7349397590361446,-0.1841652323580034
gemma2_9b_it,arc_challenge,4,all,0.919104991394148,0.5800344234079173,0.6901893287435455,-0.2289156626506024
gemma2_9b_it,commonsenseqa,0,early,0.8314245529435403,0.5373384234143728,0.7769740807715492,-0.0544504721719911
gemma2_9b_it,commonsenseqa,0,middle,0.8314245529435403,0.6249413970932958,0.7832027325698211,-0.0482218203737192
gemma2_9b_it,commonsenseqa,0,late,0.8314245529435403,0.7780456767798541,0.7850110508338356,-0.0464135021097047
gemma2_9b_it,commonsenseqa,0,final,0.8314245529435403,0.8209764918625679,0.8151496885674102,-0.0162748643761301
gemma2_9b_it,commonsenseqa,0,all,0.8314245529435403,0.7681334137030339,0.7724867724867726,-0.0589377804567677
gemma2_9b_it,commonsenseqa,1,early,0.7925122228919698,0.5526086665327172,0.7543366150961088,-0.0381756077958609
gemma2_9b_it,commonsenseqa,1,middle,0.7925122228919698,0.65086062554417,0.7779787020293351,-0.0145335208626347
gemma2_9b_it,commonsenseqa,1,late,0.7925122228919698,0.7933159198981984,0.7992096979438751,0.0066974750519053
gemma2_9b_it,commonsenseqa,1,final,0.7925122228919698,0.7700087067175675,0.7805237425490589,-0.0119884803429108
gemma2_9b_it,commonsenseqa,1,all,0.7925122228919698,0.7738262674971537,0.789163485366017,-0.0033487375259527
gemma2_9b_it,commonsenseqa,2,early,0.8426093362802224,0.5673431116469092,0.788024914607193,-0.0545844216730293
gemma2_9b_it,commonsenseqa,2,middle,0.8426093362802224,0.7018284106891702,0.8158864108231197,-0.0267229254571026
gemma2_9b_it,commonsenseqa,2,late,0.8426093362802224,0.8013528899604849,0.8162212845757151,-0.0263880517045073
gemma2_9b_it,commonsenseqa,2,final,0.8426093362802224,0.8379880784944076,0.82010582010582,-0.0225035161744023
gemma2_9b_it,commonsenseqa,2,all,0.8426093362802224,0.8001473444511419,0.8085861630165427,-0.0340231732636796
gemma2_9b_it,commonsenseqa,3,early,0.8160873350746769,0.6060545174469226,0.7961288594199987,-0.0199584756546782
gemma2_9b_it,commonsenseqa,3,middle,0.8160873350746769,0.6464402920099123,0.7880249146071931,-0.0280624204674837
gemma2_9b_it,commonsenseqa,3,late,0.8160873350746769,0.8259995981514969,0.8168910320809055,0.0008036970062286
gemma2_9b_it,commonsenseqa,3,final,0.8160873350746769,0.8280758154175876,0.8109972540352288,-0.005090081039448
gemma2_9b_it,commonsenseqa,3,all,0.8160873350746769,0.8214453151162012,0.8069787690040854,-0.0091085660705915
gemma2_9b_it,commonsenseqa,4,early,0.779251222289197,0.4761235014399571,0.7056459714687563,-0.0736052508204406
gemma2_9b_it,commonsenseqa,4,middle,0.779251222289197,0.6163016542763379,0.7367222557095975,-0.0425289665795994
gemma2_9b_it,commonsenseqa,4,late,0.779251222289197,0.7487777108030272,0.7604982921438618,-0.0187529301453351
gemma2_9b_it,commonsenseqa,4,final,0.779251222289197,0.736186457705445,0.7494474583082178,-0.0298037639809791
gemma2_9b_it,commonsenseqa,4,all,0.779251222289197,0.705244122965642,0.7144196637867524,-0.0648315585024446
gemma2_9b_it,hellaswag,0,early,0.7841232841232842,0.519036519036519,0.7285677285677287,-0.0555555555555555
gemma2_9b_it,hellaswag,0,middle,0.7841232841232842,0.6486013986013985,0.7277259777259778,-0.0563973063973064
gemma2_9b_it,hellaswag,0,late,0.7841232841232842,0.7661227661227662,0.7553095053095054,-0.0288137788137788
gemma2_9b_it,hellaswag,0,final,0.7841232841232842,0.7947422947422949,0.7923465423465426,0.0082232582232583
gemma2_9b_it,hellaswag,0,all,0.7841232841232842,0.7357549857549858,0.7286324786324786,-0.0554908054908056
gemma2_9b_it,hellaswag,1,early,0.7683242683242684,0.4792152292152293,0.6981999481999482,-0.0701243201243201
gemma2_9b_it,hellaswag,1,middle,0.7683242683242684,0.6502849002849005,0.7446257446257446,-0.0236985236985237
gemma2_9b_it,hellaswag,1,late,0.7683242683242684,0.7871665371665373,0.7884615384615385,0.0201372701372701
gemma2_9b_it,hellaswag,1,final,0.7683242683242684,0.7505180005180005,0.750906500906501,-0.0174177674177673
gemma2_9b_it,hellaswag,1,all,0.7683242683242684,0.7297332297332297,0.7345247345247345,-0.0337995337995338
gemma2_9b_it,hellaswag,2,early,0.787037037037037,0.538979538979539,0.7680652680652682,-0.0189717689717687
gemma2_9b_it,hellaswag,2,middle,0.787037037037037,0.7187257187257187,0.8253043253043253,0.0382672882672883
gemma2_9b_it,hellaswag,2,late,0.787037037037037,0.8104765604765606,0.7959077959077958,0.0088707588707588
gemma2_9b_it,hellaswag,2,final,0.787037037037037,0.7735042735042734,0.7706552706552707,-0.0163817663817662
gemma2_9b_it,hellaswag,2,all,0.787037037037037,0.7915695415695415,0.7875550375550376,0.0005180005180006
gemma2_9b_it,hellaswag,3,early,0.8054908054908055,0.5387852887852889,0.7580937580937582,-0.0473970473970473
gemma2_9b_it,hellaswag,3,middle,0.8054908054908055,0.6639471639471639,0.793965293965294,-0.0115255115255115
gemma2_9b_it,hellaswag,3,late,0.8054908054908055,0.7813390313390315,0.798044548044548,-0.0074462574462574
gemma2_9b_it,hellaswag,3,final,0.8054908054908055,0.7905335405335404,0.7931882931882932,-0.0123025123025123
gemma2_9b_it,hellaswag,3,all,0.8054908054908055,0.7874255374255374,0.7834757834757835,-0.022015022015022
gemma2_9b_it,hellaswag,4,early,0.7764180264180264,0.5414400414400415,0.7325174825174826,-0.0439005439005437
gemma2_9b_it,hellaswag,4,middle,0.7764180264180264,0.6427738927738927,0.7496114996114996,-0.0268065268065267
gemma2_9b_it,hellaswag,4,late,0.7764180264180264,0.7534317534317535,0.7617845117845118,-0.0146335146335145
gemma2_9b_it,hellaswag,4,final,0.7764180264180264,0.763014763014763,0.7759000259000259,-0.0005180005180004
gemma2_9b_it,hellaswag,4,all,0.7764180264180264,0.7415824915824917,0.7522015022015022,-0.0242165242165242
gemma2_9b_it,mmlu,0,early,0.8788319534571493,0.7913962855224883,0.874580443052137,-0.0042515104050122
gemma2_9b_it,mmlu,0,middle,0.8788319534571493,0.823618259118371,0.868762586708436,-0.0100693667487132
gemma2_9b_it,mmlu,0,late,0.8788319534571493,0.8627769075855896,0.8764264936227345,-0.0024054598344147
gemma2_9b_it,mmlu,0,final,0.8788319534571493,0.8708324009845603,0.872398746923249,-0.0064332065339002
gemma2_9b_it,mmlu,0,all,0.8788319534571493,0.8594204520026851,0.8617699709107184,-0.0170619825464308
gemma2_9b_it,mmlu,1,early,0.8786081897516222,0.8076191541731931,0.9002013873349743,0.021593197583352
gemma2_9b_it,mmlu,1,middle,0.8786081897516222,0.8812374132915641,0.8921458939360035,0.0135377041843812
gemma2_9b_it,mmlu,1,late,0.8786081897516222,0.8608189751622288,0.8670843589169837,-0.0115238308346385
gemma2_9b_it,mmlu,1,final,0.8786081897516222,0.8964533452673975,0.8986350413962856,0.0200268516446633
gemma2_9b_it,mmlu,1,all,0.8786081897516222,0.8868315059297383,0.8856008055493398,0.0069926157977175
gemma2_9b_it,mmlu,2,early,0.8594204520026851,0.7017789214589394,0.8087379727008278,-0.0506824793018573
gemma2_9b_it,mmlu,2,middle,0.8594204520026851,0.7653278138285969,0.818863280375923,-0.040557171626762
gemma2_9b_it,mmlu,2,late,0.8594204520026851,0.8291004699037816,0.8394495412844037,-0.0199709107182813
gemma2_9b_it,mmlu,2,final,0.8594204520026851,0.8500783172969344,0.8452673976281047,-0.0141530543745804
gemma2_9b_it,mmlu,2,all,0.8594204520026851,0.8421906466771091,0.8448198702170509,-0.0146005817856342
gemma2_9b_it,mmlu,3,early,0.8353658536585366,0.761411948981875,0.8450995748489596,0.009733721190423
gemma2_9b_it,mmlu,3,middle,0.8353658536585366,0.8304989930633253,0.8511971358245694,0.0158312821660328
gemma2_9b_it,mmlu,3,late,0.8353658536585366,0.8269747147012755,0.8203177444618484,-0.0150481091966881
gemma2_9b_it,mmlu,3,final,0.8353658536585366,0.838106959051242,0.836372790333408,0.0010069366748713
gemma2_9b_it,mmlu,3,all,0.8353658536585366,0.8529872454687851,0.8419109420452003,0.0065450883866637
gemma2_9b_it,mmlu,4,early,0.8704967554262699,0.780431863951667,0.8522040724994406,-0.0182926829268292
gemma2_9b_it,mmlu,4,middle,0.8704967554262699,0.8066122174983217,0.8554486462295816,-0.0150481091966883
gemma2_9b_it,mmlu,4,late,0.8704967554262699,0.8425822331617812,0.8440926381740881,-0.0264041172521818
gemma2_9b_it,mmlu,4,final,0.8704967554262699,0.8621056164690087,0.8623853211009174,-0.0081114343253525
gemma2_9b_it,mmlu,4,all,0.8704967554262699,0.841519355560528,0.8473931528306109,-0.023103602595659
llama31_8b_instruct,arc_challenge,0,early,0.8966049382716049,0.5694444444444444,0.845679012345679,-0.0509259259259259
llama31_8b_instruct,arc_challenge,0,middle,0.8966049382716049,0.8155864197530864,0.8503086419753085,-0.0462962962962963
llama31_8b_instruct,arc_challenge,0,late,0.8966049382716049,0.8001543209876543,0.8209876543209876,-0.0756172839506172
llama31_8b_instruct,arc_challenge,0,final,0.8966049382716049,0.8271604938271605,0.847993827160494,-0.0486111111111109
llama31_8b_instruct,arc_challenge,0,all,0.8966049382716049,0.8333333333333333,0.8541666666666666,-0.0424382716049382
llama31_8b_instruct,arc_challenge,1,early,0.9020061728395062,0.4737654320987654,0.7530864197530864,-0.1489197530864198
llama31_8b_instruct,arc_challenge,1,middle,0.9020061728395062,0.7399691358024693,0.7893518518518519,-0.1126543209876543
llama31_8b_instruct,arc_challenge,1,late,0.9020061728395062,0.7584876543209876,0.7777777777777779,-0.1242283950617283
llama31_8b_instruct,arc_challenge,1,final,0.9020061728395062,0.7515432098765433,0.7762345679012346,-0.1257716049382716
llama31_8b_instruct,arc_challenge,1,all,0.9020061728395062,0.8148148148148148,0.8279320987654321,-0.0740740740740741
llama31_8b_instruct,arc_challenge,2,early,0.8132716049382716,0.4583333333333333,0.742283950617284,-0.0709876543209875
llama31_8b_instruct,arc_challenge,2,middle,0.8132716049382716,0.6103395061728395,0.7253086419753086,-0.0879629629629629
llama31_8b_instruct,arc_challenge,2,late,0.8132716049382716,0.7530864197530864,0.7777777777777777,-0.0354938271604938
llama31_8b_instruct,arc_challenge,2,final,0.8132716049382716,0.7330246913580247,0.7415123456790123,-0.0717592592592593
llama31_8b_instruct,arc_challenge,2,all,0.8132716049382716,0.7615740740740741,0.7885802469135802,-0.0246913580246913
llama31_8b_instruct,arc_challenge,3,early,0.8256172839506173,0.492283950617284,0.654320987654321,-0.1712962962962962
llama31_8b_instruct,arc_challenge,3,middle,0.8256172839506173,0.6890432098765433,0.7646604938271605,-0.0609567901234567
llama31_8b_instruct,arc_challenge,3,late,0.8256172839506173,0.7546296296296295,0.7615740740740741,-0.0640432098765432
llama31_8b_instruct,arc_challenge,3,final,0.8256172839506173,0.7268518518518519,0.7368827160493827,-0.0887345679012345
llama31_8b_instruct,arc_challenge,3,all,0.8256172839506173,0.79320987654321,0.8125,-0.0131172839506172
llama31_8b_instruct,arc_challenge,4,early,0.8912037037037037,0.5378086419753086,0.8032407407407407,-0.087962962962963
llama31_8b_instruct,arc_challenge,4,middle,0.8912037037037037,0.7831790123456791,0.8695987654320987,-0.021604938271605
llama31_8b_instruct,arc_challenge,4,late,0.8912037037037037,0.8325617283950618,0.8464506172839507,-0.044753086419753
llama31_8b_instruct,arc_challenge,4,final,0.8912037037037037,0.7770061728395061,0.8125,-0.0787037037037037
llama31_8b_instruct,arc_challenge,4,all,0.8912037037037037,0.8904320987654321,0.8950617283950617,0.0038580246913579
llama31_8b_instruct,commonsenseqa,0,early,0.7557172557172558,0.5254100254100255,0.7224532224532224,-0.0332640332640333
llama31_8b_instruct,commonsenseqa,0,middle,0.7557172557172558,0.7084199584199584,0.7291522291522291,-0.0265650265650266
llama31_8b_instruct,commonsenseqa,0,late,0.7557172557172558,0.7207784707784708,0.73001848001848,-0.0256987756987757
llama31_8b_instruct,commonsenseqa,0,final,0.7557172557172558,0.7297297297297297,0.7308269808269808,-0.0248902748902749
llama31_8b_instruct,commonsenseqa,0,all,0.7557172557172558,0.7267267267267268,0.7313467313467313,-0.0243705243705244
llama31_8b_instruct,commonsenseqa,1,early,0.8138715638715639,0.5277200277200277,0.7461884961884961,-0.0676830676830677
llama31_8b_instruct,commonsenseqa,1,middle,0.8138715638715639,0.7368329868329869,0.7931392931392932,-0.0207322707322706
llama31_8b_instruct,commonsenseqa,1,late,0.8138715638715639,0.7846500346500346,0.8005313005313005,-0.0133402633402633
llama31_8b_instruct,commonsenseqa,1,final,0.8138715638715639,0.7752367752367751,0.787017787017787,-0.0268537768537768
llama31_8b_instruct,commonsenseqa,1,all,0.8138715638715639,0.7578540078540078,0.7867290367290367,-0.0271425271425271
llama31_8b_instruct,commonsenseqa,2,early,0.8003580503580503,0.6011781011781012,0.7723492723492724,-0.0280087780087778
llama31_8b_instruct,commonsenseqa,2,middle,0.8003580503580503,0.734984984984985,0.8047470547470547,0.0043890043890043
llama31_8b_instruct,commonsenseqa,2,late,0.8003580503580503,0.8054978054978055,0.8068260568260568,0.0064680064680064
llama31_8b_instruct,commonsenseqa,2,final,0.8003580503580503,0.7876530376530376,0.8007623007623007,0.0004042504042504
llama31_8b_instruct,commonsenseqa,2,all,0.8003580503580503,0.7827442827442828,0.8078078078078078,0.0074497574497575
llama31_8b_instruct,commonsenseqa,3,early,0.8258258258258259,0.6152691152691153,0.8128898128898128,-0.012936012936013
llama31_8b_instruct,commonsenseqa,3,middle,0.8258258258258259,0.714021714021714,0.7914067914067915,-0.0344190344190343
llama31_8b_instruct,commonsenseqa,3,late,0.8258258258258259,0.7797990297990297,0.7927350427350426,-0.0330907830907832
llama31_8b_instruct,commonsenseqa,3,final,0.8258258258258259,0.7831485331485333,0.7945830445830445,-0.0312427812427813
llama31_8b_instruct,commonsenseqa,3,all,0.8258258258258259,0.7777777777777778,0.7994917994917994,-0.0263340263340264
llama31_8b_instruct,commonsenseqa,4,early,0.7567567567567568,0.5523215523215522,0.708073458073458,-0.0486832986832987
llama31_8b_instruct,commonsenseqa,4,middle,0.7567567567567568,0.7266112266112267,0.7634557634557635,0.0066990066990066
llama31_8b_instruct,commonsenseqa,4,late,0.7567567567567568,0.7513282513282513,0.7385654885654886,-0.0181912681912681
llama31_8b_instruct,commonsenseqa,4,final,0.7567567567567568,0.7540425040425041,0.7543890043890044,-0.0023677523677524
llama31_8b_instruct,commonsenseqa,4,all,0.7567567567567568,0.7402402402402402,0.7566990066990066,-5.775005775021658e-05
llama31_8b_instruct,hellaswag,0,early,0.7880379874722166,0.4996463932107496,0.74136189129117,-0.0466760961810466
llama31_8b_instruct,hellaswag,0,middle,0.7880379874722166,0.620125277833906,0.7456051727621741,-0.0424328147100425
llama31_8b_instruct,hellaswag,0,late,0.7880379874722166,0.7427763184481714,0.7628308749242272,-0.0252071125479894
llama31_8b_instruct,hellaswag,0,final,0.7880379874722166,0.726762982420691,0.7557587391392201,-0.0322792483329965
llama31_8b_instruct,hellaswag,0,all,0.7880379874722166,0.6999898969488786,0.7448474439280663,-0.0431905435441503
llama31_8b_instruct,hellaswag,1,early,0.7750555667811679,0.5142958173368358,0.7311072944029097,-0.0439482723782582
llama31_8b_instruct,hellaswag,1,middle,0.7750555667811679,0.6510406142655082,0.7402505556678118,-0.0348050111133561
llama31_8b_instruct,hellaswag,1,late,0.7750555667811679,0.7363103657304506,0.7343402707617702,-0.0407152960193977
llama31_8b_instruct,hellaswag,1,final,0.7750555667811679,0.7407557082238836,0.7534350373812891,-0.0216205293998787
llama31_8b_instruct,hellaswag,1,all,0.7750555667811679,0.726762982420691,0.7401495251565973,-0.0349060416245706
llama31_8b_instruct,hellaswag,2,early,0.7760153566377046,0.4977268134976763,0.7281268943220853,-0.0478884623156192
llama31_8b_instruct,hellaswag,2,middle,0.7760153566377046,0.6748838149121035,0.7683370377854113,-0.0076783188522933
llama31_8b_instruct,hellaswag,2,late,0.7760153566377046,0.7254495857749039,0.7384320064659526,-0.0375833501717519
llama31_8b_instruct,hellaswag,2,final,0.7760153566377046,0.728278440088907,0.7478278440088907,-0.0281875126288139
llama31_8b_instruct,hellaswag,2,all,0.7760153566377046,0.7151444736310366,0.7527783390583956,-0.0232370175793089
llama31_8b_instruct,hellaswag,3,early,0.7766215397049908,0.5007072135785007,0.7285310163669428,-0.0480905233380479
llama31_8b_instruct,hellaswag,3,middle,0.7766215397049908,0.671095170741564,0.7608102646999394,-0.0158112750050514
llama31_8b_instruct,hellaswag,3,late,0.7766215397049908,0.7616185087896544,0.7648514851485148,-0.011770054556476
llama31_8b_instruct,hellaswag,3,final,0.7766215397049908,0.7625277833905839,0.765407152960194,-0.0112143867447968
llama31_8b_instruct,hellaswag,3,all,0.7766215397049908,0.7237825823398666,0.7433319862598505,-0.0332895534451402
llama31_8b_instruct,hellaswag,4,early,0.728328955344514,0.4419579713073348,0.6599818145079814,-0.0683471408365326
llama31_8b_instruct,hellaswag,4,middle,0.728328955344514,0.6613457264093756,0.7256011315417255,-0.0027278238027885
llama31_8b_instruct,hellaswag,4,late,0.728328955344514,0.7239846433622955,0.7207516670034351,-0.0075772883410789
llama31_8b_instruct,hellaswag,4,final,0.728328955344514,0.7204485754697919,0.7122651040614265,-0.0160638512830875
llama31_8b_instruct,hellaswag,4,all,0.728328955344514,0.6889775712265105,0.6994847443928067,-0.0288442109517073
llama31_8b_instruct,mmlu,0,early,0.8289449025487255,0.7015554722638682,0.7998500749625189,-0.0290948275862066
llama31_8b_instruct,mmlu,0,middle,0.8289449025487255,0.7848575712143928,0.8162012743628185,-0.012743628185907
llama31_8b_instruct,mmlu,0,late,0.8289449025487255,0.7851386806596702,0.8059876311844079,-0.0229572713643176
llama31_8b_instruct,mmlu,0,final,0.8289449025487255,0.8058470764617691,0.8205584707646176,-0.0083864317841079
llama31_8b_instruct,mmlu,0,all,0.8289449025487255,0.7930565967016491,0.8236506746626686,-0.0052942278860569
llama31_8b_instruct,mmlu,1,early,0.7930097451274363,0.7006652923538231,0.779938155922039,-0.0130715892053973
llama31_8b_instruct,mmlu,1,middle,0.7930097451274363,0.761431784107946,0.7661169415292355,-0.0268928035982007
llama31_8b_instruct,mmlu,1,late,0.7930097451274363,0.7827023988005997,0.7934314092953523,0.000421664167916
llama31_8b_instruct,mmlu,1,final,0.7930097451274363,0.7797507496251874,0.7916041979010496,-0.0014055472263866
llama31_8b_instruct,mmlu,1,all,0.7930097451274363,0.7909482758620691,0.7979291604197901,0.0049194152923538
llama31_8b_instruct,mmlu,2,early,0.8408452023988006,0.7332739880059971,0.8248688155922039,-0.0159763868065966
llama31_8b_instruct,mmlu,2,middle,0.8408452023988006,0.8017709895052474,0.83808095952024,-0.0027642428785605
llama31_8b_instruct,mmlu,2,late,0.8408452023988006,0.8282889805097452,0.8400018740629686,-0.000843328335832
llama31_8b_instruct,mmlu,2,final,0.8408452023988006,0.8054254122938531,0.8165760869565218,-0.0242691154422787
llama31_8b_instruct,mmlu,2,all,0.8408452023988006,0.8273519490254873,0.8315685907046476,-0.0092766116941529
llama31_8b_instruct,mmlu,3,early,0.8295539730134933,0.7325712143928036,0.8153579460269865,-0.0141960269865067
llama31_8b_instruct,mmlu,3,middle,0.8295539730134933,0.807674287856072,0.8162481259370316,-0.0133058470764617
llama31_8b_instruct,mmlu,3,late,0.8295539730134933,0.8165292353823087,0.8288511994002999,-0.0007027736131933
llama31_8b_instruct,mmlu,3,final,0.8295539730134933,0.7775487256371814,0.7918853073463268,-0.0376686656671665
llama31_8b_instruct,mmlu,3,all,0.8295539730134933,0.8120314842578711,0.8188718140929535,-0.0106821589205398
llama31_8b_instruct,mmlu,4,early,0.800599700149925,0.6965423538230884,0.7622282608695652,-0.0383714392803598
llama31_8b_instruct,mmlu,4,middle,0.800599700149925,0.7485007496251874,0.7866847826086958,-0.0139149175412292
llama31_8b_instruct,mmlu,4,late,0.800599700149925,0.7812031484257871,0.8016772863568216,0.0010775862068965
llama31_8b_instruct,mmlu,4,final,0.800599700149925,0.7591829085457271,0.7731446776611695,-0.0274550224887555
llama31_8b_instruct,mmlu,4,all,0.800599700149925,0.770286731634183,0.7855134932533733,-0.0150862068965517
