model_key,dataset,seed,combined_auc,cheap_group_auc_drop,pca_hidden_group_auc_drop,importance_ratio_cheap_to_pca,n_total
deepseek_r1_qwen7b,arc_challenge,42,0.5121537591859808,0.003259845487092559,-0.0479932165065008,-0.06792304672304945,299
deepseek_r1_qwen7b,arc_challenge,7,0.57263990955342,0.13231580930846054,-0.06847559826644052,-1.9323059989275047,299
deepseek_r1_qwen7b,arc_challenge,123,0.5647258338044092,0.08113811946485767,-0.004126625211984219,-19.662100461385457,299
deepseek_r1_qwen7b,arc_challenge,777,0.5743357829282081,0.04712643678160925,0.03188241944601475,1.4781323876604933,299
deepseek_r1_qwen7b,arc_challenge,2025,0.6065573770491803,0.11654418692293202,0.009685321273789333,12.033073928718691,299
deepseek_r1_qwen7b,commonsenseqa,42,0.600538082121581,0.09364977686673932,0.014696901757307949,6.372076129161062,1000
deepseek_r1_qwen7b,commonsenseqa,7,0.61943501377234,0.12009907543825936,0.025853564794055442,4.64535844052069,1000
deepseek_r1_qwen7b,commonsenseqa,123,0.6117481263211837,0.12389340849401057,0.008835650075801171,14.021991298558136,1000
deepseek_r1_qwen7b,commonsenseqa,777,0.6244314906155916,0.08582196314564514,0.04541242286421968,1.8898344930936108,1000
deepseek_r1_qwen7b,commonsenseqa,2025,0.601178656075844,0.10263275895202104,0.024198748745542707,4.241242389306772,1000
deepseek_r1_qwen7b,hellaswag,42,0.5845320598683829,0.030485508512414463,0.08788849416652121,0.3468657507580809,1000
deepseek_r1_qwen7b,hellaswag,7,0.6089336672296314,0.042296119426164326,0.07983809912061038,0.5297736280236125,1000
deepseek_r1_qwen7b,hellaswag,123,0.5684002096558151,0.0247956826432163,0.05434162250305749,0.45629264458132246,1000
deepseek_r1_qwen7b,hellaswag,777,0.5386989691922428,0.01031972511793147,0.03703725273232005,0.27863095549329103,1000
deepseek_r1_qwen7b,hellaswag,2025,0.5014268242967794,0.03969483431366837,-0.04685419214567199,-0.8471992045258697,1000
deepseek_r1_qwen7b,mmlu_all,42,0.5054233446656953,0.02599787743061172,-0.02544385084453083,-1.0217744786545055,1000
deepseek_r1_qwen7b,mmlu_all,7,0.5561491554692137,0.017338513841670695,0.030243016207076416,0.5733063700518216,1000
deepseek_r1_qwen7b,mmlu_all,123,0.5506988289892611,0.05077257928156413,0.00811972730379714,6.252990694843613,1000
deepseek_r1_qwen7b,mmlu_all,777,0.44811397118342233,-0.02351015415609882,-0.0496141600561222,0.47385976362350235,1000
deepseek_r1_qwen7b,mmlu_all,2025,0.5430899573687334,0.017763027719317155,0.01706509812386448,1.0408980709835924,1000
falcon3_7b_instruct,arc_challenge,42,0.7102222222222222,0.15866666666666665,-0.013451851851851878,-11.795154185898845,299
falcon3_7b_instruct,arc_challenge,7,0.8577777777777779,0.20349629629629634,0.0924148148148149,2.2019878165840585,299
falcon3_7b_instruct,arc_challenge,123,0.8,0.277362962962963,-0.005748148148148128,-48.25257732798226,299
falcon3_7b_instruct,arc_challenge,777,0.8302222222222222,0.2627851851851852,0.04340740740740735,6.053924914536308,299
falcon3_7b_instruct,arc_challenge,2025,0.9013333333333333,0.20802962962962965,0.1643851851851852,1.265501081463102,299
falcon3_7b_instruct,commonsenseqa,42,0.8297073297073297,0.27419062419062423,0.0845571095571096,3.2426678918369847,1000
falcon3_7b_instruct,commonsenseqa,7,0.8029655529655529,0.243052318052318,0.12719071052404382,1.9109282199069173,1000
falcon3_7b_instruct,commonsenseqa,123,0.7850945350945351,0.23749244582577916,0.11934516101182767,1.9899629261068454,1000
falcon3_7b_instruct,commonsenseqa,777,0.8295130795130795,0.2642752309418976,0.15574117240783905,1.6968873860031293,1000
falcon3_7b_instruct,commonsenseqa,2025,0.8138435638435638,0.26439178105844763,0.09103211603211599,2.9043791639674312,1000
falcon3_7b_instruct,hellaswag,42,0.8023269980506823,0.1614156920077973,0.2548611111111112,0.6333476743605341,1000
falcon3_7b_instruct,hellaswag,7,0.8557504873294347,0.2423590805717999,0.22084957764782326,1.097394358422452,1000
falcon3_7b_instruct,hellaswag,123,0.8068957115009746,0.2556022579597141,0.19682626705653022,1.2986186334825132,1000
falcon3_7b_instruct,hellaswag,777,0.7825292397660818,0.1431002274204028,0.18129670240415846,0.7893151145165624,1000
falcon3_7b_instruct,hellaswag,2025,0.8298001949317738,0.193902290448343,0.20413417803768677,0.9498766561844207,1000
falcon3_7b_instruct,mmlu_all,42,0.8288787483702739,0.17544545849630605,0.15615570869808165,1.1235289440131613,1000
falcon3_7b_instruct,mmlu_all,7,0.8213354442168002,0.1313978394486869,0.16191562674613527,0.8115204325144713,1000
falcon3_7b_instruct,mmlu_all,123,0.7505587632706276,0.16720835661513625,0.0441283292978208,3.7891386162132457,1000
falcon3_7b_instruct,mmlu_all,777,0.8042466008567704,0.1740454460793444,0.14735829142608806,1.1811038550583426,1000
falcon3_7b_instruct,mmlu_all,2025,0.7944216800149003,0.15037406096728126,0.1843918793071335,0.8155134680090452,1000
mistral7b_v03,arc_challenge,42,0.515,0.05461904761904765,-0.0650238095238095,-0.8399853533633401,299
mistral7b_v03,arc_challenge,7,0.7064285714285715,0.1001190476190477,0.06192857142857151,1.616685890016185,299
mistral7b_v03,arc_challenge,123,0.5778571428571428,0.06595238095238096,0.008261904761904752,7.9827089327513825,299
mistral7b_v03,arc_challenge,777,0.6735714285714286,0.07961904761904766,0.08123809523809528,0.9800703399644891,299
mistral7b_v03,arc_challenge,2025,0.6421428571428571,0.03821428571428568,0.07804761904761902,0.4896278218363132,299
mistral7b_v03,commonsenseqa,42,0.6960227272727272,0.09837407089765571,0.13770547455688958,0.7143802467802435,1000
mistral7b_v03,commonsenseqa,7,0.7529481132075471,0.12693503430531722,0.22453544882790158,0.5653229143432184,1000
mistral7b_v03,commonsenseqa,123,0.7405124356775301,0.08399442538593492,0.20851915380217273,0.40281395667478914,1000
mistral7b_v03,commonsenseqa,777,0.7346162092624358,0.08431782447112643,0.21084548313321902,0.3999033947407438,1000
mistral7b_v03,commonsenseqa,2025,0.7349378216123499,0.09763793596340763,0.2453741423670669,0.39791452767239205,1000
mistral7b_v03,hellaswag,42,0.7380330267558529,0.13384371516165,0.2018446906354516,0.6631024811186134,1000
mistral7b_v03,hellaswag,7,0.7049017558528428,0.08883082497212925,0.14916213768115938,0.5955319919148216,1000
mistral7b_v03,hellaswag,123,0.7150919732441471,0.053992474916387895,0.1771303651059085,0.3048177249778732,1000
mistral7b_v03,hellaswag,777,0.7637959866220736,0.07386949554069121,0.2492927814938684,0.29631622342908387,1000
mistral7b_v03,hellaswag,2025,0.7952550167224081,0.1286928651059086,0.2590823578595318,0.4967256982244466,1000
mistral7b_v03,mmlu_all,42,0.7845699247426012,0.16084152854086833,0.18796189420872,0.8557134903173943,1000
mistral7b_v03,mmlu_all,7,0.7156840112655247,0.14794619634639955,0.09137540976037674,1.6191029592398565,1000
mistral7b_v03,mmlu_all,123,0.6961540237314743,0.15878079935977354,0.055302645551502924,2.8711248399324965,1000
mistral7b_v03,mmlu_all,777,0.7274574080059097,0.19349154316142628,0.05871462209704969,3.295457523993047,1000
mistral7b_v03,mmlu_all,2025,0.7492959047047416,0.2192160302876402,0.06709604937131597,3.2671972841681103,1000
olmo2_7b_instruct,arc_challenge,42,0.8434343434343433,0.23034511784511777,0.09555976430976418,2.410482272601952,299
olmo2_7b_instruct,arc_challenge,7,0.6641414141414141,0.10709175084175088,0.029292929292929298,3.6558908044728975,299
olmo2_7b_instruct,arc_challenge,123,0.69760101010101,0.12710437710437705,0.049410774410774363,2.572402044240955,299
olmo2_7b_instruct,arc_challenge,777,0.8219696969696969,0.1424663299663299,0.14023569023569019,1.0159063625377736,299
olmo2_7b_instruct,arc_challenge,2025,0.7626262626262627,0.15448232323232325,0.06965488215488218,2.2178247733820564,299
olmo2_7b_instruct,commonsenseqa,42,0.7784542533400981,0.1729033955315031,0.13644887911757522,1.2671661112089356,1000
olmo2_7b_instruct,commonsenseqa,7,0.7084390326399458,0.09419358475675056,0.13490989721329644,0.6981962532158007,1000
olmo2_7b_instruct,commonsenseqa,123,0.780483680027059,0.1760414905011557,0.13831294511152453,1.2727766758052697,1000
olmo2_7b_instruct,commonsenseqa,777,0.7732679406956424,0.18032583572918431,0.08792115301501406,2.050994891938457,1000
olmo2_7b_instruct,commonsenseqa,2025,0.7638536557866847,0.12656106131499337,0.10987090591352393,1.1519069608241317,1000
olmo2_7b_instruct,hellaswag,42,0.7652450607902735,0.11900645896656534,0.17564747973657546,0.6775301253645419,1000
olmo2_7b_instruct,hellaswag,7,0.709488981762918,0.16740754812563324,0.12459156534954413,1.3436507331344971,1000
olmo2_7b_instruct,hellaswag,123,0.7347074468085106,0.16566457700101317,0.12077634245187438,1.3716641325320287,1000
olmo2_7b_instruct,hellaswag,777,0.7327602583586625,0.10700829533941225,0.12814399696048626,0.8350628814206073,1000
olmo2_7b_instruct,hellaswag,2025,0.7274411094224924,0.08006268996960487,0.15857079533941235,0.5049018629043894,1000
olmo2_7b_instruct,mmlu_all,42,0.7612570145903479,0.1307250280583614,0.17776730265619153,0.7353716128013317,1000
olmo2_7b_instruct,mmlu_all,7,0.774006734006734,0.15364309764309766,0.18068537224092784,0.8503350090641424,1000
olmo2_7b_instruct,mmlu_all,123,0.7221997755331089,0.07002020202020201,0.1824526748971194,0.383771857876575,1000
olmo2_7b_instruct,mmlu_all,777,0.7369696969696969,0.1499289188178077,0.13874448185559293,1.0806117606376235,1000
olmo2_7b_instruct,mmlu_all,2025,0.7314478114478115,0.18442798353909465,0.11045117845117848,1.6697692693151802,1000
qwen25_7b,arc_challenge,42,0.728395061728395,0.1730681298582532,0.013214449016918076,13.096885812157753,299
qwen25_7b,arc_challenge,7,0.6556927297668038,0.14385002286236853,-0.008779149519890273,-16.385416668533043,299
qwen25_7b,arc_challenge,123,0.7503429355281206,0.11120256058527651,0.04814814814814803,2.309591642877011,299
qwen25_7b,arc_challenge,777,0.5733882030178326,0.12277091906721525,-0.05765889346136269,-2.1292624901241557,299
qwen25_7b,arc_challenge,2025,0.6447187928669411,0.25212620027434857,-0.06780978509373561,-3.7181389076745295,299
qwen25_7b,commonsenseqa,42,0.7573141853181575,0.17360272961067397,0.132681486008199,1.3084171336356438,1000
qwen25_7b,commonsenseqa,7,0.8058207929111603,0.1725663942148549,0.20139026812313793,0.8568755373446553,1000
qwen25_7b,commonsenseqa,123,0.8091054923229701,0.2136913401064346,0.15918060754207738,1.3424458129964452,1000
qwen25_7b,commonsenseqa,777,0.7631960889160492,0.11954778091818803,0.22875512438571027,0.5226015427575412,1000
qwen25_7b,commonsenseqa,2025,0.8102513176991827,0.26275303643724696,0.1473684210526316,1.782967032954934,1000
qwen25_7b,hellaswag,42,0.869095048377917,0.10211128276011608,0.17605225357075108,0.5800055420392562,1000
qwen25_7b,hellaswag,7,0.8881209854459712,0.125056237634496,0.1636474510122774,0.764180785341714,1000
qwen25_7b,hellaswag,123,0.8411252947394097,0.17624739138683362,0.08245927853212996,2.1373870172296265,1000
qwen25_7b,hellaswag,777,0.8638913732823807,0.08068677670271306,0.19504295742201272,0.413687209057839,1000
qwen25_7b,hellaswag,2025,0.842670135783397,0.1289508632138114,0.11825080629861509,1.0904861222433047,1000
qwen25_7b,mmlu_all,42,0.8261360718870346,0.27484296106118955,0.08161916987590923,3.367382460219618,1000
qwen25_7b,mmlu_all,7,0.8386649550706035,0.29027128797603774,0.04511253744116399,6.4343817580240685,1000
qwen25_7b,mmlu_all,123,0.8411296534017972,0.3017749251176723,0.08156097560975616,3.6999916057634135,1000
qwen25_7b,mmlu_all,777,0.8202310654685495,0.3156011981172444,0.044900299529311155,7.028933023134719,1000
qwen25_7b,mmlu_all,2025,0.8662387676508345,0.31629097133076606,0.06255027813436037,5.056587768423738,1000
