model_key,dataset,seed,layer,cheap_auc,hidden_only_auc,cheap_plus_layer_auc,gain_over_cheap,pca_explained_variance,n_total
deepseek_r1_qwen7b,arc_challenge,42,early,0.6579988694177501,0.47201808931599776,0.542679479932165,-0.11531938948558507,0.832595705986023,299
deepseek_r1_qwen7b,arc_challenge,42,middle,0.6579988694177501,0.3843979649519503,0.46579988694177504,-0.19219898247597506,0.8642990589141846,299
deepseek_r1_qwen7b,arc_challenge,42,late,0.6579988694177501,0.41040135669869987,0.5477671000565292,-0.11023176936122092,0.848494291305542,299
deepseek_r1_qwen7b,arc_challenge,42,final,0.6579988694177501,0.49349915206331263,0.5743357829282081,-0.08366308648954202,0.8587405681610107,299
deepseek_r1_qwen7b,arc_challenge,42,all,0.6579988694177501,0.39909553420011307,0.5121537591859808,-0.14584511023176927,0.8114538788795471,299
deepseek_r1_qwen7b,arc_challenge,7,early,0.6930469191633691,0.46184284906726963,0.6116449971735444,-0.08140192198982477,0.8300248384475708,299
deepseek_r1_qwen7b,arc_challenge,7,middle,0.6930469191633691,0.3719615602035048,0.5850763143018655,-0.10797060486150367,0.8614722490310669,299
deepseek_r1_qwen7b,arc_challenge,7,late,0.6930469191633691,0.46127755794234027,0.5901639344262295,-0.10288298473713964,0.8458408117294312,299
deepseek_r1_qwen7b,arc_challenge,7,final,0.6930469191633691,0.47710570944036174,0.5856416054267948,-0.10740531373657436,0.8532127737998962,299
deepseek_r1_qwen7b,arc_challenge,7,all,0.6930469191633691,0.43018654607122664,0.57263990955342,-0.1204070096099491,0.8061431050300598,299
deepseek_r1_qwen7b,arc_challenge,123,early,0.6913510457885812,0.4946297343131713,0.6172979084228378,-0.07405313736574337,0.8293352723121643,299
deepseek_r1_qwen7b,arc_challenge,123,middle,0.6913510457885812,0.42227247032221593,0.56416054267948,-0.12719050310910118,0.8618718385696411,299
deepseek_r1_qwen7b,arc_challenge,123,late,0.6913510457885812,0.4686263425664217,0.6291690220463539,-0.062182023742227255,0.8467870950698853,299
deepseek_r1_qwen7b,arc_challenge,123,final,0.6913510457885812,0.4544940644431882,0.5121537591859808,-0.17919728660260037,0.8502029180526733,299
deepseek_r1_qwen7b,arc_challenge,123,all,0.6913510457885812,0.44149236856981344,0.5647258338044092,-0.12662521198417198,0.8067874908447266,299
deepseek_r1_qwen7b,arc_challenge,777,early,0.5828151498021481,0.5890333521763709,0.5771622385528548,-0.005652911249293346,0.8314347267150879,299
deepseek_r1_qwen7b,arc_challenge,777,middle,0.5828151498021481,0.48841153193894854,0.58111927642736,-0.0016958733747880483,0.8605555295944214,299
deepseek_r1_qwen7b,arc_challenge,777,late,0.5828151498021481,0.5138496325607689,0.6172979084228377,0.03448275862068961,0.8446616530418396,299
deepseek_r1_qwen7b,arc_challenge,777,final,0.5828151498021481,0.46466930469191636,0.5206331260599208,-0.062182023742227255,0.8520119786262512,299
deepseek_r1_qwen7b,arc_challenge,777,all,0.5828151498021481,0.5234595816845675,0.5743357829282081,-0.00847936687394002,0.8053225874900818,299
deepseek_r1_qwen7b,arc_challenge,2025,early,0.5873374788015828,0.5104578858111928,0.5528547201808931,-0.034482758620689724,0.8273112177848816,299
deepseek_r1_qwen7b,arc_challenge,2025,middle,0.5873374788015828,0.4635387224420577,0.600904465799887,0.013566986998304165,0.8605629205703735,299
deepseek_r1_qwen7b,arc_challenge,2025,late,0.5873374788015828,0.4855850763143019,0.5782928208027134,-0.009044657998869443,0.8446354269981384,299
deepseek_r1_qwen7b,arc_challenge,2025,final,0.5873374788015828,0.47258338044092707,0.5466365178066706,-0.04070096099491227,0.8522291779518127,299
deepseek_r1_qwen7b,arc_challenge,2025,all,0.5873374788015828,0.49067269643866585,0.6065573770491803,0.01921989824759751,0.8034965991973877,299
deepseek_r1_qwen7b,commonsenseqa,42,early,0.6235987444750496,0.5086797770802639,0.6000896803535968,-0.023509064121452816,0.7158430814743042,1000
deepseek_r1_qwen7b,commonsenseqa,42,middle,0.6235987444750496,0.4653129203766575,0.5647299980782782,-0.05886874639677142,0.7680661082267761,1000
deepseek_r1_qwen7b,commonsenseqa,42,late,0.6235987444750496,0.5881750048043046,0.6407661264492985,0.01716738197424894,0.7438465356826782,1000
deepseek_r1_qwen7b,commonsenseqa,42,final,0.6235987444750496,0.5793991416309013,0.6072641086413426,-0.01633463583370698,0.7770183682441711,1000
deepseek_r1_qwen7b,commonsenseqa,42,all,0.6235987444750496,0.5224521170969189,0.600538082121581,-0.023060662353468597,0.6891472935676575,1000
deepseek_r1_qwen7b,commonsenseqa,7,early,0.6863109345973993,0.5216834283518033,0.6070719364550637,-0.07923899814233559,0.7125563621520996,1000
deepseek_r1_qwen7b,commonsenseqa,7,middle,0.6863109345973993,0.46736275703029917,0.5711997950163347,-0.11511113958106467,0.7646189332008362,1000
deepseek_r1_qwen7b,commonsenseqa,7,late,0.6863109345973993,0.6388444045865096,0.6843251553391838,-0.0019857792582155254,0.7393212914466858,1000
deepseek_r1_qwen7b,commonsenseqa,7,final,0.6863109345973993,0.5635129075651784,0.6362180513740311,-0.050092883223368245,0.7736061215400696,1000
deepseek_r1_qwen7b,commonsenseqa,7,all,0.6863109345973993,0.5322528985971431,0.61943501377234,-0.06687592082505933,0.6856676340103149,1000
deepseek_r1_qwen7b,commonsenseqa,123,early,0.6812504003587214,0.4930497725962462,0.590352956248799,-0.0908974441099224,0.7166213989257812,1000
deepseek_r1_qwen7b,commonsenseqa,123,middle,0.6812504003587214,0.4430209467683044,0.5653065146371148,-0.11594388572160663,0.767249345779419,1000
deepseek_r1_qwen7b,commonsenseqa,123,late,0.6812504003587214,0.5586445455127793,0.6240471462430337,-0.05720325411568772,0.7434356212615967,1000
deepseek_r1_qwen7b,commonsenseqa,123,final,0.6812504003587214,0.6102748062263789,0.6474280955736339,-0.03382230478508752,0.7776472568511963,1000
deepseek_r1_qwen7b,commonsenseqa,123,all,0.6812504003587214,0.5070783421946063,0.6117481263211837,-0.06950227403753773,0.6887129545211792,1000
deepseek_r1_qwen7b,commonsenseqa,777,early,0.6227659983345076,0.49746973288066104,0.5949650887194927,-0.027800909615014913,0.7130001187324524,1000
deepseek_r1_qwen7b,commonsenseqa,777,middle,0.6227659983345076,0.4945230926910512,0.6049580424059957,-0.01780795592851192,0.7668431401252747,1000
deepseek_r1_qwen7b,commonsenseqa,777,late,0.6227659983345076,0.612644929857152,0.6331432963935685,0.010377298059060847,0.7429231405258179,1000
deepseek_r1_qwen7b,commonsenseqa,777,final,0.6227659983345076,0.5452565498686823,0.6062391903145218,-0.01652680801998585,0.7770845890045166,1000
deepseek_r1_qwen7b,commonsenseqa,777,all,0.6227659983345076,0.558964832489911,0.6244314906155916,0.0016654922810839246,0.6876703500747681,1000
deepseek_r1_qwen7b,commonsenseqa,2025,early,0.646595349433092,0.48337710588687466,0.5979757863045289,-0.04861956312856319,0.711474597454071,1000
deepseek_r1_qwen7b,commonsenseqa,2025,middle,0.646595349433092,0.4454551277945039,0.5513420024341811,-0.09525334699891097,0.7634090185165405,1000
deepseek_r1_qwen7b,commonsenseqa,2025,late,0.646595349433092,0.5531356095061175,0.6121324706937415,-0.0344628787393505,0.739486575126648,1000
deepseek_r1_qwen7b,commonsenseqa,2025,final,0.646595349433092,0.5893280379219781,0.6465312920376658,-6.405739542625355e-05,0.7730548977851868,1000
deepseek_r1_qwen7b,commonsenseqa,2025,all,0.646595349433092,0.5108577285247581,0.601178656075844,-0.04541669335724807,0.6844340562820435,1000
deepseek_r1_qwen7b,hellaswag,42,early,0.5007862093063886,0.5286238425251878,0.5468522508881253,0.04606604158173666,0.7841796875,1000
deepseek_r1_qwen7b,hellaswag,42,middle,0.5007862093063886,0.5235571603284608,0.5565197134703862,0.05573350416399758,0.8161380290985107,1000
deepseek_r1_qwen7b,hellaswag,42,late,0.5007862093063886,0.5476093413313144,0.5774852949740842,0.07669908566769557,0.8009032607078552,1000
deepseek_r1_qwen7b,hellaswag,42,final,0.5007862093063886,0.553258400792033,0.5929765301962612,0.09219032088987256,0.8339135050773621,1000
deepseek_r1_qwen7b,hellaswag,42,all,0.5007862093063886,0.5477258167841128,0.5845320598683829,0.08374585056199424,0.7699238657951355,1000
deepseek_r1_qwen7b,hellaswag,7,early,0.5739327936637354,0.6022363286937278,0.6323452332420941,0.05841243957835873,0.7849045991897583,1000
deepseek_r1_qwen7b,hellaswag,7,middle,0.5739327936637354,0.5402713878050202,0.5917535379418788,0.017820744278143397,0.8170837163925171,1000
deepseek_r1_qwen7b,hellaswag,7,late,0.5739327936637354,0.5703220546269874,0.6032263700425134,0.029293576378778052,0.8009829521179199,1000
deepseek_r1_qwen7b,hellaswag,7,final,0.5739327936637354,0.5518606953584532,0.5950730883466309,0.021140294682895466,0.8352360129356384,1000
deepseek_r1_qwen7b,hellaswag,7,all,0.5739327936637354,0.5626346747422981,0.6089336672296314,0.035000873565895985,0.7706681489944458,1000
deepseek_r1_qwen7b,hellaswag,123,early,0.5230912585172675,0.5467940131617262,0.5492399976704909,0.026148739153223466,0.7829824090003967,1000
deepseek_r1_qwen7b,hellaswag,123,middle,0.5230912585172675,0.5080659251062839,0.5451051190961504,0.022013860578882993,0.8163137435913086,1000
deepseek_r1_qwen7b,hellaswag,123,late,0.5230912585172675,0.5653718478830587,0.5862209539339585,0.063129695416691,0.8002464771270752,1000
deepseek_r1_qwen7b,hellaswag,123,final,0.5230912585172675,0.5619358220255082,0.5910546852250889,0.0679634267078214,0.8351308107376099,1000
deepseek_r1_qwen7b,hellaswag,123,all,0.5230912585172675,0.535204705608293,0.5684002096558151,0.045308951138547604,0.7696726322174072,1000
deepseek_r1_qwen7b,hellaswag,777,early,0.49327354260089684,0.48424669500902684,0.49443829712888004,0.0011647545279832028,0.7850170135498047,1000
deepseek_r1_qwen7b,hellaswag,777,middle,0.49327354260089684,0.48925513947935473,0.49740842117523737,0.004134878574340528,0.8179082870483398,1000
deepseek_r1_qwen7b,hellaswag,777,late,0.49327354260089684,0.49933026614640963,0.5248383903092424,0.031564847708345556,0.8021401166915894,1000
deepseek_r1_qwen7b,hellaswag,777,final,0.49327354260089684,0.5360782715042804,0.5497641372080834,0.05649059460718653,0.8356903791427612,1000
deepseek_r1_qwen7b,hellaswag,777,all,0.49327354260089684,0.5134237959350066,0.5386989691922428,0.04542542659134596,0.7717478275299072,1000
deepseek_r1_qwen7b,hellaswag,2025,early,0.5543066798672179,0.4613592685341564,0.5013103488439812,-0.052996331023236753,0.7836923599243164,1000
deepseek_r1_qwen7b,hellaswag,2025,middle,0.5543066798672179,0.4797041523498922,0.5239065866868557,-0.030400093180362187,0.815985918045044,1000
deepseek_r1_qwen7b,hellaswag,2025,late,0.5543066798672179,0.481393046415468,0.501252111117582,-0.05305456874963588,0.799896240234375,1000
deepseek_r1_qwen7b,hellaswag,2025,final,0.5543066798672179,0.47265738745559377,0.49502067439287173,-0.059286005474346204,0.8346604108810425,1000
deepseek_r1_qwen7b,hellaswag,2025,all,0.5543066798672179,0.47463747015316526,0.5014268242967794,-0.052879855570438505,0.7696080803871155,1000
deepseek_r1_qwen7b,mmlu_all,42,early,0.5493497382764018,0.47493389455506985,0.5168636339107442,-0.032486104365657575,0.8934928178787231,1000
deepseek_r1_qwen7b,mmlu_all,42,middle,0.5493497382764018,0.46306189628190597,0.5279801413847066,-0.021369596891695153,0.8712259531021118,1000
deepseek_r1_qwen7b,mmlu_all,42,late,0.5493497382764018,0.4437429172737575,0.5050455992660946,-0.044304139010307164,0.8596103191375732,1000
deepseek_r1_qwen7b,mmlu_all,42,final,0.5493497382764018,0.4460633532998759,0.5018077815552319,-0.0475419567211699,0.8896806240081787,1000
deepseek_r1_qwen7b,mmlu_all,42,all,0.5493497382764018,0.4579353515730398,0.5054233446656953,-0.04392639361070649,0.8556346893310547,1000
deepseek_r1_qwen7b,mmlu_all,7,early,0.5747666073066752,0.5553397010414981,0.5996978036803196,0.024931196373644382,0.8899289965629578,1000
deepseek_r1_qwen7b,mmlu_all,7,middle,0.5747666073066752,0.5022934542118612,0.5489719928768011,-0.025794614429874074,0.8706979751586914,1000
deepseek_r1_qwen7b,mmlu_all,7,late,0.5747666073066752,0.4913928012519561,0.5349414494630619,-0.03982515784361329,0.860602855682373,1000
deepseek_r1_qwen7b,mmlu_all,7,final,0.5747666073066752,0.5443850844530786,0.5786519885597108,0.0038853812530356135,0.8865976333618164,1000
deepseek_r1_qwen7b,mmlu_all,7,all,0.5747666073066752,0.5092547622902164,0.5561491554692137,-0.01861745183746144,0.8524825572967529,1000
deepseek_r1_qwen7b,mmlu_all,123,early,0.6413577248934219,0.5355350493767201,0.6056877664454158,-0.035669958448006134,0.8862634301185608,1000
deepseek_r1_qwen7b,mmlu_all,123,middle,0.6413577248934219,0.46468080513733745,0.5332146133506017,-0.10814311154282019,0.8667203187942505,1000
deepseek_r1_qwen7b,mmlu_all,123,late,0.6413577248934219,0.5197237062220064,0.5761696616480492,-0.06518806324537274,0.8580570220947266,1000
deepseek_r1_qwen7b,mmlu_all,123,final,0.6413577248934219,0.4855107657438887,0.5442231935675356,-0.09713453132588634,0.8840275406837463,1000
deepseek_r1_qwen7b,mmlu_all,123,all,0.6413577248934219,0.48448545680211536,0.5506988289892611,-0.09065889590416076,0.8491355180740356,1000
deepseek_r1_qwen7b,mmlu_all,777,early,0.5282499595272785,0.3949058334682424,0.4430413901030705,-0.08520856942420801,0.8919037580490112,1000
deepseek_r1_qwen7b,mmlu_all,777,middle,0.5282499595272785,0.4224272840105769,0.4618746964545897,-0.06637526307268882,0.8687755465507507,1000
deepseek_r1_qwen7b,mmlu_all,777,late,0.5282499595272785,0.47153418595866387,0.5199935243645782,-0.008256435162700249,0.8585222959518433,1000
deepseek_r1_qwen7b,mmlu_all,777,final,0.5282499595272785,0.47293724030003775,0.48966596513949595,-0.03858399438778254,0.88913494348526,1000
deepseek_r1_qwen7b,mmlu_all,777,all,0.5282499595272785,0.4199989207274298,0.44811397118342233,-0.08013598834385616,0.8543839454650879,1000
deepseek_r1_qwen7b,mmlu_all,2025,early,0.5614375910636231,0.583778533268577,0.5859370784091522,0.024499487345529092,0.8893191814422607,1000
deepseek_r1_qwen7b,mmlu_all,2025,middle,0.5614375910636231,0.5197237062220064,0.529167341212023,-0.0322702498516001,0.8652764558792114,1000
deepseek_r1_qwen7b,mmlu_all,2025,late,0.5614375910636231,0.5133559980573094,0.5357509038907775,-0.025686687172845613,0.8545863032341003,1000
deepseek_r1_qwen7b,mmlu_all,2025,final,0.5614375910636231,0.5313798499811127,0.5657546813447737,0.004317090281150571,0.8882969617843628,1000
deepseek_r1_qwen7b,mmlu_all,2025,all,0.5614375910636231,0.5236090874750418,0.5430899573687334,-0.018347633694889676,0.8509899973869324,1000
falcon3_7b_instruct,arc_challenge,42,early,0.7751111111111111,0.46311111111111114,0.7022222222222222,-0.07288888888888889,0.8818828463554382,299
falcon3_7b_instruct,arc_challenge,42,middle,0.7751111111111111,0.4017777777777778,0.7226666666666667,-0.052444444444444405,0.8449949622154236,299
falcon3_7b_instruct,arc_challenge,42,late,0.7751111111111111,0.6826666666666668,0.7297777777777777,-0.04533333333333334,0.8232022523880005,299
falcon3_7b_instruct,arc_challenge,42,final,0.7751111111111111,0.6977777777777778,0.7146666666666667,-0.06044444444444441,0.7552484273910522,299
falcon3_7b_instruct,arc_challenge,42,all,0.7751111111111111,0.6782222222222223,0.7102222222222222,-0.06488888888888888,0.7633883357048035,299
falcon3_7b_instruct,arc_challenge,7,early,0.8248888888888889,0.6160000000000001,0.7928888888888889,-0.03200000000000003,0.8810403347015381,299
falcon3_7b_instruct,arc_challenge,7,middle,0.8248888888888889,0.5946666666666667,0.8204444444444445,-0.004444444444444362,0.8441675901412964,299
falcon3_7b_instruct,arc_challenge,7,late,0.8248888888888889,0.8213333333333335,0.8648888888888888,0.039999999999999925,0.8219259977340698,299
falcon3_7b_instruct,arc_challenge,7,final,0.8248888888888889,0.7537777777777778,0.8186666666666668,-0.006222222222222129,0.7538665533065796,299
falcon3_7b_instruct,arc_challenge,7,all,0.8248888888888889,0.8142222222222222,0.8577777777777779,0.03288888888888897,0.7621107697486877,299
falcon3_7b_instruct,arc_challenge,123,early,0.8622222222222222,0.6702222222222223,0.832888888888889,-0.02933333333333321,0.8797149658203125,299
falcon3_7b_instruct,arc_challenge,123,middle,0.8622222222222222,0.5795555555555556,0.8017777777777777,-0.06044444444444452,0.8426187038421631,299
falcon3_7b_instruct,arc_challenge,123,late,0.8622222222222222,0.7697777777777778,0.7946666666666667,-0.06755555555555548,0.8206321001052856,299
falcon3_7b_instruct,arc_challenge,123,final,0.8622222222222222,0.8222222222222223,0.8711111111111112,0.008888888888888946,0.7566730976104736,299
falcon3_7b_instruct,arc_challenge,123,all,0.8622222222222222,0.760888888888889,0.8,-0.06222222222222218,0.7618995308876038,299
falcon3_7b_instruct,arc_challenge,777,early,0.8079999999999999,0.632,0.7991111111111111,-0.008888888888888835,0.8831020593643188,299
falcon3_7b_instruct,arc_challenge,777,middle,0.8079999999999999,0.5146666666666667,0.8151111111111111,0.007111111111111179,0.8453645706176758,299
falcon3_7b_instruct,arc_challenge,777,late,0.8079999999999999,0.7751111111111111,0.8302222222222222,0.022222222222222254,0.8247339725494385,299
falcon3_7b_instruct,arc_challenge,777,final,0.8079999999999999,0.8106666666666666,0.824,0.016000000000000014,0.7599900960922241,299
falcon3_7b_instruct,arc_challenge,777,all,0.8079999999999999,0.8506666666666667,0.8302222222222222,0.022222222222222254,0.7660623788833618,299
falcon3_7b_instruct,arc_challenge,2025,early,0.8488888888888889,0.6471111111111112,0.8337777777777777,-0.015111111111111186,0.8812990784645081,299
falcon3_7b_instruct,arc_challenge,2025,middle,0.8488888888888889,0.5555555555555555,0.8266666666666667,-0.022222222222222254,0.8441329002380371,299
falcon3_7b_instruct,arc_challenge,2025,late,0.8488888888888889,0.8613333333333334,0.8586666666666667,0.009777777777777774,0.8221486806869507,299
falcon3_7b_instruct,arc_challenge,2025,final,0.8488888888888889,0.8435555555555556,0.8453333333333333,-0.003555555555555645,0.7574268579483032,299
falcon3_7b_instruct,arc_challenge,2025,all,0.8488888888888889,0.8995555555555557,0.9013333333333333,0.052444444444444405,0.762706995010376,299
falcon3_7b_instruct,commonsenseqa,42,early,0.8425925925925927,0.56002331002331,0.7880082880082881,-0.05458430458430452,0.7952174544334412,1000
falcon3_7b_instruct,commonsenseqa,42,middle,0.8425925925925927,0.5612535612535613,0.7854830354830354,-0.05710955710955723,0.7422796487808228,1000
falcon3_7b_instruct,commonsenseqa,42,late,0.8425925925925927,0.7585470085470085,0.8156565656565656,-0.026936026936027035,0.7562117576599121,1000
falcon3_7b_instruct,commonsenseqa,42,final,0.8425925925925927,0.778166278166278,0.8164335664335665,-0.02615902615902621,0.6222092509269714,1000
falcon3_7b_instruct,commonsenseqa,42,all,0.8425925925925927,0.7718855218855218,0.8297073297073297,-0.012885262885262927,0.6414141654968262,1000
falcon3_7b_instruct,commonsenseqa,7,early,0.8172105672105672,0.5792540792540792,0.772986272986273,-0.04422429422429419,0.7970112562179565,1000
falcon3_7b_instruct,commonsenseqa,7,middle,0.8172105672105672,0.5597643097643098,0.7983035483035483,-0.018907018907018847,0.7437109351158142,1000
falcon3_7b_instruct,commonsenseqa,7,late,0.8172105672105672,0.7623025123025123,0.8044548044548044,-0.012755762755762734,0.7570531368255615,1000
falcon3_7b_instruct,commonsenseqa,7,final,0.8172105672105672,0.7946127946127944,0.8169515669515669,-0.0002590002590002749,0.6211392283439636,1000
falcon3_7b_instruct,commonsenseqa,7,all,0.8172105672105672,0.7457912457912458,0.8029655529655529,-0.014245014245014231,0.6423068046569824,1000
falcon3_7b_instruct,commonsenseqa,123,early,0.7661227661227662,0.5747863247863247,0.7685832685832688,0.002460502460502556,0.7949609756469727,1000
falcon3_7b_instruct,commonsenseqa,123,middle,0.7661227661227662,0.5675343175343175,0.7546620046620047,-0.01146076146076147,0.7421083450317383,1000
falcon3_7b_instruct,commonsenseqa,123,late,0.7661227661227662,0.7305749805749807,0.7527842527842528,-0.013338513338513436,0.7584119439125061,1000
falcon3_7b_instruct,commonsenseqa,123,final,0.7661227661227662,0.7452084952084951,0.7639860139860141,-0.002136752136752129,0.6208840608596802,1000
falcon3_7b_instruct,commonsenseqa,123,all,0.7661227661227662,0.747021497021497,0.7850945350945351,0.018971768971768888,0.6411161422729492,1000
falcon3_7b_instruct,commonsenseqa,777,early,0.8517871017871017,0.5775705775705776,0.8146205646205648,-0.03716653716653695,0.7954760193824768,1000
falcon3_7b_instruct,commonsenseqa,777,middle,0.8517871017871017,0.6098161098161099,0.8401320901320901,-0.011655011655011593,0.7420281171798706,1000
falcon3_7b_instruct,commonsenseqa,777,late,0.8517871017871017,0.7476042476042477,0.7669645169645171,-0.08482258482258465,0.7554726600646973,1000
falcon3_7b_instruct,commonsenseqa,777,final,0.8517871017871017,0.7994042994042994,0.8102823102823102,-0.04150479150479147,0.6219884753227234,1000
falcon3_7b_instruct,commonsenseqa,777,all,0.8517871017871017,0.8054260554260555,0.8295130795130795,-0.022274022274022198,0.6412548422813416,1000
falcon3_7b_instruct,commonsenseqa,2025,early,0.8431105931105932,0.49715099715099714,0.7781662781662781,-0.06494431494431507,0.7951304316520691,1000
falcon3_7b_instruct,commonsenseqa,2025,middle,0.8431105931105932,0.5515410515410515,0.8011525511525511,-0.04195804195804209,0.7422082424163818,1000
falcon3_7b_instruct,commonsenseqa,2025,late,0.8431105931105932,0.7564750064750065,0.8071095571095572,-0.03600103600103599,0.7568461894989014,1000
falcon3_7b_instruct,commonsenseqa,2025,final,0.8431105931105932,0.754079254079254,0.785029785029785,-0.05808080808080818,0.6225593090057373,1000
falcon3_7b_instruct,commonsenseqa,2025,all,0.8431105931105932,0.7543382543382543,0.8138435638435638,-0.0292670292670294,0.641816258430481,1000
falcon3_7b_instruct,hellaswag,42,early,0.7894736842105263,0.57328216374269,0.7677266081871345,-0.021747076023391876,0.8645893335342407,1000
falcon3_7b_instruct,hellaswag,42,middle,0.7894736842105263,0.5676169590643274,0.7610867446393762,-0.028386939571150127,0.8290328979492188,1000
falcon3_7b_instruct,hellaswag,42,late,0.7894736842105263,0.7710769980506822,0.8066520467836257,0.01717836257309935,0.8220658302307129,1000
falcon3_7b_instruct,hellaswag,42,final,0.7894736842105263,0.7739400584795321,0.790204678362573,0.0007309941520466934,0.7727367877960205,1000
falcon3_7b_instruct,hellaswag,42,all,0.7894736842105263,0.7466496101364523,0.8023269980506823,0.012853313840155978,0.7510683536529541,1000
falcon3_7b_instruct,hellaswag,7,early,0.8515472709551657,0.6179946393762182,0.8506335282651072,-0.0009137426900585055,0.8644847869873047,1000
falcon3_7b_instruct,hellaswag,7,middle,0.8515472709551657,0.5740131578947368,0.8076267056530214,-0.04392056530214428,0.8307651281356812,1000
falcon3_7b_instruct,hellaswag,7,late,0.8515472709551657,0.7972100389863548,0.8392422027290448,-0.012305068226120874,0.8213847875595093,1000
falcon3_7b_instruct,hellaswag,7,final,0.8515472709551657,0.8153021442495126,0.8410087719298246,-0.010538499025341097,0.77398681640625,1000
falcon3_7b_instruct,hellaswag,7,all,0.8515472709551657,0.8003776803118907,0.8557504873294347,0.004203216374269014,0.7517713308334351,1000
falcon3_7b_instruct,hellaswag,123,early,0.7927022417153996,0.6456505847953216,0.7875243664717348,-0.0051778752436647535,0.8645068407058716,1000
falcon3_7b_instruct,hellaswag,123,middle,0.7927022417153996,0.5665204678362573,0.7831384015594541,-0.009563840155945469,0.829609215259552,1000
falcon3_7b_instruct,hellaswag,123,late,0.7927022417153996,0.7428118908382065,0.7803971734892787,-0.012305068226120874,0.8209133148193359,1000
falcon3_7b_instruct,hellaswag,123,final,0.7927022417153996,0.7613913255360624,0.792763157894737,6.091617933734472e-05,0.773098886013031,1000
falcon3_7b_instruct,hellaswag,123,all,0.7927022417153996,0.7690667641325536,0.8068957115009746,0.014193469785575008,0.7513828873634338,1000
falcon3_7b_instruct,hellaswag,777,early,0.7793006822612085,0.5936890838206628,0.7699805068226121,-0.009320175438596423,0.8654812574386597,1000
falcon3_7b_instruct,hellaswag,777,middle,0.7793006822612085,0.5988669590643275,0.7739400584795321,-0.005360623781676455,0.8311295509338379,1000
falcon3_7b_instruct,hellaswag,777,late,0.7793006822612085,0.7646807992202728,0.7868542884990253,0.007553606237816757,0.820704996585846,1000
falcon3_7b_instruct,hellaswag,777,final,0.7793006822612085,0.7649853801169589,0.7885599415204678,0.0092592592592593,0.7723489999771118,1000
falcon3_7b_instruct,hellaswag,777,all,0.7793006822612085,0.7499390838206628,0.7825292397660818,0.003228557504873275,0.7517558336257935,1000
falcon3_7b_instruct,hellaswag,2025,early,0.8391203703703703,0.5508040935672514,0.7855141325536061,-0.05360623781676421,0.865960955619812,1000
falcon3_7b_instruct,hellaswag,2025,middle,0.8391203703703703,0.5445297270955166,0.7850268031189084,-0.05409356725146197,0.831663966178894,1000
falcon3_7b_instruct,hellaswag,2025,late,0.8391203703703703,0.7810672514619883,0.8441764132553606,0.005056042884990286,0.8217867016792297,1000
falcon3_7b_instruct,hellaswag,2025,final,0.8391203703703703,0.8083576998050682,0.8284600389863548,-0.010660331384015564,0.7731118202209473,1000
falcon3_7b_instruct,hellaswag,2025,all,0.8391203703703703,0.7551778752436646,0.8298001949317738,-0.009320175438596534,0.7530062198638916,1000
falcon3_7b_instruct,mmlu_all,42,early,0.828971875582045,0.6364313652449245,0.792791953808903,-0.036179921773142,0.9179390668869019,1000
falcon3_7b_instruct,mmlu_all,42,middle,0.828971875582045,0.7380331532873905,0.8225926615757124,-0.0063792140063325675,0.8619774580001831,1000
falcon3_7b_instruct,mmlu_all,42,late,0.828971875582045,0.8278077854349042,0.8258521139877073,-0.003119761594337689,0.7597771883010864,1000
falcon3_7b_instruct,mmlu_all,42,final,0.828971875582045,0.8445241199478488,0.8404730862357982,0.011501210653753202,0.6650300621986389,1000
falcon3_7b_instruct,mmlu_all,42,all,0.828971875582045,0.8315328739057554,0.8288787483702739,-9.312721177112682e-05,0.7590255737304688,1000
falcon3_7b_instruct,mmlu_all,7,early,0.811650214192587,0.7011547774259639,0.8022909294095736,-0.0093592847830134,0.9147356748580933,1000
falcon3_7b_instruct,mmlu_all,7,middle,0.811650214192587,0.7546563605885639,0.8126746135220712,0.0010243993294841713,0.8556970357894897,1000
falcon3_7b_instruct,mmlu_all,7,late,0.811650214192587,0.7904172099087353,0.8009405848388899,-0.010709629353697125,0.7613105773925781,1000
falcon3_7b_instruct,mmlu_all,7,final,0.811650214192587,0.8085770162041349,0.81695846526355,0.005308251070962999,0.6600131988525391,1000
falcon3_7b_instruct,mmlu_all,7,all,0.811650214192587,0.8090892158688769,0.8213354442168002,0.009685230024213176,0.7522546648979187,1000
falcon3_7b_instruct,mmlu_all,123,early,0.762292791953809,0.677872974483144,0.7357515365989942,-0.026541255354814774,0.9183253049850464,1000
falcon3_7b_instruct,mmlu_all,123,middle,0.762292791953809,0.7180108027565655,0.739010989010989,-0.023281802942819896,0.860662579536438,1000
falcon3_7b_instruct,mmlu_all,123,late,0.762292791953809,0.7521419258707394,0.7509778357235986,-0.011314956230210393,0.7638572454452515,1000
falcon3_7b_instruct,mmlu_all,123,final,0.762292791953809,0.7586142670888434,0.7559601415533619,-0.00633265040044706,0.6669549942016602,1000
falcon3_7b_instruct,mmlu_all,123,all,0.762292791953809,0.7547494878003352,0.7505587632706276,-0.011734028683181297,0.75922691822052,1000
falcon3_7b_instruct,mmlu_all,777,early,0.7923263177500467,0.7032501396908176,0.792791953808903,0.0004656360588563002,0.9149483442306519,1000
falcon3_7b_instruct,mmlu_all,777,middle,0.7923263177500467,0.7223877817098155,0.7853883404730863,-0.006937977276960439,0.8587932586669922,1000
falcon3_7b_instruct,mmlu_all,777,late,0.7923263177500467,0.7983795865151798,0.7999627491152914,0.0076364313652447224,0.7612991333007812,1000
falcon3_7b_instruct,mmlu_all,777,final,0.7923263177500467,0.8027565654684299,0.8037344011920283,0.011408083441981631,0.6623830795288086,1000
falcon3_7b_instruct,mmlu_all,777,all,0.7923263177500467,0.7994039858446639,0.8042466008567704,0.011920283106723661,0.7557008266448975,1000
falcon3_7b_instruct,mmlu_all,2025,early,0.8183553734401192,0.6866734959955298,0.8089029614453344,-0.00945241199478486,0.9194085597991943,1000
falcon3_7b_instruct,mmlu_all,2025,middle,0.8183553734401192,0.712004097597318,0.7906500279381636,-0.02770534550195558,0.8631839156150818,1000
falcon3_7b_instruct,mmlu_all,2025,late,0.8183553734401192,0.8131868131868132,0.7990314769975787,-0.01932389644254051,0.7609951496124268,1000
falcon3_7b_instruct,mmlu_all,2025,final,0.8183553734401192,0.7896721922145652,0.7866455578319986,-0.031709815608120584,0.6623949408531189,1000
falcon3_7b_instruct,mmlu_all,2025,all,0.8183553734401192,0.796796423915068,0.7944216800149003,-0.023933693425218894,0.7595226764678955,1000
mistral7b_v03,arc_challenge,42,early,0.66,0.4928571428571428,0.5635714285714286,-0.09642857142857142,0.8568718433380127,299
mistral7b_v03,arc_challenge,42,middle,0.66,0.6378571428571429,0.585,-0.07500000000000007,0.8285126686096191,299
mistral7b_v03,arc_challenge,42,late,0.66,0.605,0.5792857142857143,-0.08071428571428574,0.8549547791481018,299
mistral7b_v03,arc_challenge,42,final,0.66,0.5942857142857143,0.555,-0.10499999999999998,0.8658876419067383,299
mistral7b_v03,arc_challenge,42,all,0.66,0.5492857142857143,0.515,-0.14500000000000002,0.8052418231964111,299
mistral7b_v03,arc_challenge,7,early,0.7264285714285714,0.5414285714285714,0.6307142857142858,-0.09571428571428564,0.8558985590934753,299
mistral7b_v03,arc_challenge,7,middle,0.7264285714285714,0.6592857142857143,0.6671428571428571,-0.059285714285714275,0.8266943097114563,299
mistral7b_v03,arc_challenge,7,late,0.7264285714285714,0.7285714285714285,0.7071428571428572,-0.01928571428571424,0.8510677814483643,299
mistral7b_v03,arc_challenge,7,final,0.7264285714285714,0.6828571428571428,0.6821428571428572,-0.04428571428571426,0.8629105687141418,299
mistral7b_v03,arc_challenge,7,all,0.7264285714285714,0.7228571428571429,0.7064285714285715,-0.019999999999999907,0.8029478788375854,299
mistral7b_v03,arc_challenge,123,early,0.615,0.6000000000000001,0.6542857142857144,0.03928571428571437,0.8564449548721313,299
mistral7b_v03,arc_challenge,123,middle,0.615,0.5642857142857143,0.5492857142857143,-0.06571428571428573,0.827045202255249,299
mistral7b_v03,arc_challenge,123,late,0.615,0.5907142857142857,0.5921428571428571,-0.02285714285714291,0.8520103693008423,299
mistral7b_v03,arc_challenge,123,final,0.615,0.5828571428571429,0.6128571428571428,-0.002142857142857224,0.8624067902565002,299
mistral7b_v03,arc_challenge,123,all,0.615,0.5585714285714285,0.5778571428571428,-0.037142857142857144,0.8032093048095703,299
mistral7b_v03,arc_challenge,777,early,0.7378571428571428,0.5742857142857143,0.6321428571428571,-0.10571428571428565,0.8583146333694458,299
mistral7b_v03,arc_challenge,777,middle,0.7378571428571428,0.6864285714285715,0.7092857142857142,-0.02857142857142858,0.8273012042045593,299
mistral7b_v03,arc_challenge,777,late,0.7378571428571428,0.6892857142857143,0.7164285714285715,-0.02142857142857124,0.8521466255187988,299
mistral7b_v03,arc_challenge,777,final,0.7378571428571428,0.69,0.67,-0.06785714285714273,0.8629684448242188,299
mistral7b_v03,arc_challenge,777,all,0.7378571428571428,0.6592857142857143,0.6735714285714286,-0.06428571428571417,0.8046109676361084,299
mistral7b_v03,arc_challenge,2025,early,0.6364285714285715,0.49142857142857144,0.615,-0.021428571428571463,0.8555328845977783,299
mistral7b_v03,arc_challenge,2025,middle,0.6364285714285715,0.7035714285714286,0.6964285714285714,0.05999999999999994,0.8269557952880859,299
mistral7b_v03,arc_challenge,2025,late,0.6364285714285715,0.6157142857142857,0.5878571428571429,-0.0485714285714286,0.8533353805541992,299
mistral7b_v03,arc_challenge,2025,final,0.6364285714285715,0.6107142857142858,0.5978571428571429,-0.03857142857142859,0.8644426465034485,299
mistral7b_v03,arc_challenge,2025,all,0.6364285714285715,0.665,0.6421428571428571,0.005714285714285672,0.8033241629600525,299
mistral7b_v03,commonsenseqa,42,early,0.7032054030874786,0.5541380789022299,0.6804245283018868,-0.022780874785591765,0.7568368315696716,1000
mistral7b_v03,commonsenseqa,42,middle,0.7032054030874786,0.6831046312178388,0.7101200686106347,0.006914665523156116,0.7310449481010437,1000
mistral7b_v03,commonsenseqa,42,late,0.7032054030874786,0.7279695540308748,0.7107632933104632,0.007557890222984587,0.7848750352859497,1000
mistral7b_v03,commonsenseqa,42,final,0.7032054030874786,0.725557461406518,0.7143010291595197,0.011095626072041065,0.784583330154419,1000
mistral7b_v03,commonsenseqa,42,all,0.7032054030874786,0.7167667238421955,0.6960227272727272,-0.007182675814751405,0.6953515410423279,1000
mistral7b_v03,commonsenseqa,7,early,0.7587907375643226,0.5641080617495712,0.7252358490566038,-0.033554888507718816,0.7588428258895874,1000
mistral7b_v03,commonsenseqa,7,middle,0.7587907375643226,0.6863207547169812,0.7499463979416809,-0.00884433962264164,0.7319813966751099,1000
mistral7b_v03,commonsenseqa,7,late,0.7587907375643226,0.7278623499142367,0.7471054888507718,-0.011685248713550811,0.7873661518096924,1000
mistral7b_v03,commonsenseqa,7,final,0.7587907375643226,0.7457118353344768,0.7435677530017153,-0.015222984562607289,0.7854177951812744,1000
mistral7b_v03,commonsenseqa,7,all,0.7587907375643226,0.7375643224699829,0.7529481132075471,-0.0058426243567755165,0.6979317665100098,1000
mistral7b_v03,commonsenseqa,123,early,0.7520904802744425,0.5436320754716981,0.7111385077186964,-0.04095197255574612,0.75950026512146,1000
mistral7b_v03,commonsenseqa,123,middle,0.7520904802744425,0.6765651801029159,0.7357418524871355,-0.016348627787306946,0.7336947321891785,1000
mistral7b_v03,commonsenseqa,123,late,0.7520904802744425,0.716069897084048,0.7294168096054889,-0.02267367066895354,0.7864368557929993,1000
mistral7b_v03,commonsenseqa,123,final,0.7520904802744425,0.7368138936535162,0.7257718696397942,-0.026318610634648243,0.7860311269760132,1000
mistral7b_v03,commonsenseqa,123,all,0.7520904802744425,0.7407804459691252,0.7405124356775301,-0.011578044596912362,0.6987025737762451,1000
mistral7b_v03,commonsenseqa,777,early,0.763507718696398,0.5003216123499142,0.6729738421955402,-0.09053387650085776,0.7597640752792358,1000
mistral7b_v03,commonsenseqa,777,middle,0.763507718696398,0.6606453687821612,0.7314536878216125,-0.03205403087478553,0.7336391806602478,1000
mistral7b_v03,commonsenseqa,777,late,0.763507718696398,0.7117817324185249,0.7399764150943398,-0.02353130360205824,0.7876172065734863,1000
mistral7b_v03,commonsenseqa,777,final,0.763507718696398,0.7517688679245282,0.7511256432246998,-0.012382075471698228,0.7854910492897034,1000
mistral7b_v03,commonsenseqa,777,all,0.763507718696398,0.707868782161235,0.7346162092624358,-0.028891509433962237,0.6983622908592224,1000
mistral7b_v03,commonsenseqa,2025,early,0.7505360205831904,0.5313036020583192,0.7342945969125214,-0.016241423670668942,0.7573100328445435,1000
mistral7b_v03,commonsenseqa,2025,middle,0.7505360205831904,0.6722234133790738,0.7360098627787307,-0.01452615780445965,0.7332658171653748,1000
mistral7b_v03,commonsenseqa,2025,late,0.7505360205831904,0.7205188679245282,0.7393331903945111,-0.011202830188679291,0.7871564030647278,1000
mistral7b_v03,commonsenseqa,2025,final,0.7505360205831904,0.7285591766723842,0.7254502572898798,-0.02508576329331058,0.7879348397254944,1000
mistral7b_v03,commonsenseqa,2025,all,0.7505360205831904,0.7237349914236707,0.7349378216123499,-0.015598198970840471,0.6980063319206238,1000
mistral7b_v03,hellaswag,42,early,0.7088210702341138,0.6444920568561873,0.7464987458193981,0.03767767558528434,0.8394855260848999,1000
mistral7b_v03,hellaswag,42,middle,0.7088210702341138,0.6682692307692307,0.735315635451505,0.02649456521739124,0.7553498148918152,1000
mistral7b_v03,hellaswag,42,late,0.7088210702341138,0.7288879598662207,0.7363607859531773,0.02753971571906355,0.8213837146759033,1000
mistral7b_v03,hellaswag,42,final,0.7088210702341138,0.7379807692307693,0.7490071070234113,0.04018603678929755,0.8431762456893921,1000
mistral7b_v03,hellaswag,42,all,0.7088210702341138,0.7302466555183947,0.7380330267558529,0.029211956521739135,0.756791889667511,1000
mistral7b_v03,hellaswag,7,early,0.711068143812709,0.5963106187290971,0.7190112876254181,0.007943143812709108,0.83961421251297,1000
mistral7b_v03,hellaswag,7,middle,0.711068143812709,0.6015363712374582,0.6860367892976588,-0.02503135451505023,0.7544499635696411,1000
mistral7b_v03,hellaswag,7,late,0.711068143812709,0.7293582775919732,0.7291492474916388,0.01808110367892979,0.8227176666259766,1000
mistral7b_v03,hellaswag,7,final,0.711068143812709,0.7258570234113713,0.7247596153846154,0.013691471571906422,0.8439025282859802,1000
mistral7b_v03,hellaswag,7,all,0.711068143812709,0.6981082775919732,0.7049017558528428,-0.0061663879598662374,0.7570410370826721,1000
mistral7b_v03,hellaswag,123,early,0.7003553511705686,0.5588942307692307,0.6997282608695652,-0.0006270903010033857,0.8389687538146973,1000
mistral7b_v03,hellaswag,123,middle,0.7003553511705686,0.6339360367892977,0.7043791806020067,0.004023829431438086,0.7550386190414429,1000
mistral7b_v03,hellaswag,123,late,0.7003553511705686,0.7153532608695652,0.7414820234113713,0.041126672240802686,0.8218727111816406,1000
mistral7b_v03,hellaswag,123,final,0.7003553511705686,0.7287311872909699,0.7325982441471571,0.032242892976588555,0.843457818031311,1000
mistral7b_v03,hellaswag,123,all,0.7003553511705686,0.6928302675585285,0.7150919732441471,0.01473662207357851,0.7572027444839478,1000
mistral7b_v03,hellaswag,777,early,0.726693143812709,0.5933319397993311,0.7225125418060201,-0.004180602006688905,0.8393468856811523,1000
mistral7b_v03,hellaswag,777,middle,0.726693143812709,0.7286789297658862,0.7656249999999999,0.03893185618729089,0.7541399002075195,1000
mistral7b_v03,hellaswag,777,late,0.726693143812709,0.7420568561872909,0.7555915551839465,0.028898411371237498,0.8206131458282471,1000
mistral7b_v03,hellaswag,777,final,0.726693143812709,0.7591973244147157,0.7572115384615384,0.03051839464882944,0.8427648544311523,1000
mistral7b_v03,hellaswag,777,all,0.726693143812709,0.7676630434782609,0.7637959866220736,0.0371028428093646,0.7562516331672668,1000
mistral7b_v03,hellaswag,2025,early,0.7684991638795987,0.6069711538461537,0.7876776755852842,0.01917851170568552,0.8382624387741089,1000
mistral7b_v03,hellaswag,2025,middle,0.7684991638795987,0.7005121237458195,0.7883570234113713,0.019857859531772548,0.7546011209487915,1000
mistral7b_v03,hellaswag,2025,late,0.7684991638795987,0.7836015886287626,0.7896634615384615,0.02116429765886274,0.8209290504455566,1000
mistral7b_v03,hellaswag,2025,final,0.7684991638795987,0.7975020903010033,0.8137541806020067,0.04525501672240795,0.8420240879058838,1000
mistral7b_v03,hellaswag,2025,all,0.7684991638795987,0.7720526755852842,0.7952550167224081,0.026755852842809347,0.7553141117095947,1000
mistral7b_v03,mmlu_all,42,early,0.7799067362297427,0.6841497760746109,0.7604690890622836,-0.019437647167459104,0.8836814165115356,1000
mistral7b_v03,mmlu_all,42,middle,0.7799067362297427,0.7491573941548546,0.7794450343967865,-0.00046170183295624057,0.8072301149368286,1000
mistral7b_v03,mmlu_all,42,late,0.7799067362297427,0.7881711990396603,0.795004386167413,0.015097649937670266,0.8289648294448853,1000
mistral7b_v03,mmlu_all,42,final,0.7799067362297427,0.7709035504870956,0.7688720624220878,-0.011034673807654882,0.8238159418106079,1000
mistral7b_v03,mmlu_all,42,all,0.7799067362297427,0.7873401357403389,0.7845699247426012,0.004663188512858518,0.803207516670227,1000
mistral7b_v03,mmlu_all,7,early,0.7284269818551179,0.6546008587654093,0.7016021053603583,-0.02682487649475962,0.8763082027435303,1000
mistral7b_v03,mmlu_all,7,middle,0.7284269818551179,0.6845191375409759,0.714529756683134,-0.013897225171983885,0.8023470640182495,1000
mistral7b_v03,mmlu_all,7,late,0.7284269818551179,0.7029872108592271,0.7189159240962186,-0.009511057758899266,0.8231725692749023,1000
mistral7b_v03,mmlu_all,7,final,0.7284269818551179,0.7206703910614525,0.7201163488619049,-0.008310632993212996,0.8226436376571655,1000
mistral7b_v03,mmlu_all,7,all,0.7284269818551179,0.7102359296366406,0.7156840112655247,-0.012742970589593172,0.7952835559844971,1000
mistral7b_v03,mmlu_all,123,early,0.7280114502054572,0.6660048940394293,0.6937531742001015,-0.03425827600535569,0.8790745735168457,1000
mistral7b_v03,mmlu_all,123,middle,0.7280114502054572,0.6678517013712545,0.6896901980700862,-0.038321252135370965,0.8032878637313843,1000
mistral7b_v03,mmlu_all,123,late,0.7280114502054572,0.7257491112239716,0.7295812364375087,0.0015697862320515066,0.8245159387588501,1000
mistral7b_v03,mmlu_all,123,final,0.7280114502054572,0.7360450620988965,0.7374301675977654,0.009418717392308151,0.8239409923553467,1000
mistral7b_v03,mmlu_all,123,all,0.7280114502054572,0.697908490696708,0.6961540237314743,-0.03185742647398293,0.7970845103263855,1000
mistral7b_v03,mmlu_all,777,early,0.7414008033611893,0.6796250981116394,0.7340597442171846,-0.007341059144004736,0.8791649341583252,1000
mistral7b_v03,mmlu_all,777,middle,0.7414008033611893,0.726303153423519,0.7480493097557597,0.006648506394570375,0.8036318421363831,1000
mistral7b_v03,mmlu_all,777,late,0.7414008033611893,0.7343829355002539,0.7246871970081721,-0.01671360635301722,0.8257828950881958,1000
mistral7b_v03,mmlu_all,777,final,0.7414008033611893,0.7533127106514613,0.7358142111824184,-0.005586592178770888,0.8242122530937195,1000
mistral7b_v03,mmlu_all,777,all,0.7414008033611893,0.7443556950921094,0.7274574080059097,-0.013943395355279553,0.7983493804931641,1000
mistral7b_v03,mmlu_all,2025,early,0.7723348261692599,0.7070963571725379,0.7624082367606999,-0.00992658940855995,0.8846110105514526,1000
mistral7b_v03,mmlu_all,2025,middle,0.7723348261692599,0.7708573803037999,0.7831848192437325,0.010849993074472652,0.8029552698135376,1000
mistral7b_v03,mmlu_all,2025,late,0.7723348261692599,0.7573756867814765,0.7617618541945611,-0.010572971974698753,0.8246882557868958,1000
mistral7b_v03,mmlu_all,2025,final,0.7723348261692599,0.7542822845006695,0.7599612170460316,-0.012373609123228269,0.8190227150917053,1000
mistral7b_v03,mmlu_all,2025,all,0.7723348261692599,0.7522507964356618,0.7492959047047416,-0.023038921464518247,0.800712525844574,1000
olmo2_7b_instruct,arc_challenge,42,early,0.8377525252525253,0.6477272727272727,0.8226010101010102,-0.015151515151515138,0.8388435244560242,299
olmo2_7b_instruct,arc_challenge,42,middle,0.8377525252525253,0.711489898989899,0.8194444444444444,-0.018308080808080884,0.7989944219589233,299
olmo2_7b_instruct,arc_challenge,42,late,0.8377525252525253,0.7159090909090909,0.7695707070707072,-0.06818181818181812,0.8118909597396851,299
olmo2_7b_instruct,arc_challenge,42,final,0.8377525252525253,0.8181818181818182,0.8282828282828283,-0.009469696969697017,0.7480911612510681,299
olmo2_7b_instruct,arc_challenge,42,all,0.8377525252525253,0.8345959595959597,0.8434343434343433,0.00568181818181801,0.7503740191459656,299
olmo2_7b_instruct,arc_challenge,7,early,0.7108585858585859,0.5315656565656566,0.702020202020202,-0.008838383838383868,0.8374533653259277,299
olmo2_7b_instruct,arc_challenge,7,middle,0.7108585858585859,0.5845959595959597,0.634469696969697,-0.07638888888888884,0.7999076843261719,299
olmo2_7b_instruct,arc_challenge,7,late,0.7108585858585859,0.6862373737373737,0.6950757575757576,-0.015782828282828287,0.8138712644577026,299
olmo2_7b_instruct,arc_challenge,7,final,0.7108585858585859,0.75,0.7140151515151515,0.0031565656565656353,0.7499723434448242,299
olmo2_7b_instruct,arc_challenge,7,all,0.7108585858585859,0.6767676767676768,0.6641414141414141,-0.04671717171717171,0.751315712928772,299
olmo2_7b_instruct,arc_challenge,123,early,0.7525252525252525,0.3888888888888889,0.6963383838383838,-0.05618686868686873,0.8413152098655701,299
olmo2_7b_instruct,arc_challenge,123,middle,0.7525252525252525,0.6224747474747476,0.6672979797979798,-0.08522727272727271,0.8014822006225586,299
olmo2_7b_instruct,arc_challenge,123,late,0.7525252525252525,0.7481060606060607,0.7720959595959597,0.019570707070707183,0.8143000602722168,299
olmo2_7b_instruct,arc_challenge,123,final,0.7525252525252525,0.7285353535353536,0.7544191919191918,0.0018939393939393367,0.7529587149620056,299
olmo2_7b_instruct,arc_challenge,123,all,0.7525252525252525,0.6571969696969697,0.69760101010101,-0.05492424242424243,0.7531510591506958,299
olmo2_7b_instruct,arc_challenge,777,early,0.7935606060606061,0.6003787878787878,0.8327020202020202,0.039141414141414144,0.8409196734428406,299
olmo2_7b_instruct,arc_challenge,777,middle,0.7935606060606061,0.6849747474747474,0.759469696969697,-0.03409090909090906,0.7993242740631104,299
olmo2_7b_instruct,arc_challenge,777,late,0.7935606060606061,0.8156565656565656,0.8169191919191919,0.023358585858585856,0.812709391117096,299
olmo2_7b_instruct,arc_challenge,777,final,0.7935606060606061,0.8282828282828283,0.8131313131313131,0.019570707070707072,0.7497780323028564,299
olmo2_7b_instruct,arc_challenge,777,all,0.7935606060606061,0.8118686868686869,0.8219696969696969,0.02840909090909083,0.7518652677536011,299
olmo2_7b_instruct,arc_challenge,2025,early,0.8440656565656566,0.5410353535353536,0.7531565656565657,-0.09090909090909083,0.8382417559623718,299
olmo2_7b_instruct,arc_challenge,2025,middle,0.8440656565656566,0.6868686868686867,0.7386363636363636,-0.10542929292929293,0.7986652851104736,299
olmo2_7b_instruct,arc_challenge,2025,late,0.8440656565656566,0.7455808080808081,0.7411616161616161,-0.10290404040404044,0.8102499842643738,299
olmo2_7b_instruct,arc_challenge,2025,final,0.8440656565656566,0.7859848484848484,0.7657828282828283,-0.07828282828282829,0.7487847208976746,299
olmo2_7b_instruct,arc_challenge,2025,all,0.8440656565656566,0.7720959595959596,0.7626262626262627,-0.08143939393939392,0.7492986917495728,299
olmo2_7b_instruct,commonsenseqa,42,early,0.7601894131574498,0.5017193753875642,0.725463667625007,-0.03472574553244279,0.7283622026443481,1000
olmo2_7b_instruct,commonsenseqa,42,middle,0.7601894131574498,0.6858334742657421,0.7620497209538305,0.001860307796380689,0.6994739770889282,1000
olmo2_7b_instruct,commonsenseqa,42,late,0.7601894131574498,0.7795817126106318,0.7950279046169456,0.0348384914594958,0.7761048078536987,1000
olmo2_7b_instruct,commonsenseqa,42,final,0.7601894131574498,0.7432211511359151,0.7632899261514178,0.003100512993967963,0.6381132006645203,1000
olmo2_7b_instruct,commonsenseqa,42,all,0.7601894131574498,0.7692090873217204,0.7784542533400981,0.01826484018264829,0.64557945728302,1000
olmo2_7b_instruct,commonsenseqa,7,early,0.7627825694796775,0.5227464907830205,0.7303117424883026,-0.032470826991374935,0.7264106273651123,1000
olmo2_7b_instruct,commonsenseqa,7,middle,0.7627825694796775,0.6466542646146908,0.7101302215457468,-0.0526523479339307,0.6985008716583252,1000
olmo2_7b_instruct,commonsenseqa,7,late,0.7627825694796775,0.7313828287953097,0.7242798353909464,-0.03850273408873106,0.7740044593811035,1000
olmo2_7b_instruct,commonsenseqa,7,final,0.7627825694796775,0.7134562263938216,0.726027397260274,-0.0367551722194035,0.6352005004882812,1000
olmo2_7b_instruct,commonsenseqa,7,all,0.7627825694796775,0.7171768419865833,0.7084390326399458,-0.0543435368397317,0.6435016393661499,1000
olmo2_7b_instruct,commonsenseqa,123,early,0.7910254242065505,0.5177292970291448,0.7423191837194881,-0.0487062404870624,0.7293092012405396,1000
olmo2_7b_instruct,commonsenseqa,123,middle,0.7910254242065505,0.6540954958002142,0.7537628953154067,-0.03726252889114379,0.6978351473808289,1000
olmo2_7b_instruct,commonsenseqa,123,late,0.7910254242065505,0.7727042110603755,0.7889396245560629,-0.0020857996504876075,0.7779392600059509,1000
olmo2_7b_instruct,commonsenseqa,123,final,0.7910254242065505,0.748576582670951,0.7661085743277525,-0.024916849878798053,0.6397403478622437,1000
olmo2_7b_instruct,commonsenseqa,123,all,0.7910254242065505,0.7561305597835278,0.780483680027059,-0.010541744179491497,0.6472690105438232,1000
olmo2_7b_instruct,commonsenseqa,777,early,0.7781723885224646,0.5052708720897457,0.7358926658774452,-0.042279722645019446,0.7271852493286133,1000
olmo2_7b_instruct,commonsenseqa,777,middle,0.7781723885224646,0.6642426292350189,0.7583291053610688,-0.01984328316139583,0.6989350914955139,1000
olmo2_7b_instruct,commonsenseqa,777,late,0.7781723885224646,0.7764248266531372,0.7847116522915609,0.006539263769096304,0.7739547491073608,1000
olmo2_7b_instruct,commonsenseqa,777,final,0.7781723885224646,0.7765939455437172,0.7857827385985681,0.007610350076103445,0.6352415084838867,1000
olmo2_7b_instruct,commonsenseqa,777,all,0.7781723885224646,0.7630080613337844,0.7732679406956424,-0.0049044478268222,0.6442499160766602,1000
olmo2_7b_instruct,commonsenseqa,2025,early,0.7685326117594004,0.5502001240205198,0.7481255989627373,-0.020407012796663015,0.7308083772659302,1000
olmo2_7b_instruct,commonsenseqa,2025,middle,0.7685326117594004,0.6578724843565026,0.7469981396922036,-0.02153447206719672,0.6983799934387207,1000
olmo2_7b_instruct,commonsenseqa,2025,late,0.7685326117594004,0.748745701561531,0.7768758103613507,0.008343198601950319,0.7766039967536926,1000
olmo2_7b_instruct,commonsenseqa,2025,final,0.7685326117594004,0.7230396301933594,0.7546648627318338,-0.0138677490275666,0.6380488872528076,1000
olmo2_7b_instruct,commonsenseqa,2025,all,0.7685326117594004,0.7362309036586053,0.7638536557866847,-0.004678955972715615,0.646339476108551,1000
olmo2_7b_instruct,hellaswag,42,early,0.7483852583586627,0.6104673252279635,0.7575037993920972,0.009118541033434568,0.7879568934440613,1000
olmo2_7b_instruct,hellaswag,42,middle,0.7483852583586627,0.593987462006079,0.7263487841945288,-0.0220364741641339,0.7450382709503174,1000
olmo2_7b_instruct,hellaswag,42,late,0.7483852583586627,0.7419737841945289,0.7813924772036474,0.0330072188449847,0.7734641432762146,1000
olmo2_7b_instruct,hellaswag,42,final,0.7483852583586627,0.7536094224924011,0.7907009878419453,0.04231572948328266,0.7223992347717285,1000
olmo2_7b_instruct,hellaswag,42,all,0.7483852583586627,0.7320478723404256,0.7652450607902735,0.016859802431610893,0.7018375396728516,1000
olmo2_7b_instruct,hellaswag,7,early,0.6905870060790275,0.6239551671732522,0.6946713525835867,0.004084346504559244,0.7904231548309326,1000
olmo2_7b_instruct,hellaswag,7,middle,0.6905870060790275,0.5919927811550152,0.6786664133738601,-0.011920592705167321,0.7454612255096436,1000
olmo2_7b_instruct,hellaswag,7,late,0.6905870060790275,0.6624715045592705,0.6902070668693009,-0.00037993920972656525,0.7749918103218079,1000
olmo2_7b_instruct,hellaswag,7,final,0.6905870060790275,0.7157579787234042,0.7209346504559271,0.03034764437689963,0.7242347002029419,1000
olmo2_7b_instruct,hellaswag,7,all,0.6905870060790275,0.6900645896656534,0.709488981762918,0.018901975683890515,0.7037391662597656,1000
olmo2_7b_instruct,hellaswag,123,early,0.6894946808510638,0.6309365501519757,0.7145231762917933,0.025028495440729492,0.7897342443466187,1000
olmo2_7b_instruct,hellaswag,123,middle,0.6894946808510638,0.652830547112462,0.7196998480243162,0.03020516717325239,0.7448488473892212,1000
olmo2_7b_instruct,hellaswag,123,late,0.6894946808510638,0.7603058510638299,0.7719414893617021,0.08244680851063835,0.7759094834327698,1000
olmo2_7b_instruct,hellaswag,123,final,0.6894946808510638,0.7332826747720365,0.7376994680851064,0.048204787234042645,0.7234984636306763,1000
olmo2_7b_instruct,hellaswag,123,all,0.6894946808510638,0.7371770516717326,0.7347074468085106,0.04521276595744683,0.7031445503234863,1000
olmo2_7b_instruct,hellaswag,777,early,0.7209821428571428,0.6202032674772036,0.7312879939209727,0.010305851063829863,0.7891947031021118,1000
olmo2_7b_instruct,hellaswag,777,middle,0.7209821428571428,0.6145516717325227,0.7020326747720363,-0.018949468085106447,0.7424933910369873,1000
olmo2_7b_instruct,hellaswag,777,late,0.7209821428571428,0.720934650455927,0.721931990881459,0.0009498480243161911,0.7754446268081665,1000
olmo2_7b_instruct,hellaswag,777,final,0.7209821428571428,0.7127184650455927,0.7383643617021278,0.01738221884498503,0.724878191947937,1000
olmo2_7b_instruct,hellaswag,777,all,0.7209821428571428,0.724354103343465,0.7327602583586625,0.011778115501519748,0.7027042508125305,1000
olmo2_7b_instruct,hellaswag,2025,early,0.6916318389057751,0.5845364741641338,0.6973784194528875,0.005746580547112412,0.791006863117218,1000
olmo2_7b_instruct,hellaswag,2025,middle,0.6916318389057751,0.6263297872340426,0.711673632218845,0.02004179331306999,0.7454313635826111,1000
olmo2_7b_instruct,hellaswag,2025,late,0.6916318389057751,0.7108662613981763,0.7408339665653496,0.049202127659574546,0.7753938436508179,1000
olmo2_7b_instruct,hellaswag,2025,final,0.6916318389057751,0.6961436170212766,0.7282009878419453,0.03656914893617025,0.7240689396858215,1000
olmo2_7b_instruct,hellaswag,2025,all,0.6916318389057751,0.695573708206687,0.7274411094224924,0.03580927051671734,0.7037535309791565,1000
olmo2_7b_instruct,mmlu_all,42,early,0.7651178451178452,0.6474971941638608,0.7378675645342312,-0.027250280583614006,0.8290936946868896,1000
olmo2_7b_instruct,mmlu_all,42,middle,0.7651178451178452,0.7185185185185186,0.7529517396184063,-0.012166105499438862,0.7834439277648926,1000
olmo2_7b_instruct,mmlu_all,42,late,0.7651178451178452,0.7516947250280583,0.7639955106621772,-0.001122334455668006,0.754391610622406,1000
olmo2_7b_instruct,mmlu_all,42,final,0.7651178451178452,0.7759820426487093,0.7825813692480358,0.01746352413019059,0.6663005352020264,1000
olmo2_7b_instruct,mmlu_all,42,all,0.7651178451178452,0.7517845117845118,0.7612570145903479,-0.0038608305274973054,0.719103217124939,1000
olmo2_7b_instruct,mmlu_all,7,early,0.7732884399551067,0.6873176206509538,0.7489113355780023,-0.024377104377104386,0.8304783701896667,1000
olmo2_7b_instruct,mmlu_all,7,middle,0.7732884399551067,0.7314029180695848,0.7571268237934905,-0.016161616161616155,0.7806673049926758,1000
olmo2_7b_instruct,mmlu_all,7,late,0.7732884399551067,0.7661952861952863,0.7770594837261504,0.0037710437710437583,0.7559782862663269,1000
olmo2_7b_instruct,mmlu_all,7,final,0.7732884399551067,0.7647586980920315,0.7654769921436587,-0.007811447811447936,0.6687220335006714,1000
olmo2_7b_instruct,mmlu_all,7,all,0.7732884399551067,0.7727946127946128,0.774006734006734,0.0007182940516273773,0.7200583219528198,1000
olmo2_7b_instruct,mmlu_all,123,early,0.7134455667789001,0.6453872053872054,0.7235465768799102,0.010101010101010055,0.8379677534103394,1000
olmo2_7b_instruct,mmlu_all,123,middle,0.7134455667789001,0.7012345679012345,0.7283501683501684,0.014904601571268272,0.786729633808136,1000
olmo2_7b_instruct,mmlu_all,123,late,0.7134455667789001,0.7287542087542087,0.7328395061728395,0.019393939393939408,0.7561925649642944,1000
olmo2_7b_instruct,mmlu_all,123,final,0.7134455667789001,0.7163636363636363,0.7134904601571268,4.4893378226662506e-05,0.6700631380081177,1000
olmo2_7b_instruct,mmlu_all,123,all,0.7134455667789001,0.7180695847362515,0.7221997755331089,0.008754208754208737,0.7265270352363586,1000
olmo2_7b_instruct,mmlu_all,777,early,0.7631874298540966,0.66006734006734,0.7493602693602694,-0.01382716049382715,0.8324767351150513,1000
olmo2_7b_instruct,mmlu_all,777,middle,0.7631874298540966,0.7144332210998877,0.7357575757575757,-0.027429854096520878,0.7839541435241699,1000
olmo2_7b_instruct,mmlu_all,777,late,0.7631874298540966,0.7605387205387206,0.7544781144781144,-0.008709315375982185,0.7553765773773193,1000
olmo2_7b_instruct,mmlu_all,777,final,0.7631874298540966,0.7554657687991021,0.7579797979797979,-0.005207631874298735,0.6706197261810303,1000
olmo2_7b_instruct,mmlu_all,777,all,0.7631874298540966,0.7377328843995511,0.7369696969696969,-0.026217732884399658,0.7235814332962036,1000
olmo2_7b_instruct,mmlu_all,2025,early,0.7464870931537598,0.6223569023569024,0.7250729517396185,-0.02141414141414133,0.828526496887207,1000
olmo2_7b_instruct,mmlu_all,2025,middle,0.7464870931537598,0.6693602693602694,0.7133557800224466,-0.033131313131313234,0.7814434766769409,1000
olmo2_7b_instruct,mmlu_all,2025,late,0.7464870931537598,0.717037037037037,0.7178900112233446,-0.028597081930415214,0.7519619464874268,1000
olmo2_7b_instruct,mmlu_all,2025,final,0.7464870931537598,0.7276767676767677,0.731223344556678,-0.015263748597081794,0.6633924841880798,1000
olmo2_7b_instruct,mmlu_all,2025,all,0.7464870931537598,0.7232772166105499,0.7314478114478115,-0.01503928170594837,0.7176748514175415,1000
qwen25_7b,arc_challenge,42,early,0.8834019204389576,0.4499314128943758,0.6282578875171467,-0.25514403292181087,0.892679750919342,299
qwen25_7b,arc_challenge,42,middle,0.8834019204389576,0.5582990397805212,0.7146776406035665,-0.16872427983539107,0.888159990310669,299
qwen25_7b,arc_challenge,42,late,0.8834019204389576,0.6529492455418381,0.7270233196159122,-0.15637860082304544,0.8287257552146912,299
qwen25_7b,arc_challenge,42,final,0.8834019204389576,0.5486968449931413,0.6145404663923182,-0.2688614540466394,0.9062895774841309,299
qwen25_7b,arc_challenge,42,all,0.8834019204389576,0.6831275720164608,0.728395061728395,-0.15500685871056263,0.8248211145401001,299
qwen25_7b,arc_challenge,7,early,0.7750342935528121,0.4334705075445816,0.6131687242798354,-0.16186556927297668,0.8945699334144592,299
qwen25_7b,arc_challenge,7,middle,0.7750342935528121,0.5802469135802469,0.6556927297668038,-0.11934156378600824,0.8898305892944336,299
qwen25_7b,arc_challenge,7,late,0.7750342935528121,0.6584362139917694,0.6625514403292181,-0.11248285322359397,0.8292289972305298,299
qwen25_7b,arc_challenge,7,final,0.7750342935528121,0.5733882030178327,0.5871056241426611,-0.18792866941015096,0.9066809415817261,299
qwen25_7b,arc_challenge,7,all,0.7750342935528121,0.6049382716049383,0.6556927297668038,-0.11934156378600824,0.8252255320549011,299
qwen25_7b,arc_challenge,123,early,0.914951989026063,0.4663923182441701,0.6735253772290809,-0.2414266117969821,0.8952815532684326,299
qwen25_7b,arc_challenge,123,middle,0.914951989026063,0.5706447187928669,0.7379972565157751,-0.17695473251028793,0.8895689249038696,299
qwen25_7b,arc_challenge,123,late,0.914951989026063,0.6680384087791494,0.7133058984910837,-0.20164609053497928,0.8285735845565796,299
qwen25_7b,arc_challenge,123,final,0.914951989026063,0.7421124828532235,0.766803840877915,-0.14814814814814803,0.9078867435455322,299
qwen25_7b,arc_challenge,123,all,0.914951989026063,0.7187928669410151,0.7503429355281206,-0.16460905349794241,0.8265492916107178,299
qwen25_7b,arc_challenge,777,early,0.7654320987654321,0.5006858710562414,0.6186556927297667,-0.14677640603566533,0.8939449191093445,299
qwen25_7b,arc_challenge,777,middle,0.7654320987654321,0.3264746227709191,0.6364883401920438,-0.12894375857338825,0.8892130851745605,299
qwen25_7b,arc_challenge,777,late,0.7654320987654321,0.7187928669410151,0.6762688614540466,-0.08916323731138542,0.8298503756523132,299
qwen25_7b,arc_challenge,777,final,0.7654320987654321,0.7352537722908092,0.7462277091906722,-0.019204389574759895,0.9073039889335632,299
qwen25_7b,arc_challenge,777,all,0.7654320987654321,0.5857338820301783,0.5733882030178326,-0.1920438957475995,0.8255575895309448,299
qwen25_7b,arc_challenge,2025,early,0.8134430727023321,0.448559670781893,0.6282578875171467,-0.18518518518518534,0.8938624858856201,299
qwen25_7b,arc_challenge,2025,middle,0.8134430727023321,0.6310013717421125,0.6803840877914952,-0.1330589849108369,0.8890870213508606,299
qwen25_7b,arc_challenge,2025,late,0.8134430727023321,0.5541838134430728,0.6447187928669409,-0.16872427983539118,0.8272958993911743,299
qwen25_7b,arc_challenge,2025,final,0.8134430727023321,0.6337448559670782,0.5967078189300412,-0.21673525377229086,0.9059021472930908,299
qwen25_7b,arc_challenge,2025,all,0.8134430727023321,0.6378600823045267,0.6447187928669411,-0.16872427983539096,0.8242970705032349,299
qwen25_7b,commonsenseqa,42,early,0.8339317088075777,0.5078298067374531,0.7343976777939042,-0.09953403101367353,0.8235694766044617,1000
qwen25_7b,commonsenseqa,42,middle,0.8339317088075777,0.45764265525933845,0.729967153005882,-0.10396455580169572,0.80640709400177,1000
qwen25_7b,commonsenseqa,42,late,0.8339317088075777,0.7770987701474295,0.8136887938278207,-0.020242914979757054,0.7489538788795471,1000
qwen25_7b,commonsenseqa,42,final,0.8339317088075777,0.8116263081506379,0.7884042471927278,-0.045527461614849885,0.8380247950553894,1000
qwen25_7b,commonsenseqa,42,all,0.8339317088075777,0.7316476968909938,0.7573141853181575,-0.07661752348942019,0.7198110818862915,1000
qwen25_7b,commonsenseqa,7,early,0.841341379573753,0.5424337330990757,0.7962722481093881,-0.045069131464364864,0.823615550994873,1000
qwen25_7b,commonsenseqa,7,middle,0.841341379573753,0.5471698113207548,0.7767932167137728,-0.06454816285998022,0.808505654335022,1000
qwen25_7b,commonsenseqa,7,late,0.841341379573753,0.7505920097777099,0.7926056069055076,-0.04873577266824536,0.7508885264396667,1000
qwen25_7b,commonsenseqa,7,final,0.841341379573753,0.8026888702161791,0.8008555496142388,-0.04048582995951422,0.8371996283531189,1000
qwen25_7b,commonsenseqa,7,all,0.841341379573753,0.7648766328011611,0.8058207929111603,-0.035520586662592724,0.7206820249557495,1000
qwen25_7b,commonsenseqa,123,early,0.8362233595600032,0.5822320678328623,0.8252234359483615,-0.010999923611641704,0.8231722116470337,1000
qwen25_7b,commonsenseqa,123,middle,0.8362233595600032,0.5578641814987396,0.7838209456878772,-0.052402413872125964,0.8075244426727295,1000
qwen25_7b,commonsenseqa,123,late,0.8362233595600032,0.739515697807654,0.7865709265907876,-0.04965243296921551,0.7489546537399292,1000
qwen25_7b,commonsenseqa,123,final,0.8362233595600032,0.8112443663585669,0.7932931021312352,-0.04293025742876799,0.8366416692733765,1000
qwen25_7b,commonsenseqa,123,all,0.8362233595600032,0.788480635551142,0.8091054923229701,-0.027117867237033022,0.7190791368484497,1000
qwen25_7b,commonsenseqa,777,early,0.8025360934993507,0.5552669773126575,0.7675502253456572,-0.03498586815369353,0.8216156959533691,1000
qwen25_7b,commonsenseqa,777,middle,0.8025360934993507,0.5629058131540754,0.742036513635322,-0.06049957986402876,0.8066302537918091,1000
qwen25_7b,commonsenseqa,777,late,0.8025360934993507,0.7301963180811245,0.7505920097777099,-0.05194408372164083,0.7490898370742798,1000
qwen25_7b,commonsenseqa,777,final,0.8025360934993507,0.7548697578489039,0.7459323199144451,-0.05660377358490565,0.8388651609420776,1000
qwen25_7b,commonsenseqa,777,all,0.8025360934993507,0.7269880070277289,0.7631960889160492,-0.03934000458330156,0.7191215753555298,1000
qwen25_7b,commonsenseqa,2025,early,0.847376059888473,0.5526697731265755,0.7882514704758996,-0.05912458941257337,0.8239681720733643,1000
qwen25_7b,commonsenseqa,2025,middle,0.847376059888473,0.5644335803223589,0.7722099152089222,-0.07516614467955074,0.8079965710639954,1000
qwen25_7b,commonsenseqa,2025,late,0.847376059888473,0.7627377587655643,0.785425101214575,-0.06195095867389799,0.7497777938842773,1000
qwen25_7b,commonsenseqa,2025,final,0.847376059888473,0.8078832785883432,0.8041402490260485,-0.04323581086242445,0.8380467891693115,1000
qwen25_7b,commonsenseqa,2025,all,0.847376059888473,0.7795431976166832,0.8102513176991827,-0.037124742189290294,0.7205790281295776,1000
qwen25_7b,hellaswag,42,early,0.876981868444589,0.6613545816733067,0.8373851532644931,-0.03959671518009589,0.8504818677902222,1000
qwen25_7b,hellaswag,42,middle,0.876981868444589,0.6549312952272542,0.8446215139442232,-0.032360354500365784,0.8598459959030151,1000
qwen25_7b,hellaswag,42,late,0.876981868444589,0.8381982274981705,0.8499064964631271,-0.027075371981461926,0.8212333917617798,1000
qwen25_7b,hellaswag,42,final,0.876981868444589,0.8315310187820149,0.8307179445483373,-0.04626392389625178,0.9151495695114136,1000
qwen25_7b,hellaswag,42,all,0.876981868444589,0.8664932108301489,0.869095048377917,-0.007886820066672073,0.7943207025527954,1000
qwen25_7b,hellaswag,7,early,0.8750304902837629,0.6308642979103992,0.8549475567119279,-0.020082933571834993,0.847754955291748,1000
qwen25_7b,hellaswag,7,middle,0.8750304902837629,0.6650134157248557,0.8525083340108952,-0.02252215627286769,0.8582316040992737,1000
qwen25_7b,hellaswag,7,late,0.8750304902837629,0.882917310350435,0.897796568826734,0.02276607854297108,0.8200330138206482,1000
qwen25_7b,hellaswag,7,final,0.8750304902837629,0.8929994308480363,0.8899910561834296,0.014960565899666656,0.9141219854354858,1000
qwen25_7b,hellaswag,7,all,0.8750304902837629,0.8823481583868608,0.8881209854459712,0.013090495162208282,0.7924623489379883,1000
qwen25_7b,hellaswag,123,early,0.8638913732823806,0.6041954630457761,0.8251077323359622,-0.038783640946418396,0.8489995002746582,1000
qwen25_7b,hellaswag,123,middle,0.8638913732823806,0.615415887470526,0.8186031384665419,-0.04528823481583877,0.8584001660346985,1000
qwen25_7b,hellaswag,123,late,0.8638913732823806,0.8465728921050492,0.8374664606878609,-0.026424912594519734,0.8203046321868896,1000
qwen25_7b,hellaswag,123,final,0.8638913732823806,0.8576307016830638,0.8596633872672576,-0.004227986015123086,0.9148719310760498,1000
qwen25_7b,hellaswag,123,all,0.8638913732823806,0.8333197820961055,0.8411252947394097,-0.02276607854297097,0.7927346229553223,1000
qwen25_7b,hellaswag,777,early,0.8886901374095455,0.6592405886657452,0.8454345881779006,-0.043255549231644874,0.8509276509284973,1000
qwen25_7b,hellaswag,777,middle,0.8886901374095455,0.6056589966663957,0.8430766729002358,-0.0456134645093097,0.8608413338661194,1000
qwen25_7b,hellaswag,777,late,0.8886901374095455,0.8684445889909749,0.8682006667208716,-0.020489470688673905,0.8217974901199341,1000
qwen25_7b,hellaswag,777,final,0.8886901374095455,0.8947068867387592,0.8874705260590291,-0.001219611350516403,0.9147933721542358,1000
qwen25_7b,hellaswag,777,all,0.8886901374095455,0.8593381575737865,0.8638913732823807,-0.024798764127164752,0.7951448559761047,1000
qwen25_7b,hellaswag,2025,early,0.8526709488576307,0.6529799170664281,0.8303927148548663,-0.022278234002764408,0.8492706418037415,1000
qwen25_7b,hellaswag,2025,middle,0.8526709488576307,0.65110984632897,0.8376290755345964,-0.015041873323034305,0.8587371706962585,1000
qwen25_7b,hellaswag,2025,late,0.8526709488576307,0.8155134563785673,0.8145377672981543,-0.038133181559476426,0.820338249206543,1000
qwen25_7b,hellaswag,2025,final,0.8526709488576307,0.8554354012521344,0.8497438816163915,-0.002927067241239256,0.915696918964386,1000
qwen25_7b,hellaswag,2025,all,0.8526709488576307,0.8406374501992032,0.842670135783397,-0.010000813074233728,0.7935089468955994,1000
qwen25_7b,mmlu_all,42,early,0.8308600770218229,0.6478562259306804,0.810834403080873,-0.020025673940949895,0.9502921104431152,1000
qwen25_7b,mmlu_all,42,middle,0.8308600770218229,0.690012836970475,0.8117073170731707,-0.019152759948652176,0.9342120289802551,1000
qwen25_7b,mmlu_all,42,late,0.8308600770218229,0.7891655969191271,0.8185879332477536,-0.012272143774069266,0.7605697512626648,1000
qwen25_7b,mmlu_all,42,final,0.8308600770218229,0.7874711168164313,0.8156611039794608,-0.015198973042362063,0.8366398215293884,1000
qwen25_7b,mmlu_all,42,all,0.8308600770218229,0.7991784338896021,0.8261360718870346,-0.004724005134788212,0.8355281352996826,1000
qwen25_7b,mmlu_all,7,early,0.8677278562259307,0.6366623876765083,0.8481129653401799,-0.019614890885750857,0.9446514248847961,1000
qwen25_7b,mmlu_all,7,middle,0.8677278562259307,0.6936585365853658,0.8429781771501925,-0.024749679075738218,0.9304280281066895,1000
qwen25_7b,mmlu_all,7,late,0.8677278562259307,0.8050834403080872,0.8267522464698333,-0.040975609756097486,0.763669490814209,1000
qwen25_7b,mmlu_all,7,final,0.8677278562259307,0.8183311938382541,0.834813863928113,-0.03291399229781777,0.8359112739562988,1000
qwen25_7b,mmlu_all,7,all,0.8677278562259307,0.8222336328626445,0.8386649550706035,-0.02906290115532728,0.8311944007873535,1000
qwen25_7b,mmlu_all,123,early,0.8581258023106547,0.6351732991014121,0.8181258023106548,-0.039999999999999925,0.9502901434898376,1000
qwen25_7b,mmlu_all,123,middle,0.8581258023106547,0.6736328626444159,0.8291142490372273,-0.029011553273427415,0.9322928190231323,1000
qwen25_7b,mmlu_all,123,late,0.8581258023106547,0.8204878048780487,0.8376379974326059,-0.0204878048780488,0.7654195427894592,1000
qwen25_7b,mmlu_all,123,final,0.8581258023106547,0.8307573812580231,0.8477535301668807,-0.010372272143774008,0.8389248847961426,1000
qwen25_7b,mmlu_all,123,all,0.8581258023106547,0.8183311938382541,0.8411296534017972,-0.016996148908857478,0.8357852101325989,1000
qwen25_7b,mmlu_all,777,early,0.8462130937098845,0.6790757381258024,0.8369704749679076,-0.00924261874197696,0.9439383149147034,1000
qwen25_7b,mmlu_all,777,middle,0.8462130937098845,0.6808729139922979,0.8111424903722722,-0.03507060333761236,0.9295600056648254,1000
qwen25_7b,mmlu_all,777,late,0.8462130937098845,0.8159691912708601,0.8170988446726574,-0.029114249037227147,0.7620127201080322,1000
qwen25_7b,mmlu_all,777,final,0.8462130937098845,0.8161232349165597,0.8267008985879332,-0.019512195121951348,0.8354107737541199,1000
qwen25_7b,mmlu_all,777,all,0.8462130937098845,0.818382541720154,0.8202310654685495,-0.025982028241334998,0.8302940726280212,1000
qwen25_7b,mmlu_all,2025,early,0.8682926829268293,0.7261103979460848,0.8574069319640565,-0.010885750962772778,0.9420925378799438,1000
qwen25_7b,mmlu_all,2025,middle,0.8682926829268293,0.7592297817715019,0.8575096277278562,-0.010783055198973046,0.9233614206314087,1000
qwen25_7b,mmlu_all,2025,late,0.8682926829268293,0.8418998716302952,0.8607445442875481,-0.007548138639281166,0.7603433132171631,1000
qwen25_7b,mmlu_all,2025,final,0.8682926829268293,0.858023106546855,0.8578690629011553,-0.010423620025673985,0.834537148475647,1000
qwen25_7b,mmlu_all,2025,all,0.8682926829268293,0.8516559691912708,0.8662387676508345,-0.0020539152759947443,0.825177788734436,1000
