model_key,dataset,seed,pca_dim,cheap_auc,cheap_plus_pca_auc,gain,pca_explained_variance,n_total
deepseek_r1_qwen7b,arc_challenge,42,8,0.6579988694177501,0.6297343131712833,-0.028264556246466843,0.45975518226623535,299
deepseek_r1_qwen7b,arc_challenge,42,16,0.6579988694177501,0.6370830977953647,-0.02091577162238545,0.5795608758926392,299
deepseek_r1_qwen7b,arc_challenge,42,32,0.6579988694177501,0.5178066704352742,-0.14019219898247592,0.6932266354560852,299
deepseek_r1_qwen7b,arc_challenge,42,64,0.6579988694177501,0.5121537591859808,-0.14584511023176927,0.8114538788795471,299
deepseek_r1_qwen7b,arc_challenge,42,128,0.6579988694177501,0.4946297343131713,-0.1633691351045788,0.9295393228530884,299
deepseek_r1_qwen7b,arc_challenge,42,256,0.6579988694177501,0.5019785189372526,-0.15602035048049745,0.9999998807907104,299
deepseek_r1_qwen7b,arc_challenge,7,8,0.6930469191633691,0.6568682871678914,-0.03617863199547777,0.44808852672576904,299
deepseek_r1_qwen7b,arc_challenge,7,16,0.6930469191633691,0.6127755794234031,-0.08027133973996603,0.5692143440246582,299
deepseek_r1_qwen7b,arc_challenge,7,32,0.6930469191633691,0.5941209723007348,-0.09892594686263434,0.6851541996002197,299
deepseek_r1_qwen7b,arc_challenge,7,64,0.6930469191633691,0.57263990955342,-0.1204070096099491,0.8061431050300598,299
deepseek_r1_qwen7b,arc_challenge,7,128,0.6930469191633691,0.5279819106840022,-0.1650650084793669,0.9272431135177612,299
deepseek_r1_qwen7b,arc_challenge,7,256,0.6930469191633691,0.5178066704352742,-0.17524024872809496,1.0,299
deepseek_r1_qwen7b,arc_challenge,123,8,0.6913510457885812,0.6546071226681741,-0.036743923120407085,0.44525548815727234,299
deepseek_r1_qwen7b,arc_challenge,123,16,0.6913510457885812,0.6659129451667609,-0.02543810062182028,0.5691540837287903,299
deepseek_r1_qwen7b,arc_challenge,123,32,0.6913510457885812,0.6269078575466366,-0.06444318824194462,0.6854891777038574,299
deepseek_r1_qwen7b,arc_challenge,123,64,0.6913510457885812,0.5647258338044092,-0.12662521198417198,0.8067874908447266,299
deepseek_r1_qwen7b,arc_challenge,123,128,0.6913510457885812,0.5602035048049745,-0.1311475409836067,0.9271764755249023,299
deepseek_r1_qwen7b,arc_challenge,123,256,0.6913510457885812,0.4737139626907857,-0.2176370830977955,1.0,299
deepseek_r1_qwen7b,arc_challenge,777,8,0.5828151498021481,0.5777275296777841,-0.005087620124364034,0.4449670910835266,299
deepseek_r1_qwen7b,arc_challenge,777,16,0.5828151498021481,0.5618993781797627,-0.02091577162238545,0.5685253739356995,299
deepseek_r1_qwen7b,arc_challenge,777,32,0.5828151498021481,0.5652911249293386,-0.017524024872809463,0.6866918802261353,299
deepseek_r1_qwen7b,arc_challenge,777,64,0.5828151498021481,0.5743357829282081,-0.00847936687394002,0.8053225874900818,299
deepseek_r1_qwen7b,arc_challenge,777,128,0.5828151498021481,0.5313736574335783,-0.05144149236856976,0.9270532727241516,299
deepseek_r1_qwen7b,arc_challenge,777,256,0.5828151498021481,0.5019785189372526,-0.08083663086489545,1.0,299
deepseek_r1_qwen7b,arc_challenge,2025,8,0.5873374788015828,0.5647258338044092,-0.022611644997173608,0.43592503666877747,299
deepseek_r1_qwen7b,arc_challenge,2025,16,0.5873374788015828,0.5822498586772187,-0.005087620124364145,0.5625385642051697,299
deepseek_r1_qwen7b,arc_challenge,2025,32,0.5873374788015828,0.5873374788015828,0.0,0.6806033849716187,299
deepseek_r1_qwen7b,arc_challenge,2025,64,0.5873374788015828,0.6065573770491803,0.01921989824759751,0.8034965991973877,299
deepseek_r1_qwen7b,arc_challenge,2025,128,0.5873374788015828,0.5449406444318824,-0.04239683436970043,0.926177442073822,299
deepseek_r1_qwen7b,arc_challenge,2025,256,0.5873374788015828,0.5505935556811759,-0.036743923120406974,0.9999999403953552,299
deepseek_r1_qwen7b,commonsenseqa,42,8,0.6235987444750496,0.5946448017423611,-0.028953942732688476,0.35738006234169006,1000
deepseek_r1_qwen7b,commonsenseqa,42,16,0.6235987444750496,0.6054064441739799,-0.018192300301069664,0.46708768606185913,1000
deepseek_r1_qwen7b,commonsenseqa,42,32,0.6235987444750496,0.5789507398629172,-0.044648004612132364,0.5778337717056274,1000
deepseek_r1_qwen7b,commonsenseqa,42,64,0.6235987444750496,0.600538082121581,-0.023060662353468597,0.6891472935676575,1000
deepseek_r1_qwen7b,commonsenseqa,42,128,0.6235987444750496,0.635129075651784,0.01153033117673441,0.7949155569076538,1000
deepseek_r1_qwen7b,commonsenseqa,42,256,0.6235987444750496,0.592274678111588,-0.03132406636346163,0.8933984041213989,1000
deepseek_r1_qwen7b,commonsenseqa,7,8,0.6863109345973993,0.6559477291653322,-0.030363205432067164,0.35664013028144836,1000
deepseek_r1_qwen7b,commonsenseqa,7,16,0.6863109345973993,0.6285952213183011,-0.05771571327909819,0.4651179313659668,1000
deepseek_r1_qwen7b,commonsenseqa,7,32,0.6863109345973993,0.6448017423611556,-0.04150919223624372,0.5755694508552551,1000
deepseek_r1_qwen7b,commonsenseqa,7,64,0.6863109345973993,0.61943501377234,-0.06687592082505933,0.6856676340103149,1000
deepseek_r1_qwen7b,commonsenseqa,7,128,0.6863109345973993,0.6171289475369931,-0.06918198706040624,0.7914838790893555,1000
deepseek_r1_qwen7b,commonsenseqa,7,256,0.6863109345973993,0.6114918967394786,-0.07481903785792077,0.8915374279022217,1000
deepseek_r1_qwen7b,commonsenseqa,123,8,0.6812504003587214,0.6880404842739094,0.006790083915187983,0.35807615518569946,1000
deepseek_r1_qwen7b,commonsenseqa,123,16,0.6812504003587214,0.6562680161424637,-0.024982384216257758,0.4669434428215027,1000
deepseek_r1_qwen7b,commonsenseqa,123,32,0.6812504003587214,0.6331432963935687,-0.04810710396515272,0.5778626203536987,1000
deepseek_r1_qwen7b,commonsenseqa,123,64,0.6812504003587214,0.6117481263211837,-0.06950227403753773,0.6887129545211792,1000
deepseek_r1_qwen7b,commonsenseqa,123,128,0.6812504003587214,0.622189481775671,-0.059060918583050404,0.7942409515380859,1000
deepseek_r1_qwen7b,commonsenseqa,123,256,0.6812504003587214,0.5891999231311255,-0.09205047722759596,0.8932723999023438,1000
deepseek_r1_qwen7b,commonsenseqa,777,8,0.6227659983345076,0.5873422586637628,-0.03542373967074486,0.3565669357776642,1000
deepseek_r1_qwen7b,commonsenseqa,777,16,0.6227659983345076,0.5656908590096726,-0.05707513932483499,0.4662461280822754,1000
deepseek_r1_qwen7b,commonsenseqa,777,32,0.6227659983345076,0.5789507398629171,-0.04381525847159051,0.5770203471183777,1000
deepseek_r1_qwen7b,commonsenseqa,777,64,0.6227659983345076,0.6244314906155916,0.0016654922810839246,0.6876703500747681,1000
deepseek_r1_qwen7b,commonsenseqa,777,128,0.6227659983345076,0.6025879187752226,-0.020178079559285078,0.7936705350875854,1000
deepseek_r1_qwen7b,commonsenseqa,777,256,0.6227659983345076,0.6235987444750497,0.0008327461405420733,0.8928754329681396,1000
deepseek_r1_qwen7b,commonsenseqa,2025,8,0.646595349433092,0.6758695791429121,0.029274229709820077,0.3539441227912903,1000
deepseek_r1_qwen7b,commonsenseqa,2025,16,0.646595349433092,0.674780603420665,0.02818525398757299,0.4633992910385132,1000
deepseek_r1_qwen7b,commonsenseqa,2025,32,0.646595349433092,0.613926077765678,-0.03266927166741407,0.5736790299415588,1000
deepseek_r1_qwen7b,commonsenseqa,2025,64,0.646595349433092,0.601178656075844,-0.04541669335724807,0.6844340562820435,1000
deepseek_r1_qwen7b,commonsenseqa,2025,128,0.646595349433092,0.6137979629748255,-0.032797386458266575,0.7909052968025208,1000
deepseek_r1_qwen7b,commonsenseqa,2025,256,0.646595349433092,0.5522388059701493,-0.09435654346294275,0.8911869525909424,1000
deepseek_r1_qwen7b,hellaswag,42,8,0.5007862093063886,0.5246636771300448,0.023877467823656184,0.5289580821990967,1000
deepseek_r1_qwen7b,hellaswag,42,16,0.5007862093063886,0.5777764836060801,0.07699027429969152,0.6049042344093323,1000
deepseek_r1_qwen7b,hellaswag,42,32,0.5007862093063886,0.5724768505037564,0.07169064119736779,0.6883497834205627,1000
deepseek_r1_qwen7b,hellaswag,42,64,0.5007862093063886,0.5845320598683829,0.08374585056199424,0.7699238657951355,1000
deepseek_r1_qwen7b,hellaswag,42,128,0.5007862093063886,0.556112049385592,0.05532584007920338,0.8477468490600586,1000
deepseek_r1_qwen7b,hellaswag,42,256,0.5007862093063886,0.5733504163997438,0.0725642070933552,0.9209398031234741,1000
deepseek_r1_qwen7b,hellaswag,7,8,0.5739327936637354,0.5964125560538116,0.022479762390076208,0.5324424505233765,1000
deepseek_r1_qwen7b,hellaswag,7,16,0.5739327936637354,0.6025275173257236,0.02859472366198823,0.6064138412475586,1000
deepseek_r1_qwen7b,hellaswag,7,32,0.5739327936637354,0.6119037912759885,0.03797099761225309,0.6892303228378296,1000
deepseek_r1_qwen7b,hellaswag,7,64,0.5739327936637354,0.6089336672296314,0.035000873565895985,0.7706681489944458,1000
deepseek_r1_qwen7b,hellaswag,7,128,0.5739327936637354,0.6101566594840138,0.03622386582027837,0.8485753536224365,1000
deepseek_r1_qwen7b,hellaswag,7,256,0.5739327936637354,0.6047987886552909,0.030865994991555512,0.9209578037261963,1000
deepseek_r1_qwen7b,hellaswag,123,8,0.5230912585172675,0.543125036398579,0.020033777881311554,0.5295272469520569,1000
deepseek_r1_qwen7b,hellaswag,123,16,0.5230912585172675,0.5396890105410285,0.016597752023761014,0.6047300100326538,1000
deepseek_r1_qwen7b,hellaswag,123,32,0.5230912585172675,0.6056141168248792,0.08252285830761175,0.6876326203346252,1000
deepseek_r1_qwen7b,hellaswag,123,64,0.5230912585172675,0.5684002096558151,0.045308951138547604,0.7696726322174072,1000
deepseek_r1_qwen7b,hellaswag,123,128,0.5230912585172675,0.5656630365150543,0.042571777997786886,0.847790002822876,1000
deepseek_r1_qwen7b,hellaswag,123,256,0.5230912585172675,0.589656979791509,0.06656572127424154,0.9208808541297913,1000
deepseek_r1_qwen7b,hellaswag,777,8,0.49327354260089684,0.5260031448372255,0.0327296022363287,0.5322169065475464,1000
deepseek_r1_qwen7b,hellaswag,777,16,0.49327354260089684,0.5331081474579232,0.03983460485702639,0.6070803999900818,1000
deepseek_r1_qwen7b,hellaswag,777,32,0.49327354260089684,0.5328169588259274,0.03954341622503055,0.6902175545692444,1000
deepseek_r1_qwen7b,hellaswag,777,64,0.49327354260089684,0.5386989691922428,0.04542542659134596,0.7717478275299072,1000
deepseek_r1_qwen7b,hellaswag,777,128,0.49327354260089684,0.522567118979675,0.029293576378778163,0.8492857217788696,1000
deepseek_r1_qwen7b,hellaswag,777,256,0.49327354260089684,0.5290897443363811,0.03581620173548428,0.9215468168258667,1000
deepseek_r1_qwen7b,hellaswag,2025,8,0.5543066798672179,0.5172092481509523,-0.03709743171626567,0.5282156467437744,1000
deepseek_r1_qwen7b,hellaswag,2025,16,0.5543066798672179,0.5219265039892842,-0.03238017587793374,0.6044093370437622,1000
deepseek_r1_qwen7b,hellaswag,2025,32,0.5543066798672179,0.5110942868790402,-0.043212392988177695,0.6878765821456909,1000
deepseek_r1_qwen7b,hellaswag,2025,64,0.5543066798672179,0.5014268242967794,-0.052879855570438505,0.7696080803871155,1000
deepseek_r1_qwen7b,hellaswag,2025,128,0.5543066798672179,0.4953701007512667,-0.05893657911595124,0.8476360440254211,1000
deepseek_r1_qwen7b,hellaswag,2025,256,0.5543066798672179,0.5097548191718596,-0.044551860695358325,0.9206105470657349,1000
deepseek_r1_qwen7b,mmlu_all,42,8,0.5493497382764018,0.5224758512762397,-0.026873887000162022,0.4806552529335022,1000
deepseek_r1_qwen7b,mmlu_all,42,16,0.5493497382764018,0.514705088770169,-0.034644649506232805,0.6190846562385559,1000
deepseek_r1_qwen7b,mmlu_all,42,32,0.5493497382764018,0.5029949813825483,-0.04635475689385349,0.7703949213027954,1000
deepseek_r1_qwen7b,mmlu_all,42,64,0.5493497382764018,0.5054233446656953,-0.04392639361070649,0.8556346893310547,1000
deepseek_r1_qwen7b,mmlu_all,42,128,0.5493497382764018,0.5038044358102638,-0.04554530246613797,0.91167151927948,1000
deepseek_r1_qwen7b,mmlu_all,42,256,0.5493497382764018,0.5841562786681777,0.034806540391775886,0.9573363065719604,1000
deepseek_r1_qwen7b,mmlu_all,7,8,0.5747666073066752,0.5724461712805569,-0.002320436026118311,0.4839709401130676,1000
deepseek_r1_qwen7b,mmlu_all,7,16,0.5747666073066752,0.5746586800496466,-0.00010792725702857275,0.6250867247581482,1000
deepseek_r1_qwen7b,mmlu_all,7,32,0.5747666073066752,0.5442231935675355,-0.030543413739139713,0.7716103792190552,1000
deepseek_r1_qwen7b,mmlu_all,7,64,0.5747666073066752,0.5561491554692137,-0.01861745183746144,0.8524825572967529,1000
deepseek_r1_qwen7b,mmlu_all,7,128,0.5747666073066752,0.5854514057525229,0.010684798445847687,0.9088575839996338,1000
deepseek_r1_qwen7b,mmlu_all,7,256,0.5747666073066752,0.61362041983703,0.0388538125303548,0.9556606411933899,1000
deepseek_r1_qwen7b,mmlu_all,123,8,0.6413577248934219,0.5991042037666613,-0.04225352112676062,0.48865988850593567,1000
deepseek_r1_qwen7b,mmlu_all,123,16,0.6413577248934219,0.5964599859694566,-0.044897738923965314,0.6230677366256714,1000
deepseek_r1_qwen7b,mmlu_all,123,32,0.6413577248934219,0.5691004263126653,-0.07225729858075658,0.7680373191833496,1000
deepseek_r1_qwen7b,mmlu_all,123,64,0.6413577248934219,0.5506988289892611,-0.09065889590416076,0.8491355180740356,1000
deepseek_r1_qwen7b,mmlu_all,123,128,0.6413577248934219,0.5463817387081107,-0.09497598618531122,0.9061774015426636,1000
deepseek_r1_qwen7b,mmlu_all,123,256,0.6413577248934219,0.5546381738708112,-0.08671955102261075,0.9539178609848022,1000
deepseek_r1_qwen7b,mmlu_all,777,8,0.5282499595272785,0.524904214559387,-0.0033457449678915285,0.4808352589607239,1000
deepseek_r1_qwen7b,mmlu_all,777,16,0.5282499595272785,0.4965193459608224,-0.03173061356645607,0.6120781898498535,1000
deepseek_r1_qwen7b,mmlu_all,777,32,0.5282499595272785,0.5022394905833468,-0.026010468943931664,0.7675947546958923,1000
deepseek_r1_qwen7b,mmlu_all,777,64,0.5282499595272785,0.44811397118342233,-0.08013598834385616,0.8543839454650879,1000
deepseek_r1_qwen7b,mmlu_all,777,128,0.5282499595272785,0.42744590146241435,-0.10080405806486414,0.9102595448493958,1000
deepseek_r1_qwen7b,mmlu_all,777,256,0.5282499595272785,0.5119529437159354,-0.01629701581134313,0.9562984704971313,1000
deepseek_r1_qwen7b,mmlu_all,2025,8,0.5614375910636231,0.5504290108466893,-0.01100858021693385,0.4809793531894684,1000
deepseek_r1_qwen7b,mmlu_all,2025,16,0.5614375910636231,0.5607900275214506,-0.0006475635421725467,0.62384033203125,1000
deepseek_r1_qwen7b,mmlu_all,2025,32,0.5614375910636231,0.539204576115698,-0.022233014947925067,0.7699070572853088,1000
deepseek_r1_qwen7b,mmlu_all,2025,64,0.5614375910636231,0.5430899573687334,-0.018347633694889676,0.8509899973869324,1000
deepseek_r1_qwen7b,mmlu_all,2025,128,0.5614375910636231,0.5644595542604285,0.003021963196805366,0.9073094129562378,1000
deepseek_r1_qwen7b,mmlu_all,2025,256,0.5614375910636231,0.5761156980195348,0.014678106955911652,0.9544791579246521,1000
falcon3_7b_instruct,arc_challenge,42,8,0.7751111111111111,0.7902222222222223,0.015111111111111186,0.3521766662597656,299
falcon3_7b_instruct,arc_challenge,42,16,0.7751111111111111,0.7608888888888887,-0.014222222222222358,0.4949840307235718,299
falcon3_7b_instruct,arc_challenge,42,32,0.7751111111111111,0.7546666666666667,-0.020444444444444376,0.6250129342079163,299
falcon3_7b_instruct,arc_challenge,42,64,0.7751111111111111,0.7102222222222222,-0.06488888888888888,0.7633883357048035,299
falcon3_7b_instruct,arc_challenge,42,128,0.7751111111111111,0.7244444444444444,-0.05066666666666664,0.9082736968994141,299
falcon3_7b_instruct,arc_challenge,42,256,0.7751111111111111,0.7662222222222222,-0.008888888888888835,0.9999999403953552,299
falcon3_7b_instruct,arc_challenge,7,8,0.8248888888888889,0.8293333333333334,0.004444444444444473,0.3524746298789978,299
falcon3_7b_instruct,arc_challenge,7,16,0.8248888888888889,0.8186666666666667,-0.00622222222222224,0.4928983449935913,299
falcon3_7b_instruct,arc_challenge,7,32,0.8248888888888889,0.8328888888888889,0.008000000000000007,0.6227774620056152,299
falcon3_7b_instruct,arc_challenge,7,64,0.8248888888888889,0.8577777777777779,0.03288888888888897,0.7621107697486877,299
falcon3_7b_instruct,arc_challenge,7,128,0.8248888888888889,0.8293333333333334,0.004444444444444473,0.9080603718757629,299
falcon3_7b_instruct,arc_challenge,7,256,0.8248888888888889,0.8497777777777779,0.02488888888888896,1.0,299
falcon3_7b_instruct,arc_challenge,123,8,0.8622222222222222,0.8799999999999999,0.01777777777777767,0.3488672971725464,299
falcon3_7b_instruct,arc_challenge,123,16,0.8622222222222222,0.8764444444444444,0.014222222222222136,0.49128714203834534,299
falcon3_7b_instruct,arc_challenge,123,32,0.8622222222222222,0.8302222222222223,-0.03199999999999992,0.6229395270347595,299
falcon3_7b_instruct,arc_challenge,123,64,0.8622222222222222,0.8,-0.06222222222222218,0.7618995308876038,299
falcon3_7b_instruct,arc_challenge,123,128,0.8622222222222222,0.7857777777777777,-0.07644444444444454,0.9073529243469238,299
falcon3_7b_instruct,arc_challenge,123,256,0.8622222222222222,0.8231111111111111,-0.039111111111111097,1.0,299
falcon3_7b_instruct,arc_challenge,777,8,0.8079999999999999,0.8222222222222222,0.014222222222222247,0.35703644156455994,299
falcon3_7b_instruct,arc_challenge,777,16,0.8079999999999999,0.8195555555555556,0.011555555555555652,0.5010319352149963,299
falcon3_7b_instruct,arc_challenge,777,32,0.8079999999999999,0.8337777777777778,0.0257777777777779,0.6287732720375061,299
falcon3_7b_instruct,arc_challenge,777,64,0.8079999999999999,0.8302222222222222,0.022222222222222254,0.7660623788833618,299
falcon3_7b_instruct,arc_challenge,777,128,0.8079999999999999,0.8035555555555556,-0.004444444444444362,0.9095370173454285,299
falcon3_7b_instruct,arc_challenge,777,256,0.8079999999999999,0.7946666666666666,-0.013333333333333308,1.0,299
falcon3_7b_instruct,arc_challenge,2025,8,0.8488888888888889,0.8355555555555556,-0.013333333333333308,0.3489471971988678,299
falcon3_7b_instruct,arc_challenge,2025,16,0.8488888888888889,0.8311111111111111,-0.01777777777777778,0.49219170212745667,299
falcon3_7b_instruct,arc_challenge,2025,32,0.8488888888888889,0.8586666666666667,0.009777777777777774,0.6238348484039307,299
falcon3_7b_instruct,arc_challenge,2025,64,0.8488888888888889,0.9013333333333333,0.052444444444444405,0.762706995010376,299
falcon3_7b_instruct,arc_challenge,2025,128,0.8488888888888889,0.8648888888888888,0.015999999999999903,0.9074575901031494,299
falcon3_7b_instruct,arc_challenge,2025,256,0.8488888888888889,0.8817777777777778,0.032888888888888856,0.9999999403953552,299
falcon3_7b_instruct,commonsenseqa,42,8,0.8425925925925927,0.8573556073556073,0.01476301476301467,0.2992350161075592,1000
falcon3_7b_instruct,commonsenseqa,42,16,0.8425925925925927,0.8512691012691014,0.00867650867650871,0.4180706739425659,1000
falcon3_7b_instruct,commonsenseqa,42,32,0.8425925925925927,0.8495855995855998,0.006993006993007089,0.5307608842849731,1000
falcon3_7b_instruct,commonsenseqa,42,64,0.8425925925925927,0.8297073297073297,-0.012885262885262927,0.6414141654968262,1000
falcon3_7b_instruct,commonsenseqa,42,128,0.8425925925925927,0.7955840455840455,-0.047008547008547175,0.751374363899231,1000
falcon3_7b_instruct,commonsenseqa,42,256,0.8425925925925927,0.722869722869723,-0.11972286972286972,0.8634876012802124,1000
falcon3_7b_instruct,commonsenseqa,7,8,0.8172105672105672,0.8339160839160839,0.016705516705516676,0.3017697036266327,1000
falcon3_7b_instruct,commonsenseqa,7,16,0.8172105672105672,0.8216783216783217,0.004467754467754492,0.4197555482387543,1000
falcon3_7b_instruct,commonsenseqa,7,32,0.8172105672105672,0.8144263144263144,-0.002784252784252761,0.5315067768096924,1000
falcon3_7b_instruct,commonsenseqa,7,64,0.8172105672105672,0.8029655529655529,-0.014245014245014231,0.6423068046569824,1000
falcon3_7b_instruct,commonsenseqa,7,128,0.8172105672105672,0.774928774928775,-0.042281792281792185,0.7520759701728821,1000
falcon3_7b_instruct,commonsenseqa,7,256,0.8172105672105672,0.7336829836829836,-0.0835275835275836,0.8636903166770935,1000
falcon3_7b_instruct,commonsenseqa,123,8,0.7661227661227662,0.7711085211085211,0.004985754985754931,0.30031251907348633,1000
falcon3_7b_instruct,commonsenseqa,123,16,0.7661227661227662,0.7690365190365189,0.002913752913752732,0.4185955226421356,1000
falcon3_7b_instruct,commonsenseqa,123,32,0.7661227661227662,0.7861305361305362,0.020007770007769987,0.530722975730896,1000
falcon3_7b_instruct,commonsenseqa,123,64,0.7661227661227662,0.7850945350945351,0.018971768971768888,0.6411161422729492,1000
falcon3_7b_instruct,commonsenseqa,123,128,0.7661227661227662,0.7701372701372702,0.004014504014503983,0.7516255378723145,1000
falcon3_7b_instruct,commonsenseqa,123,256,0.7661227661227662,0.7031209531209531,-0.06300181300181307,0.8634923100471497,1000
falcon3_7b_instruct,commonsenseqa,777,8,0.8517871017871017,0.8452473452473452,-0.006539756539756469,0.30055171251296997,1000
falcon3_7b_instruct,commonsenseqa,777,16,0.8517871017871017,0.8379953379953381,-0.013791763791763612,0.41848450899124146,1000
falcon3_7b_instruct,commonsenseqa,777,32,0.8517871017871017,0.8556073556073556,0.0038202538202538605,0.5307489633560181,1000
falcon3_7b_instruct,commonsenseqa,777,64,0.8517871017871017,0.8295130795130795,-0.022274022274022198,0.6412548422813416,1000
falcon3_7b_instruct,commonsenseqa,777,128,0.8517871017871017,0.7906630406630407,-0.06112406112406099,0.7510492205619812,1000
falcon3_7b_instruct,commonsenseqa,777,256,0.8517871017871017,0.7266899766899766,-0.12509712509712512,0.8630257248878479,1000
falcon3_7b_instruct,commonsenseqa,2025,8,0.8431105931105932,0.8521756021756022,0.009065009065008955,0.30079662799835205,1000
falcon3_7b_instruct,commonsenseqa,2025,16,0.8431105931105932,0.8367650867650867,-0.0063455063455065686,0.419358491897583,1000
falcon3_7b_instruct,commonsenseqa,2025,32,0.8431105931105932,0.8253690753690754,-0.017741517741517776,0.5311024188995361,1000
falcon3_7b_instruct,commonsenseqa,2025,64,0.8431105931105932,0.8138435638435638,-0.0292670292670294,0.641816258430481,1000
falcon3_7b_instruct,commonsenseqa,2025,128,0.8431105931105932,0.7937710437710439,-0.049339549339549316,0.75107741355896,1000
falcon3_7b_instruct,commonsenseqa,2025,256,0.8431105931105932,0.7511655011655012,-0.09194509194509204,0.8631231188774109,1000
falcon3_7b_instruct,hellaswag,42,8,0.7894736842105263,0.8020833333333333,0.012609649122806932,0.4944003224372864,1000
falcon3_7b_instruct,hellaswag,42,16,0.7894736842105263,0.8015960038986354,0.012122319688109062,0.5816601514816284,1000
falcon3_7b_instruct,hellaswag,42,32,0.7894736842105263,0.8048245614035088,0.015350877192982448,0.6647524833679199,1000
falcon3_7b_instruct,hellaswag,42,64,0.7894736842105263,0.8023269980506823,0.012853313840155978,0.7510683536529541,1000
falcon3_7b_instruct,hellaswag,42,128,0.7894736842105263,0.764437134502924,-0.025036549707602274,0.8356499671936035,1000
falcon3_7b_instruct,hellaswag,42,256,0.7894736842105263,0.6875,-0.10197368421052633,0.9145334959030151,1000
falcon3_7b_instruct,hellaswag,7,8,0.8515472709551657,0.8567860623781676,0.005238791423001876,0.4964945912361145,1000
falcon3_7b_instruct,hellaswag,7,16,0.8515472709551657,0.855567738791423,0.004020467836257313,0.5842044353485107,1000
falcon3_7b_instruct,hellaswag,7,32,0.8515472709551657,0.868969298245614,0.017422027290448283,0.6660474538803101,1000
falcon3_7b_instruct,hellaswag,7,64,0.8515472709551657,0.8557504873294347,0.004203216374269014,0.7517713308334351,1000
falcon3_7b_instruct,hellaswag,7,128,0.8515472709551657,0.8266325536062379,-0.024914717348927806,0.8357198238372803,1000
falcon3_7b_instruct,hellaswag,7,256,0.8515472709551657,0.7928849902534113,-0.05866228070175439,0.9144688844680786,1000
falcon3_7b_instruct,hellaswag,123,8,0.7927022417153996,0.8053118908382066,0.012609649122807043,0.4945761263370514,1000
falcon3_7b_instruct,hellaswag,123,16,0.7927022417153996,0.8093932748538012,0.01669103313840159,0.5808476805686951,1000
falcon3_7b_instruct,hellaswag,123,32,0.7927022417153996,0.8146929824561403,0.0219907407407407,0.6645982265472412,1000
falcon3_7b_instruct,hellaswag,123,64,0.7927022417153996,0.8068957115009746,0.014193469785575008,0.7513828873634338,1000
falcon3_7b_instruct,hellaswag,123,128,0.7927022417153996,0.776803118908382,-0.01589912280701755,0.8357816338539124,1000
falcon3_7b_instruct,hellaswag,123,256,0.7927022417153996,0.7629142300194931,-0.029788011695906502,0.9144434332847595,1000
falcon3_7b_instruct,hellaswag,777,8,0.7793006822612085,0.7987938596491229,0.01949317738791434,0.49454760551452637,1000
falcon3_7b_instruct,hellaswag,777,16,0.7793006822612085,0.8024488304093566,0.02314814814814803,0.5825042724609375,1000
falcon3_7b_instruct,hellaswag,777,32,0.7793006822612085,0.7926413255360624,0.013340643274853847,0.6656996011734009,1000
falcon3_7b_instruct,hellaswag,777,64,0.7793006822612085,0.7825292397660818,0.003228557504873275,0.7517558336257935,1000
falcon3_7b_instruct,hellaswag,777,128,0.7793006822612085,0.778874269005848,-0.0004264132553605249,0.8361696004867554,1000
falcon3_7b_instruct,hellaswag,777,256,0.7793006822612085,0.7775950292397661,-0.0017056530214424326,0.9146974086761475,1000
falcon3_7b_instruct,hellaswag,2025,8,0.8391203703703703,0.8556895711500975,0.016569200779727122,0.49792298674583435,1000
falcon3_7b_instruct,hellaswag,2025,16,0.8391203703703703,0.8518518518518519,0.01273148148148151,0.5843744874000549,1000
falcon3_7b_instruct,hellaswag,2025,32,0.8391203703703703,0.8439936647173489,0.004873294346978585,0.6670558452606201,1000
falcon3_7b_instruct,hellaswag,2025,64,0.8391203703703703,0.8298001949317738,-0.009320175438596534,0.7530062198638916,1000
falcon3_7b_instruct,hellaswag,2025,128,0.8391203703703703,0.7687621832358674,-0.07035818713450293,0.836668074131012,1000
falcon3_7b_instruct,hellaswag,2025,256,0.8391203703703703,0.7865497076023391,-0.05257066276803124,0.9150434136390686,1000
falcon3_7b_instruct,mmlu_all,42,8,0.828971875582045,0.8409852859005401,0.012013410318495121,0.35050711035728455,1000
falcon3_7b_instruct,mmlu_all,42,16,0.828971875582045,0.8387036692121438,0.009731793630098795,0.4816166162490845,1000
falcon3_7b_instruct,mmlu_all,42,32,0.828971875582045,0.8365617433414044,0.007589867759359437,0.6449710130691528,1000
falcon3_7b_instruct,mmlu_all,42,64,0.828971875582045,0.8288787483702739,-9.312721177112682e-05,0.7590255737304688,1000
falcon3_7b_instruct,mmlu_all,42,128,0.828971875582045,0.8067144719687092,-0.022257403613335836,0.8391492366790771,1000
falcon3_7b_instruct,mmlu_all,42,256,0.828971875582045,0.7910225367852487,-0.037949338796796295,0.9150135517120361,1000
falcon3_7b_instruct,mmlu_all,7,8,0.811650214192587,0.829623766064444,0.017973551871857008,0.3513508141040802,1000
falcon3_7b_instruct,mmlu_all,7,16,0.811650214192587,0.8321382007822685,0.02048798658968154,0.4948194622993469,1000
falcon3_7b_instruct,mmlu_all,7,32,0.811650214192587,0.8318122555410691,0.020162041348482096,0.6500574350357056,1000
falcon3_7b_instruct,mmlu_all,7,64,0.811650214192587,0.8213354442168002,0.009685230024213176,0.7522546648979187,1000
falcon3_7b_instruct,mmlu_all,7,128,0.811650214192587,0.8018252933507171,-0.009824920841869922,0.8329132795333862,1000
falcon3_7b_instruct,mmlu_all,7,256,0.811650214192587,0.7587539579065004,-0.05289625628608663,0.9108498096466064,1000
falcon3_7b_instruct,mmlu_all,123,8,0.762292791953809,0.7625721735891228,0.00027938163531382454,0.35145992040634155,1000
falcon3_7b_instruct,mmlu_all,123,16,0.762292791953809,0.7602439932948407,-0.0020487986589682317,0.4852120280265808,1000
falcon3_7b_instruct,mmlu_all,123,32,0.762292791953809,0.7614546470478674,-0.0008381449059415846,0.6526456475257874,1000
falcon3_7b_instruct,mmlu_all,123,64,0.762292791953809,0.7505587632706276,-0.011734028683181297,0.75922691822052,1000
falcon3_7b_instruct,mmlu_all,123,128,0.762292791953809,0.7384522257403614,-0.023840566213447545,0.8389270901679993,1000
falcon3_7b_instruct,mmlu_all,123,256,0.762292791953809,0.747532128888061,-0.01476066306574797,0.915013313293457,1000
falcon3_7b_instruct,mmlu_all,777,8,0.7923263177500467,0.8043397280685417,0.01201341031849501,0.3515937328338623,1000
falcon3_7b_instruct,mmlu_all,777,16,0.7923263177500467,0.8121158502514434,0.0197895325013967,0.485675573348999,1000
falcon3_7b_instruct,mmlu_all,777,32,0.7923263177500467,0.8132333767926988,0.02090705904265211,0.6470316648483276,1000
falcon3_7b_instruct,mmlu_all,777,64,0.7923263177500467,0.8042466008567704,0.011920283106723661,0.7557008266448975,1000
falcon3_7b_instruct,mmlu_all,777,128,0.7923263177500467,0.759173030359471,-0.03315328739057566,0.8365928530693054,1000
falcon3_7b_instruct,mmlu_all,777,256,0.7923263177500467,0.7618737195008383,-0.03045259824920843,0.9132488965988159,1000
falcon3_7b_instruct,mmlu_all,2025,8,0.8183553734401192,0.8289718755820451,0.010616502141925888,0.3485768437385559,1000
falcon3_7b_instruct,mmlu_all,2025,16,0.8183553734401192,0.8283665487055317,0.010011175265412509,0.4768761992454529,1000
falcon3_7b_instruct,mmlu_all,2025,32,0.8183553734401192,0.8261314956230211,0.007776122182901912,0.6436997056007385,1000
falcon3_7b_instruct,mmlu_all,2025,64,0.8183553734401192,0.7944216800149003,-0.023933693425218894,0.7595226764678955,1000
falcon3_7b_instruct,mmlu_all,2025,128,0.8183553734401192,0.7842708139318308,-0.03408455950828837,0.8408892154693604,1000
falcon3_7b_instruct,mmlu_all,2025,256,0.8183553734401192,0.7602905569007264,-0.05806481653939277,0.9161497354507446,1000
mistral7b_v03,arc_challenge,42,8,0.66,0.6707142857142857,0.010714285714285676,0.4229965806007385,299
mistral7b_v03,arc_challenge,42,16,0.66,0.6300000000000001,-0.029999999999999916,0.5576749444007874,299
mistral7b_v03,arc_challenge,42,32,0.66,0.565,-0.09500000000000008,0.6813353300094604,299
mistral7b_v03,arc_challenge,42,64,0.66,0.515,-0.14500000000000002,0.8052418231964111,299
mistral7b_v03,arc_challenge,42,128,0.66,0.5357142857142857,-0.12428571428571433,0.9277342557907104,299
mistral7b_v03,arc_challenge,42,256,0.66,0.5964285714285714,-0.06357142857142861,0.9999998807907104,299
mistral7b_v03,arc_challenge,7,8,0.7264285714285714,0.6607142857142857,-0.06571428571428573,0.41782528162002563,299
mistral7b_v03,arc_challenge,7,16,0.7264285714285714,0.6821428571428572,-0.04428571428571426,0.557937741279602,299
mistral7b_v03,arc_challenge,7,32,0.7264285714285714,0.6942857142857142,-0.03214285714285725,0.6768940687179565,299
mistral7b_v03,arc_challenge,7,64,0.7264285714285714,0.7064285714285715,-0.019999999999999907,0.8029478788375854,299
mistral7b_v03,arc_challenge,7,128,0.7264285714285714,0.6928571428571427,-0.033571428571428696,0.9261809587478638,299
mistral7b_v03,arc_challenge,7,256,0.7264285714285714,0.6592857142857144,-0.06714285714285706,0.9999999403953552,299
mistral7b_v03,arc_challenge,123,8,0.615,0.6064285714285713,-0.008571428571428674,0.4175117015838623,299
mistral7b_v03,arc_challenge,123,16,0.615,0.6535714285714287,0.0385714285714287,0.5573899149894714,299
mistral7b_v03,arc_challenge,123,32,0.615,0.6535714285714285,0.03857142857142848,0.6798184514045715,299
mistral7b_v03,arc_challenge,123,64,0.615,0.5778571428571428,-0.037142857142857144,0.8032093048095703,299
mistral7b_v03,arc_challenge,123,128,0.615,0.6742857142857143,0.059285714285714275,0.9256561994552612,299
mistral7b_v03,arc_challenge,123,256,0.615,0.6714285714285715,0.056428571428571495,0.9999999403953552,299
mistral7b_v03,arc_challenge,777,8,0.7378571428571428,0.7364285714285714,-0.0014285714285713347,0.4197911024093628,299
mistral7b_v03,arc_challenge,777,16,0.7378571428571428,0.7128571428571429,-0.02499999999999991,0.5587645769119263,299
mistral7b_v03,arc_challenge,777,32,0.7378571428571428,0.6857142857142856,-0.05214285714285716,0.6809568405151367,299
mistral7b_v03,arc_challenge,777,64,0.7378571428571428,0.6735714285714286,-0.06428571428571417,0.8046109676361084,299
mistral7b_v03,arc_challenge,777,128,0.7378571428571428,0.6985714285714286,-0.039285714285714146,0.9262130856513977,299
mistral7b_v03,arc_challenge,777,256,0.7378571428571428,0.7464285714285714,0.008571428571428674,0.9999999403953552,299
mistral7b_v03,arc_challenge,2025,8,0.6364285714285715,0.6328571428571429,-0.0035714285714285587,0.41611146926879883,299
mistral7b_v03,arc_challenge,2025,16,0.6364285714285715,0.6521428571428571,0.01571428571428568,0.5537884831428528,299
mistral7b_v03,arc_challenge,2025,32,0.6364285714285715,0.6871428571428573,0.05071428571428582,0.6777858734130859,299
mistral7b_v03,arc_challenge,2025,64,0.6364285714285715,0.6421428571428571,0.005714285714285672,0.8033241629600525,299
mistral7b_v03,arc_challenge,2025,128,0.6364285714285715,0.6135714285714287,-0.022857142857142798,0.9261069893836975,299
mistral7b_v03,arc_challenge,2025,256,0.6364285714285715,0.6907142857142856,0.05428571428571416,1.0000001192092896,299
mistral7b_v03,commonsenseqa,42,8,0.7032054030874786,0.6996140651801028,-0.003591337907375758,0.3749849200248718,1000
mistral7b_v03,commonsenseqa,42,16,0.7032054030874786,0.7191252144082333,0.015919811320754707,0.4887494146823883,1000
mistral7b_v03,commonsenseqa,42,32,0.7032054030874786,0.7189108061749572,0.015705403087478587,0.5919915437698364,1000
mistral7b_v03,commonsenseqa,42,64,0.7032054030874786,0.6960227272727272,-0.007182675814751405,0.6953515410423279,1000
mistral7b_v03,commonsenseqa,42,128,0.7032054030874786,0.7028301886792453,-0.0003752144082332931,0.7946434020996094,1000
mistral7b_v03,commonsenseqa,42,256,0.7032054030874786,0.7043846483704975,0.001179245283018937,0.8899658918380737,1000
mistral7b_v03,commonsenseqa,7,8,0.7587907375643226,0.7549313893653514,-0.0038593481989711576,0.37836211919784546,1000
mistral7b_v03,commonsenseqa,7,16,0.7587907375643226,0.7673134648370498,0.008522727272727182,0.4914975166320801,1000
mistral7b_v03,commonsenseqa,7,32,0.7587907375643226,0.7732632933104633,0.014472555746140703,0.5950988531112671,1000
mistral7b_v03,commonsenseqa,7,64,0.7587907375643226,0.7529481132075471,-0.0058426243567755165,0.6979317665100098,1000
mistral7b_v03,commonsenseqa,7,128,0.7587907375643226,0.7099592624356776,-0.04883147512864494,0.7965644598007202,1000
mistral7b_v03,commonsenseqa,7,256,0.7587907375643226,0.6719018010291595,-0.08688893653516305,0.8915790915489197,1000
mistral7b_v03,commonsenseqa,123,8,0.7520904802744425,0.7498391938250428,-0.0022512864493996476,0.38108348846435547,1000
mistral7b_v03,commonsenseqa,123,16,0.7520904802744425,0.7549849914236707,0.0028945111492282294,0.4926939308643341,1000
mistral7b_v03,commonsenseqa,123,32,0.7520904802744425,0.7398692109777015,-0.012221269296740944,0.5960041284561157,1000
mistral7b_v03,commonsenseqa,123,64,0.7520904802744425,0.7405124356775301,-0.011578044596912362,0.6987025737762451,1000
mistral7b_v03,commonsenseqa,123,128,0.7520904802744425,0.7331689536878215,-0.01892152658662094,0.7966040372848511,1000
mistral7b_v03,commonsenseqa,123,256,0.7520904802744425,0.7088336192109775,-0.043256861063464935,0.8912744522094727,1000
mistral7b_v03,commonsenseqa,777,8,0.763507718696398,0.7553602058319038,-0.008147512864494222,0.3780152201652527,1000
mistral7b_v03,commonsenseqa,777,16,0.763507718696398,0.7613100343053173,-0.002197684391080701,0.4923516511917114,1000
mistral7b_v03,commonsenseqa,777,32,0.763507718696398,0.7457118353344768,-0.017795883361921172,0.5954115986824036,1000
mistral7b_v03,commonsenseqa,777,64,0.763507718696398,0.7346162092624358,-0.028891509433962237,0.6983622908592224,1000
mistral7b_v03,commonsenseqa,777,128,0.763507718696398,0.7024549742710121,-0.061052744425385885,0.7967092394828796,1000
mistral7b_v03,commonsenseqa,777,256,0.763507718696398,0.7000964837049742,-0.06341123499142376,0.8912149667739868,1000
mistral7b_v03,commonsenseqa,2025,8,0.7505360205831904,0.7364386792452831,-0.014097341337907299,0.37740838527679443,1000
mistral7b_v03,commonsenseqa,2025,16,0.7505360205831904,0.7659734133790738,0.015437392795883409,0.4918064773082733,1000
mistral7b_v03,commonsenseqa,2025,32,0.7505360205831904,0.7469982847341338,-0.003537735849056589,0.5953594446182251,1000
mistral7b_v03,commonsenseqa,2025,64,0.7505360205831904,0.7349378216123499,-0.015598198970840471,0.6980063319206238,1000
mistral7b_v03,commonsenseqa,2025,128,0.7505360205831904,0.7258790737564321,-0.02465694682675823,0.796484649181366,1000
mistral7b_v03,commonsenseqa,2025,256,0.7505360205831904,0.7224485420240137,-0.028087478559176704,0.8914949893951416,1000
mistral7b_v03,hellaswag,42,8,0.7088210702341138,0.7704326923076922,0.0616116220735784,0.5012645721435547,1000
mistral7b_v03,hellaswag,42,16,0.7088210702341138,0.7726797658862877,0.06385869565217395,0.5884814858436584,1000
mistral7b_v03,hellaswag,42,32,0.7088210702341138,0.7705372073578595,0.061716137123745685,0.6707012057304382,1000
mistral7b_v03,hellaswag,42,64,0.7088210702341138,0.7380330267558529,0.029211956521739135,0.756791889667511,1000
mistral7b_v03,hellaswag,42,128,0.7088210702341138,0.7341659698996656,0.025344899665551868,0.8405212163925171,1000
mistral7b_v03,hellaswag,42,256,0.7088210702341138,0.7418478260869565,0.03302675585284276,0.916880190372467,1000
mistral7b_v03,hellaswag,7,8,0.711068143812709,0.7626985785953178,0.05163043478260876,0.5013293623924255,1000
mistral7b_v03,hellaswag,7,16,0.711068143812709,0.760921822742475,0.049853678929766,0.5891640186309814,1000
mistral7b_v03,hellaswag,7,32,0.711068143812709,0.7366220735785953,0.02555392976588633,0.6713605523109436,1000
mistral7b_v03,hellaswag,7,64,0.711068143812709,0.7049017558528428,-0.0061663879598662374,0.7570410370826721,1000
mistral7b_v03,hellaswag,7,128,0.711068143812709,0.7096049331103679,-0.0014632107023411223,0.840814471244812,1000
mistral7b_v03,hellaswag,7,256,0.711068143812709,0.7216241638795986,0.010556020066889604,0.9171366691589355,1000
mistral7b_v03,hellaswag,123,8,0.7003553511705686,0.7598244147157192,0.05946906354515058,0.5001258850097656,1000
mistral7b_v03,hellaswag,123,16,0.7003553511705686,0.7537102842809364,0.053354933110367875,0.5882202982902527,1000
mistral7b_v03,hellaswag,123,32,0.7003553511705686,0.7347930602006689,0.03443770903010035,0.6709221005439758,1000
mistral7b_v03,hellaswag,123,64,0.7003553511705686,0.7150919732441471,0.01473662207357851,0.7572027444839478,1000
mistral7b_v03,hellaswag,123,128,0.7003553511705686,0.7073578595317727,0.007002508361204085,0.8406132459640503,1000
mistral7b_v03,hellaswag,123,256,0.7003553511705686,0.6741220735785955,-0.026233277591973025,0.9169079065322876,1000
mistral7b_v03,hellaswag,777,8,0.726693143812709,0.7664088628762541,0.039715719063545096,0.4986705780029297,1000
mistral7b_v03,hellaswag,777,16,0.726693143812709,0.7699623745819398,0.04326923076923084,0.5884881019592285,1000
mistral7b_v03,hellaswag,777,32,0.726693143812709,0.7620714882943144,0.03537834448160537,0.6700513958930969,1000
mistral7b_v03,hellaswag,777,64,0.726693143812709,0.7637959866220736,0.0371028428093646,0.7562516331672668,1000
mistral7b_v03,hellaswag,777,128,0.726693143812709,0.7364130434782609,0.009719899665551868,0.8400676250457764,1000
mistral7b_v03,hellaswag,777,256,0.726693143812709,0.7264318561872911,-0.0002612876254178831,0.9167929887771606,1000
mistral7b_v03,hellaswag,2025,8,0.7684991638795987,0.8234740802675585,0.054974916387959816,0.4977750778198242,1000
mistral7b_v03,hellaswag,2025,16,0.7684991638795987,0.8307901337792644,0.06229096989966565,0.5866544246673584,1000
mistral7b_v03,hellaswag,2025,32,0.7684991638795987,0.8070129598662208,0.03851379598662208,0.6695935130119324,1000
mistral7b_v03,hellaswag,2025,64,0.7684991638795987,0.7952550167224081,0.026755852842809347,0.7553141117095947,1000
mistral7b_v03,hellaswag,2025,128,0.7684991638795987,0.7595108695652173,-0.008988294314381418,0.8398948907852173,1000
mistral7b_v03,hellaswag,2025,256,0.7684991638795987,0.750940635451505,-0.01755852842809369,0.9167120456695557,1000
mistral7b_v03,mmlu_all,42,8,0.7799067362297427,0.7884020499561383,0.00849531372639556,0.44138240814208984,1000
mistral7b_v03,mmlu_all,42,16,0.7799067362297427,0.7814303522784984,0.001523616048755727,0.541437029838562,1000
mistral7b_v03,mmlu_all,42,32,0.7799067362297427,0.7710420610369823,-0.008864675192760463,0.6778075695037842,1000
mistral7b_v03,mmlu_all,42,64,0.7799067362297427,0.7845699247426012,0.004663188512858518,0.803207516670227,1000
mistral7b_v03,mmlu_all,42,128,0.7799067362297427,0.7498037767209936,-0.030102959508749083,0.8779697418212891,1000
mistral7b_v03,mmlu_all,42,256,0.7799067362297427,0.7207165612447483,-0.05919017498499446,0.9388488531112671,1000
mistral7b_v03,mmlu_all,7,8,0.7284269818551179,0.7439863336257445,0.015559351770626617,0.44053858518600464,1000
mistral7b_v03,mmlu_all,7,16,0.7284269818551179,0.7420471859273281,0.013620204072210207,0.5497539639472961,1000
mistral7b_v03,mmlu_all,7,32,0.7284269818551179,0.7332748511011588,0.004847869246040859,0.6861010193824768,1000
mistral7b_v03,mmlu_all,7,64,0.7284269818551179,0.7156840112655247,-0.012742970589593172,0.7952835559844971,1000
mistral7b_v03,mmlu_all,7,128,0.7284269818551179,0.7022946581097926,-0.02613232374532526,0.8704683780670166,1000
mistral7b_v03,mmlu_all,7,256,0.7284269818551179,0.6907059421025901,-0.03772103975252783,0.9340689778327942,1000
mistral7b_v03,mmlu_all,123,8,0.7280114502054572,0.7298120873539867,0.0018006371485295158,0.44369345903396606,1000
mistral7b_v03,mmlu_all,123,16,0.7280114502054572,0.7192391153792881,-0.008772334826169126,0.5486245155334473,1000
mistral7b_v03,mmlu_all,123,32,0.7280114502054572,0.7092201856041367,-0.018791264601320523,0.6880028247833252,1000
mistral7b_v03,mmlu_all,123,64,0.7280114502054572,0.6961540237314743,-0.03185742647398293,0.7970845103263855,1000
mistral7b_v03,mmlu_all,123,128,0.7280114502054572,0.7062191236899211,-0.021792326515536087,0.8719144463539124,1000
mistral7b_v03,mmlu_all,123,256,0.7280114502054572,0.6979084906967081,-0.030102959508749083,0.9352798461914062,1000
mistral7b_v03,mmlu_all,777,8,0.7414008033611893,0.7605614294288747,0.019160626067685427,0.4462101459503174,1000
mistral7b_v03,mmlu_all,777,16,0.7414008033611893,0.7591763239300059,0.017775520568816594,0.5481477975845337,1000
mistral7b_v03,mmlu_all,777,32,0.7414008033611893,0.7494344152546285,0.008033611893439208,0.6840173602104187,1000
mistral7b_v03,mmlu_all,777,64,0.7414008033611893,0.7274574080059097,-0.013943395355279553,0.7983493804931641,1000
mistral7b_v03,mmlu_all,777,128,0.7414008033611893,0.7418163350108501,0.00041553164966079414,0.8730169534683228,1000
mistral7b_v03,mmlu_all,777,256,0.7414008033611893,0.7213167736275912,-0.02008402973359813,0.9359248280525208,1000
mistral7b_v03,mmlu_all,2025,8,0.7723348261692599,0.7981439586315158,0.025809132462255913,0.437447190284729,1000
mistral7b_v03,mmlu_all,2025,16,0.7723348261692599,0.7880326884897731,0.01569786232051329,0.5349434018135071,1000
mistral7b_v03,mmlu_all,2025,32,0.7723348261692599,0.7757975899164318,0.0034627637471719153,0.667522132396698,1000
mistral7b_v03,mmlu_all,2025,64,0.7723348261692599,0.7492959047047416,-0.023038921464518247,0.800712525844574,1000
mistral7b_v03,mmlu_all,2025,128,0.7723348261692599,0.7666558936238976,-0.005678932545362225,0.8775919675827026,1000
mistral7b_v03,mmlu_all,2025,256,0.7723348261692599,0.7317512350524031,-0.04058359111685672,0.9387332797050476,1000
olmo2_7b_instruct,arc_challenge,42,8,0.8377525252525253,0.86489898989899,0.02714646464646464,0.34902894496917725,299
olmo2_7b_instruct,arc_challenge,42,16,0.8377525252525253,0.8156565656565656,-0.02209595959595967,0.4840829372406006,299
olmo2_7b_instruct,arc_challenge,42,32,0.8377525252525253,0.8371212121212122,-0.0006313131313131493,0.611564040184021,299
olmo2_7b_instruct,arc_challenge,42,64,0.8377525252525253,0.8434343434343433,0.00568181818181801,0.7503740191459656,299
olmo2_7b_instruct,arc_challenge,42,128,0.8377525252525253,0.8017676767676768,-0.03598484848484851,0.9008939862251282,299
olmo2_7b_instruct,arc_challenge,42,256,0.8377525252525253,0.8623737373737373,0.024621212121212044,1.0,299
olmo2_7b_instruct,arc_challenge,7,8,0.7108585858585859,0.7102272727272727,-0.0006313131313131493,0.3520640730857849,299
olmo2_7b_instruct,arc_challenge,7,16,0.7108585858585859,0.6755050505050504,-0.03535353535353547,0.484887033700943,299
olmo2_7b_instruct,arc_challenge,7,32,0.7108585858585859,0.678030303030303,-0.03282828282828287,0.6143697500228882,299
olmo2_7b_instruct,arc_challenge,7,64,0.7108585858585859,0.6641414141414141,-0.04671717171717171,0.751315712928772,299
olmo2_7b_instruct,arc_challenge,7,128,0.7108585858585859,0.7247474747474748,0.01388888888888895,0.9008470773696899,299
olmo2_7b_instruct,arc_challenge,7,256,0.7108585858585859,0.7424242424242424,0.031565656565656575,1.0000001192092896,299
olmo2_7b_instruct,arc_challenge,123,8,0.7525252525252525,0.7720959595959597,0.019570707070707183,0.35543492436408997,299
olmo2_7b_instruct,arc_challenge,123,16,0.7525252525252525,0.76010101010101,0.007575757575757569,0.48625651001930237,299
olmo2_7b_instruct,arc_challenge,123,32,0.7525252525252525,0.7670454545454546,0.0145202020202021,0.615463137626648,299
olmo2_7b_instruct,arc_challenge,123,64,0.7525252525252525,0.69760101010101,-0.05492424242424243,0.7531510591506958,299
olmo2_7b_instruct,arc_challenge,123,128,0.7525252525252525,0.7316919191919191,-0.02083333333333337,0.9021236896514893,299
olmo2_7b_instruct,arc_challenge,123,256,0.7525252525252525,0.75,-0.002525252525252486,1.0,299
olmo2_7b_instruct,arc_challenge,777,8,0.7935606060606061,0.8093434343434344,0.015782828282828287,0.35271579027175903,299
olmo2_7b_instruct,arc_challenge,777,16,0.7935606060606061,0.8005050505050505,0.00694444444444442,0.4847196936607361,299
olmo2_7b_instruct,arc_challenge,777,32,0.7935606060606061,0.803030303030303,0.009469696969696906,0.6130039691925049,299
olmo2_7b_instruct,arc_challenge,777,64,0.7935606060606061,0.8219696969696969,0.02840909090909083,0.7518652677536011,299
olmo2_7b_instruct,arc_challenge,777,128,0.7935606060606061,0.8162878787878789,0.022727272727272818,0.9013799428939819,299
olmo2_7b_instruct,arc_challenge,777,256,0.7935606060606061,0.8049242424242424,0.011363636363636354,0.9999999403953552,299
olmo2_7b_instruct,arc_challenge,2025,8,0.8440656565656566,0.8143939393939394,-0.029671717171717127,0.3518167734146118,299
olmo2_7b_instruct,arc_challenge,2025,16,0.8440656565656566,0.8099747474747475,-0.03409090909090906,0.48300451040267944,299
olmo2_7b_instruct,arc_challenge,2025,32,0.8440656565656566,0.7398989898989898,-0.10416666666666674,0.6109988689422607,299
olmo2_7b_instruct,arc_challenge,2025,64,0.8440656565656566,0.7626262626262627,-0.08143939393939392,0.7492986917495728,299
olmo2_7b_instruct,arc_challenge,2025,128,0.8440656565656566,0.8061868686868687,-0.037878787878787845,0.8999185562133789,299
olmo2_7b_instruct,arc_challenge,2025,256,0.8440656565656566,0.8112373737373738,-0.03282828282828276,0.9999998807907104,299
olmo2_7b_instruct,commonsenseqa,42,8,0.7601894131574498,0.7529736738260331,-0.007215739331416726,0.32543814182281494,1000
olmo2_7b_instruct,commonsenseqa,42,16,0.7601894131574498,0.7646428772760584,0.0044534641186085855,0.4371732175350189,1000
olmo2_7b_instruct,commonsenseqa,42,32,0.7601894131574498,0.7772140481425108,0.017024634985061016,0.5434987545013428,1000
olmo2_7b_instruct,commonsenseqa,42,64,0.7601894131574498,0.7784542533400981,0.01826484018264829,0.64557945728302,1000
olmo2_7b_instruct,commonsenseqa,42,128,0.7601894131574498,0.7678561361970798,0.007666723039630008,0.7496563196182251,1000
olmo2_7b_instruct,commonsenseqa,42,256,0.7601894131574498,0.7249563109532667,-0.035233102204183075,0.8594186902046204,1000
olmo2_7b_instruct,commonsenseqa,7,8,0.7627825694796775,0.7560178138564744,-0.006764755623203111,0.3240779638290405,1000
olmo2_7b_instruct,commonsenseqa,7,16,0.7627825694796775,0.748012853035684,-0.014769716443993497,0.43576860427856445,1000
olmo2_7b_instruct,commonsenseqa,7,32,0.7627825694796775,0.7379220925644061,-0.02486047691527138,0.5420013070106506,1000
olmo2_7b_instruct,commonsenseqa,7,64,0.7627825694796775,0.7084390326399458,-0.0543435368397317,0.6435016393661499,1000
olmo2_7b_instruct,commonsenseqa,7,128,0.7627825694796775,0.7274367213484412,-0.03534584813123631,0.748359203338623,1000
olmo2_7b_instruct,commonsenseqa,7,256,0.7627825694796775,0.689892327639664,-0.07289024184001347,0.8591902256011963,1000
olmo2_7b_instruct,commonsenseqa,123,8,0.7910254242065505,0.7870793167596819,-0.00394610744686863,0.3273060917854309,1000
olmo2_7b_instruct,commonsenseqa,123,16,0.7910254242065505,0.7972828231580134,0.0062573989514628225,0.4403175711631775,1000
olmo2_7b_instruct,commonsenseqa,123,32,0.7910254242065505,0.7871356897232088,-0.0038897344833417336,0.5460355281829834,1000
olmo2_7b_instruct,commonsenseqa,123,64,0.7910254242065505,0.780483680027059,-0.010541744179491497,0.6472690105438232,1000
olmo2_7b_instruct,commonsenseqa,123,128,0.7910254242065505,0.7577653757258018,-0.033260048480748705,0.7504167556762695,1000
olmo2_7b_instruct,commonsenseqa,123,256,0.7910254242065505,0.7181915553300637,-0.0728338688764868,0.8599053025245667,1000
olmo2_7b_instruct,commonsenseqa,777,8,0.7781723885224646,0.7680816280511866,-0.010090760471277993,0.3241804242134094,1000
olmo2_7b_instruct,commonsenseqa,777,16,0.7781723885224646,0.7777777777777778,-0.00039461074468682966,0.4359818696975708,1000
olmo2_7b_instruct,commonsenseqa,777,32,0.7781723885224646,0.7758610970178702,-0.002311291504594415,0.5422089099884033,1000
olmo2_7b_instruct,commonsenseqa,777,64,0.7781723885224646,0.7732679406956424,-0.0049044478268222,0.6442499160766602,1000
olmo2_7b_instruct,commonsenseqa,777,128,0.7781723885224646,0.7601894131574498,-0.01798297536501481,0.7484734058380127,1000
olmo2_7b_instruct,commonsenseqa,777,256,0.7781723885224646,0.7303117424883026,-0.04786064603416207,0.8591129779815674,1000
olmo2_7b_instruct,commonsenseqa,2025,8,0.7685326117594004,0.7696036980664073,0.0010710863070069188,0.3254495859146118,1000
olmo2_7b_instruct,commonsenseqa,2025,16,0.7685326117594004,0.773324313659169,0.00479170189976863,0.43850237131118774,1000
olmo2_7b_instruct,commonsenseqa,2025,32,0.7685326117594004,0.772591465133322,0.004058853373921645,0.5451478958129883,1000
olmo2_7b_instruct,commonsenseqa,2025,64,0.7685326117594004,0.7638536557866847,-0.004678955972715615,0.646339476108551,1000
olmo2_7b_instruct,commonsenseqa,2025,128,0.7685326117594004,0.7605276509386099,-0.008004960820790497,0.7500724792480469,1000
olmo2_7b_instruct,commonsenseqa,2025,256,0.7685326117594004,0.725463667625007,-0.04306894413439333,0.8600630164146423,1000
olmo2_7b_instruct,hellaswag,42,8,0.7483852583586627,0.7721789513677811,0.02379369300911849,0.44479912519454956,1000
olmo2_7b_instruct,hellaswag,42,16,0.7483852583586627,0.769281914893617,0.020896656534954317,0.5294352173805237,1000
olmo2_7b_instruct,hellaswag,42,32,0.7483852583586627,0.7603533434650456,0.01196808510638292,0.6146824359893799,1000
olmo2_7b_instruct,hellaswag,42,64,0.7483852583586627,0.7652450607902735,0.016859802431610893,0.7018375396728516,1000
olmo2_7b_instruct,hellaswag,42,128,0.7483852583586627,0.7679521276595744,0.019566869300911782,0.7917613983154297,1000
olmo2_7b_instruct,hellaswag,42,256,0.7483852583586627,0.73290273556231,-0.015482522796352649,0.8848369121551514,1000
olmo2_7b_instruct,hellaswag,7,8,0.6905870060790275,0.7273936170212767,0.03680661094224924,0.44988733530044556,1000
olmo2_7b_instruct,hellaswag,7,16,0.6905870060790275,0.7240216565349544,0.03343465045592697,0.532295286655426,1000
olmo2_7b_instruct,hellaswag,7,32,0.6905870060790275,0.7225493920972644,0.03196238601823698,0.6164038181304932,1000
olmo2_7b_instruct,hellaswag,7,64,0.6905870060790275,0.709488981762918,0.018901975683890515,0.7037391662597656,1000
olmo2_7b_instruct,hellaswag,7,128,0.6905870060790275,0.6735372340425532,-0.017049772036474287,0.7934213280677795,1000
olmo2_7b_instruct,hellaswag,7,256,0.6905870060790275,0.6320288753799392,-0.05855813069908822,0.8856817483901978,1000
olmo2_7b_instruct,hellaswag,123,8,0.6894946808510638,0.73731952887538,0.04782484802431619,0.4474051892757416,1000
olmo2_7b_instruct,hellaswag,123,16,0.6894946808510638,0.7255414133738604,0.036046732522796554,0.5311598181724548,1000
olmo2_7b_instruct,hellaswag,123,32,0.6894946808510638,0.7417363221884499,0.05224164133738607,0.616061806678772,1000
olmo2_7b_instruct,hellaswag,123,64,0.6894946808510638,0.7347074468085106,0.04521276595744683,0.7031445503234863,1000
olmo2_7b_instruct,hellaswag,123,128,0.6894946808510638,0.7221219604863222,0.032627279635258355,0.7928909063339233,1000
olmo2_7b_instruct,hellaswag,123,256,0.6894946808510638,0.6539228723404256,-0.035571808510638236,0.8851367235183716,1000
olmo2_7b_instruct,hellaswag,777,8,0.7209821428571428,0.74705547112462,0.026073328267477214,0.4481411874294281,1000
olmo2_7b_instruct,hellaswag,777,16,0.7209821428571428,0.740976443768997,0.019994300911854168,0.5316708087921143,1000
olmo2_7b_instruct,hellaswag,777,32,0.7209821428571428,0.7515672492401215,0.030585106382978733,0.6159144043922424,1000
olmo2_7b_instruct,hellaswag,777,64,0.7209821428571428,0.7327602583586625,0.011778115501519748,0.7027042508125305,1000
olmo2_7b_instruct,hellaswag,777,128,0.7209821428571428,0.7008453647416414,-0.020136778115501408,0.7927805185317993,1000
olmo2_7b_instruct,hellaswag,777,256,0.7209821428571428,0.69044452887538,-0.0305376139817628,0.8851821422576904,1000
olmo2_7b_instruct,hellaswag,2025,8,0.6916318389057751,0.7376994680851064,0.04606762917933138,0.45015689730644226,1000
olmo2_7b_instruct,hellaswag,2025,16,0.6916318389057751,0.7393142097264438,0.04768237082066873,0.5335171222686768,1000
olmo2_7b_instruct,hellaswag,2025,32,0.6916318389057751,0.7348974164133738,0.04326557750759874,0.6169269680976868,1000
olmo2_7b_instruct,hellaswag,2025,64,0.6916318389057751,0.7274411094224924,0.03580927051671734,0.7037535309791565,1000
olmo2_7b_instruct,hellaswag,2025,128,0.6916318389057751,0.7059745440729482,0.014342705167173175,0.7933974862098694,1000
olmo2_7b_instruct,hellaswag,2025,256,0.6916318389057751,0.6898746200607904,-0.0017572188449846982,0.8856101036071777,1000
olmo2_7b_instruct,mmlu_all,42,8,0.7651178451178452,0.7786307519640854,0.01351290684624018,0.3609917461872101,1000
olmo2_7b_instruct,mmlu_all,42,16,0.7651178451178452,0.764668911335578,-0.00044893378226718017,0.47844552993774414,1000
olmo2_7b_instruct,mmlu_all,42,32,0.7651178451178452,0.7585185185185185,-0.006599326599326716,0.6147704124450684,1000
olmo2_7b_instruct,mmlu_all,42,64,0.7651178451178452,0.7612570145903479,-0.0038608305274973054,0.719103217124939,1000
olmo2_7b_instruct,mmlu_all,42,128,0.7651178451178452,0.7342760942760944,-0.03084175084175078,0.8071715831756592,1000
olmo2_7b_instruct,mmlu_all,42,256,0.7651178451178452,0.6802693602693602,-0.08484848484848495,0.8938274383544922,1000
olmo2_7b_instruct,mmlu_all,7,8,0.7732884399551067,0.7716273849607184,-0.001661054994388289,0.367514967918396,1000
olmo2_7b_instruct,mmlu_all,7,16,0.7732884399551067,0.7764309764309764,0.003142536475869706,0.4835628867149353,1000
olmo2_7b_instruct,mmlu_all,7,32,0.7732884399551067,0.7747250280583614,0.0014365881032547545,0.6173920035362244,1000
olmo2_7b_instruct,mmlu_all,7,64,0.7732884399551067,0.774006734006734,0.0007182940516273773,0.7200583219528198,1000
olmo2_7b_instruct,mmlu_all,7,128,0.7732884399551067,0.7380022446689114,-0.035286195286195254,0.8069869875907898,1000
olmo2_7b_instruct,mmlu_all,7,256,0.7732884399551067,0.7275869809203142,-0.0457014590347925,0.8939279317855835,1000
olmo2_7b_instruct,mmlu_all,123,8,0.7134455667789001,0.7252076318742986,0.011762065095398455,0.35630249977111816,1000
olmo2_7b_instruct,mmlu_all,123,16,0.7134455667789001,0.7261952861952862,0.01274971941638603,0.4672766923904419,1000
olmo2_7b_instruct,mmlu_all,123,32,0.7134455667789001,0.7135802469135802,0.00013468013468009854,0.6087806224822998,1000
olmo2_7b_instruct,mmlu_all,123,64,0.7134455667789001,0.7221997755331089,0.008754208754208737,0.7265270352363586,1000
olmo2_7b_instruct,mmlu_all,123,128,0.7134455667789001,0.7372390572390572,0.023793490460157107,0.8152306079864502,1000
olmo2_7b_instruct,mmlu_all,123,256,0.7134455667789001,0.7161840628507294,0.0027384960718292994,0.8992208242416382,1000
olmo2_7b_instruct,mmlu_all,777,8,0.7631874298540966,0.7709988776655444,0.007811447811447825,0.3625797927379608,1000
olmo2_7b_instruct,mmlu_all,777,16,0.7631874298540966,0.750662177328844,-0.012525252525252606,0.4763731360435486,1000
olmo2_7b_instruct,mmlu_all,777,32,0.7631874298540966,0.7463524130190796,-0.01683501683501698,0.6123417615890503,1000
olmo2_7b_instruct,mmlu_all,777,64,0.7631874298540966,0.7369696969696969,-0.026217732884399658,0.7235814332962036,1000
olmo2_7b_instruct,mmlu_all,777,128,0.7631874298540966,0.7269135802469135,-0.03627384960718305,0.8114264011383057,1000
olmo2_7b_instruct,mmlu_all,777,256,0.7631874298540966,0.713939393939394,-0.049248035914702615,0.8966535329818726,1000
olmo2_7b_instruct,mmlu_all,2025,8,0.7464870931537598,0.7451402918069584,-0.0013468013468014295,0.35759103298187256,1000
olmo2_7b_instruct,mmlu_all,2025,16,0.7464870931537598,0.731672278338945,-0.014814814814814836,0.4721163213253021,1000
olmo2_7b_instruct,mmlu_all,2025,32,0.7464870931537598,0.7261952861952862,-0.020291806958473657,0.609360933303833,1000
olmo2_7b_instruct,mmlu_all,2025,64,0.7464870931537598,0.7314478114478115,-0.01503928170594837,0.7176748514175415,1000
olmo2_7b_instruct,mmlu_all,2025,128,0.7464870931537598,0.7272278338945006,-0.019259259259259198,0.806560754776001,1000
olmo2_7b_instruct,mmlu_all,2025,256,0.7464870931537598,0.6925701459034793,-0.05391694725028051,0.8933402299880981,1000
qwen25_7b,arc_challenge,42,8,0.8834019204389576,0.8408779149519889,-0.04252400548696866,0.4589403569698334,299
qwen25_7b,arc_challenge,42,16,0.8834019204389576,0.784636488340192,-0.09876543209876565,0.5935987830162048,299
qwen25_7b,arc_challenge,42,32,0.8834019204389576,0.700960219478738,-0.1824417009602196,0.7072516679763794,299
qwen25_7b,arc_challenge,42,64,0.8834019204389576,0.728395061728395,-0.15500685871056263,0.8248211145401001,299
qwen25_7b,arc_challenge,42,128,0.8834019204389576,0.7421124828532235,-0.1412894375857341,0.9364744424819946,299
qwen25_7b,arc_challenge,42,256,0.8834019204389576,0.6529492455418382,-0.2304526748971194,1.0000001192092896,299
qwen25_7b,arc_challenge,7,8,0.7750342935528121,0.7421124828532235,-0.03292181069958855,0.45663467049598694,299
qwen25_7b,arc_challenge,7,16,0.7750342935528121,0.6790123456790124,-0.0960219478737997,0.592643678188324,299
qwen25_7b,arc_challenge,7,32,0.7750342935528121,0.6611796982167353,-0.11385459533607678,0.7072399854660034,299
qwen25_7b,arc_challenge,7,64,0.7750342935528121,0.6556927297668038,-0.11934156378600824,0.8252255320549011,299
qwen25_7b,arc_challenge,7,128,0.7750342935528121,0.5953360768175582,-0.17969821673525388,0.9371954202651978,299
qwen25_7b,arc_challenge,7,256,0.7750342935528121,0.6131687242798354,-0.16186556927297668,0.9999999403953552,299
qwen25_7b,arc_challenge,123,8,0.914951989026063,0.8943758573388203,-0.020576131687242705,0.4600089490413666,299
qwen25_7b,arc_challenge,123,16,0.914951989026063,0.8175582990397805,-0.0973936899862825,0.5927107334136963,299
qwen25_7b,arc_challenge,123,32,0.914951989026063,0.7997256515775033,-0.1152263374485597,0.7082961201667786,299
qwen25_7b,arc_challenge,123,64,0.914951989026063,0.7503429355281206,-0.16460905349794241,0.8265492916107178,299
qwen25_7b,arc_challenge,123,128,0.914951989026063,0.7338820301783265,-0.18106995884773647,0.9374521970748901,299
qwen25_7b,arc_challenge,123,256,0.914951989026063,0.7613168724279835,-0.1536351165980795,1.0,299
qwen25_7b,arc_challenge,777,8,0.7654320987654321,0.7078189300411523,-0.057613168724279795,0.4584592580795288,299
qwen25_7b,arc_challenge,777,16,0.7654320987654321,0.6447187928669411,-0.12071330589849094,0.5935044884681702,299
qwen25_7b,arc_challenge,777,32,0.7654320987654321,0.5171467764060357,-0.24828532235939638,0.7092514038085938,299
qwen25_7b,arc_challenge,777,64,0.7654320987654321,0.5733882030178326,-0.1920438957475995,0.8255575895309448,299
qwen25_7b,arc_challenge,777,128,0.7654320987654321,0.6762688614540466,-0.08916323731138542,0.9372249841690063,299
qwen25_7b,arc_challenge,777,256,0.7654320987654321,0.654320987654321,-0.11111111111111105,1.0,299
qwen25_7b,arc_challenge,2025,8,0.8134430727023321,0.7997256515775034,-0.013717421124828655,0.453860878944397,299
qwen25_7b,arc_challenge,2025,16,0.8134430727023321,0.7160493827160495,-0.09739368998628262,0.589221715927124,299
qwen25_7b,arc_challenge,2025,32,0.8134430727023321,0.6433470507544581,-0.170096021947874,0.7055938243865967,299
qwen25_7b,arc_challenge,2025,64,0.8134430727023321,0.6447187928669411,-0.16872427983539096,0.8242970705032349,299
qwen25_7b,arc_challenge,2025,128,0.8134430727023321,0.7517146776406035,-0.06172839506172856,0.9364326000213623,299
qwen25_7b,arc_challenge,2025,256,0.8134430727023321,0.6707818930041153,-0.1426611796982168,0.9999998807907104,299
qwen25_7b,commonsenseqa,42,8,0.8339317088075777,0.8262164846077459,-0.007715224199831838,0.37707164883613586,1000
qwen25_7b,commonsenseqa,42,16,0.8339317088075777,0.8250706592315331,-0.00886104957604461,0.507390022277832,1000
qwen25_7b,commonsenseqa,42,32,0.8339317088075777,0.8183484836910855,-0.015583225116492239,0.6162727475166321,1000
qwen25_7b,commonsenseqa,42,64,0.8339317088075777,0.7573141853181575,-0.07661752348942019,0.7198110818862915,1000
qwen25_7b,commonsenseqa,42,128,0.8339317088075777,0.7405851348254526,-0.09334657398212509,0.8154329061508179,1000
qwen25_7b,commonsenseqa,42,256,0.8339317088075777,0.6936062944007334,-0.14032541440684432,0.903701901435852,1000
qwen25_7b,commonsenseqa,7,8,0.841341379573753,0.8499732640745551,0.0086318845008021,0.37703976035118103,1000
qwen25_7b,commonsenseqa,7,16,0.841341379573753,0.8486746619815141,0.007333282407761099,0.5074247121810913,1000
qwen25_7b,commonsenseqa,7,32,0.841341379573753,0.8319456114888091,-0.009395768084943912,0.6167638301849365,1000
qwen25_7b,commonsenseqa,7,64,0.841341379573753,0.8058207929111603,-0.035520586662592724,0.7206820249557495,1000
qwen25_7b,commonsenseqa,7,128,0.841341379573753,0.7877167519670003,-0.053624627606752684,0.8159500956535339,1000
qwen25_7b,commonsenseqa,7,256,0.841341379573753,0.7623558169734932,-0.0789855626002598,0.9041090607643127,1000
qwen25_7b,commonsenseqa,123,8,0.8362233595600032,0.8433274768925216,0.007104117332518478,0.37507253885269165,1000
qwen25_7b,commonsenseqa,123,16,0.8362233595600032,0.8288136887938279,-0.007409670766175269,0.5060798525810242,1000
qwen25_7b,commonsenseqa,123,32,0.8362233595600032,0.8212512413108242,-0.01497211824917899,0.6151455640792847,1000
qwen25_7b,commonsenseqa,123,64,0.8362233595600032,0.8091054923229701,-0.027117867237033022,0.7190791368484497,1000
qwen25_7b,commonsenseqa,123,128,0.8362233595600032,0.7821404018027652,-0.054082957757237926,0.8152898550033569,1000
qwen25_7b,commonsenseqa,123,256,0.8362233595600032,0.7640363608586052,-0.072186998701398,0.9034188985824585,1000
qwen25_7b,commonsenseqa,777,8,0.8025360934993507,0.78496677106409,-0.01756932243526077,0.37445974349975586,1000
qwen25_7b,commonsenseqa,777,16,0.8025360934993507,0.7772515468642578,-0.02528454663509294,0.5054645538330078,1000
qwen25_7b,commonsenseqa,777,32,0.8025360934993507,0.7836681689710489,-0.018867924528301883,0.6150124073028564,1000
qwen25_7b,commonsenseqa,777,64,0.8025360934993507,0.7631960889160492,-0.03934000458330156,0.7191215753555298,1000
qwen25_7b,commonsenseqa,777,128,0.8025360934993507,0.7135436559468338,-0.08899243755251696,0.8150678873062134,1000
qwen25_7b,commonsenseqa,777,256,0.8025360934993507,0.6802383316782523,-0.12229776182109842,0.90366530418396,1000
qwen25_7b,commonsenseqa,2025,8,0.847376059888473,0.8490566037735849,0.0016805438851119625,0.3763626515865326,1000
qwen25_7b,commonsenseqa,2025,16,0.847376059888473,0.8444733022687343,-0.002902757619738683,0.5072504878044128,1000
qwen25_7b,commonsenseqa,2025,32,0.847376059888473,0.8435566419677641,-0.003819417920708834,0.616012692451477,1000
qwen25_7b,commonsenseqa,2025,64,0.847376059888473,0.8102513176991827,-0.037124742189290294,0.7205790281295776,1000
qwen25_7b,commonsenseqa,2025,128,0.847376059888473,0.7792376441830265,-0.06813841570544643,0.8156970739364624,1000
qwen25_7b,commonsenseqa,2025,256,0.847376059888473,0.674967534947674,-0.17240852494079895,0.904077410697937,1000
qwen25_7b,hellaswag,42,8,0.876981868444589,0.8945442718920237,0.01756240344743465,0.5414570569992065,1000
qwen25_7b,hellaswag,42,16,0.876981868444589,0.8761687942109115,-0.000813074233677491,0.6338889598846436,1000
qwen25_7b,hellaswag,42,32,0.876981868444589,0.8807220099195057,0.003740141474916636,0.7138967514038086,1000
qwen25_7b,hellaswag,42,64,0.876981868444589,0.869095048377917,-0.007886820066672073,0.7943207025527954,1000
qwen25_7b,hellaswag,42,128,0.876981868444589,0.8173022196926579,-0.0596796487519311,0.8693374395370483,1000
qwen25_7b,hellaswag,42,256,0.876981868444589,0.7832344093015691,-0.09374745914301996,0.9339776039123535,1000
qwen25_7b,hellaswag,7,8,0.8750304902837629,0.8767379461744857,0.0017074558907228532,0.5380759239196777,1000
qwen25_7b,hellaswag,7,16,0.8750304902837629,0.8756809496707049,0.0006504593869419706,0.6308400630950928,1000
qwen25_7b,hellaswag,7,32,0.8750304902837629,0.8903162858769005,0.015285795593137586,0.7110825777053833,1000
qwen25_7b,hellaswag,7,64,0.8750304902837629,0.8881209854459712,0.013090495162208282,0.7924623489379883,1000
qwen25_7b,hellaswag,7,128,0.8750304902837629,0.865761444019839,-0.009269046263923886,0.8679223656654358,1000
qwen25_7b,hellaswag,7,256,0.8750304902837629,0.8593381575737865,-0.015692332709976387,0.9332442283630371,1000
qwen25_7b,hellaswag,123,8,0.8638913732823806,0.8727538824294659,0.008862509147085307,0.5383460521697998,1000
qwen25_7b,hellaswag,123,16,0.8638913732823806,0.8729978046995691,0.009106431417188476,0.630990207195282,1000
qwen25_7b,hellaswag,123,32,0.8638913732823806,0.8743800308968209,0.010488657614440289,0.7113445401191711,1000
qwen25_7b,hellaswag,123,64,0.8638913732823806,0.8411252947394097,-0.02276607854297097,0.7927346229553223,1000
qwen25_7b,hellaswag,123,128,0.8638913732823806,0.8055939507277015,-0.05829742255467918,0.868410050868988,1000
qwen25_7b,hellaswag,123,256,0.8638913732823806,0.8002276607854297,-0.06366371249695091,0.93359375,1000
qwen25_7b,hellaswag,777,8,0.8886901374095455,0.8883649077160743,-0.0003252296934711518,0.5436128377914429,1000
qwen25_7b,hellaswag,777,16,0.8886901374095455,0.879583705992357,-0.009106431417188476,0.6352627277374268,1000
qwen25_7b,hellaswag,777,32,0.8886901374095455,0.8764940239043825,-0.012196113505163031,0.7142757773399353,1000
qwen25_7b,hellaswag,777,64,0.8886901374095455,0.8638913732823807,-0.024798764127164752,0.7951448559761047,1000
qwen25_7b,hellaswag,777,128,0.8886901374095455,0.840718757622571,-0.04797137978697452,0.8698225617408752,1000
qwen25_7b,hellaswag,777,256,0.8886901374095455,0.8510448003902756,-0.037645337019269864,0.9342461228370667,1000
qwen25_7b,hellaswag,2025,8,0.8526709488576307,0.8698268151882267,0.01715586633059596,0.5404424071311951,1000
qwen25_7b,hellaswag,2025,16,0.8526709488576307,0.8551914789820311,0.002520530124400344,0.6323310732841492,1000
qwen25_7b,hellaswag,2025,32,0.8526709488576307,0.8551101715586633,0.002439222701032584,0.7132662534713745,1000
qwen25_7b,hellaswag,2025,64,0.8526709488576307,0.842670135783397,-0.010000813074233728,0.7935089468955994,1000
qwen25_7b,hellaswag,2025,128,0.8526709488576307,0.7838035612651435,-0.06886738759248723,0.868572473526001,1000
qwen25_7b,hellaswag,2025,256,0.8526709488576307,0.8046182616472886,-0.04805268721034217,0.9337524175643921,1000
qwen25_7b,mmlu_all,42,8,0.8308600770218229,0.8258793324775353,-0.004980744544287541,0.42511284351348877,1000
qwen25_7b,mmlu_all,42,16,0.8308600770218229,0.826854942233633,-0.004005134788189868,0.5658154487609863,1000
qwen25_7b,mmlu_all,42,32,0.8308600770218229,0.8282926829268293,-0.0025673940949935137,0.7266114950180054,1000
qwen25_7b,mmlu_all,42,64,0.8308600770218229,0.8261360718870346,-0.004724005134788212,0.8355281352996826,1000
qwen25_7b,mmlu_all,42,128,0.8308600770218229,0.7887548138639281,-0.04210526315789476,0.8991947174072266,1000
qwen25_7b,mmlu_all,42,256,0.8308600770218229,0.6975609756097562,-0.1332991014120667,0.9503980278968811,1000
qwen25_7b,mmlu_all,7,8,0.8677278562259307,0.8576636713735559,-0.010064184852374813,0.429160475730896,1000
qwen25_7b,mmlu_all,7,16,0.8677278562259307,0.86007702182285,-0.007650834403080786,0.5753476619720459,1000
qwen25_7b,mmlu_all,7,32,0.8677278562259307,0.8493453145057767,-0.018382541720154078,0.7342571020126343,1000
qwen25_7b,mmlu_all,7,64,0.8677278562259307,0.8386649550706035,-0.02906290115532728,0.8311944007873535,1000
qwen25_7b,mmlu_all,7,128,0.8677278562259307,0.8142233632862643,-0.053504492939666415,0.8947957754135132,1000
qwen25_7b,mmlu_all,7,256,0.8677278562259307,0.7535301668806161,-0.1141976893453146,0.94786137342453,1000
qwen25_7b,mmlu_all,123,8,0.8581258023106547,0.8545827984595635,-0.0035430038510911865,0.42903032898902893,1000
qwen25_7b,mmlu_all,123,16,0.8581258023106547,0.8527856225930681,-0.005340179717586602,0.5807307362556458,1000
qwen25_7b,mmlu_all,123,32,0.8581258023106547,0.8511938382541722,-0.0069319640564825535,0.7428668737411499,1000
qwen25_7b,mmlu_all,123,64,0.8581258023106547,0.8411296534017972,-0.016996148908857478,0.8357852101325989,1000
qwen25_7b,mmlu_all,123,128,0.8581258023106547,0.8051347881899872,-0.052991014120667534,0.8975391387939453,1000
qwen25_7b,mmlu_all,123,256,0.8581258023106547,0.7353530166880616,-0.12277278562259308,0.9491972327232361,1000
qwen25_7b,mmlu_all,777,8,0.8462130937098845,0.8479075738125802,0.0016944801026956835,0.43605613708496094,1000
qwen25_7b,mmlu_all,777,16,0.8462130937098845,0.8473427471116818,0.0011296534017972704,0.5723708868026733,1000
qwen25_7b,mmlu_all,777,32,0.8462130937098845,0.8428754813863929,-0.003337612323491612,0.7300744652748108,1000
qwen25_7b,mmlu_all,777,64,0.8462130937098845,0.8202310654685495,-0.025982028241334998,0.8302940726280212,1000
qwen25_7b,mmlu_all,777,128,0.8462130937098845,0.8231065468549422,-0.02310654685494229,0.894380509853363,1000
qwen25_7b,mmlu_all,777,256,0.8462130937098845,0.774788189987163,-0.07142490372272148,0.9476318955421448,1000
qwen25_7b,mmlu_all,2025,8,0.8682926829268293,0.8768164313222081,0.008523748395378838,0.42981284856796265,1000
qwen25_7b,mmlu_all,2025,16,0.8682926829268293,0.87198973042362,0.003697047496790784,0.5821497440338135,1000
qwen25_7b,mmlu_all,2025,32,0.8682926829268293,0.8724518613607188,0.0041591784338895765,0.7391577959060669,1000
qwen25_7b,mmlu_all,2025,64,0.8682926829268293,0.8662387676508345,-0.0020539152759947443,0.825177788734436,1000
qwen25_7b,mmlu_all,2025,128,0.8682926829268293,0.8423106546854943,-0.025982028241334998,0.8894833922386169,1000
qwen25_7b,mmlu_all,2025,256,0.8682926829268293,0.7973299101412068,-0.07096277278562246,0.9448858499526978,1000
