model_key,dataset,sample_size,seed,feature_set,auroc,pca_explained_variance
deepseek_r1_qwen7b,arc_challenge,100,42,cheap_confidence_option,0.575,
deepseek_r1_qwen7b,arc_challenge,100,42,cheap_plus_pca_hidden,0.515,0.9851071238517761
deepseek_r1_qwen7b,arc_challenge,100,7,cheap_confidence_option,0.565,
deepseek_r1_qwen7b,arc_challenge,100,7,cheap_plus_pca_hidden,0.415,0.9851143956184387
deepseek_r1_qwen7b,arc_challenge,100,123,cheap_confidence_option,0.435,
deepseek_r1_qwen7b,arc_challenge,100,123,cheap_plus_pca_hidden,0.395,0.9838452339172363
deepseek_r1_qwen7b,arc_challenge,100,777,cheap_confidence_option,0.74,
deepseek_r1_qwen7b,arc_challenge,100,777,cheap_plus_pca_hidden,0.76,0.9857876896858215
deepseek_r1_qwen7b,arc_challenge,100,2025,cheap_confidence_option,0.51,
deepseek_r1_qwen7b,arc_challenge,100,2025,cheap_plus_pca_hidden,0.42500000000000004,0.9845995306968689
deepseek_r1_qwen7b,commonsenseqa,100,42,cheap_confidence_option,0.422360248447205,
deepseek_r1_qwen7b,commonsenseqa,100,42,cheap_plus_pca_hidden,0.5900621118012421,0.9823340177536011
deepseek_r1_qwen7b,commonsenseqa,100,7,cheap_confidence_option,0.732919254658385,
deepseek_r1_qwen7b,commonsenseqa,100,7,cheap_plus_pca_hidden,0.3602484472049689,0.9840419888496399
deepseek_r1_qwen7b,commonsenseqa,100,123,cheap_confidence_option,0.7639751552795031,
deepseek_r1_qwen7b,commonsenseqa,100,123,cheap_plus_pca_hidden,0.5838509316770186,0.983035683631897
deepseek_r1_qwen7b,commonsenseqa,100,777,cheap_confidence_option,0.6273291925465838,
deepseek_r1_qwen7b,commonsenseqa,100,777,cheap_plus_pca_hidden,0.5217391304347826,0.9828587770462036
deepseek_r1_qwen7b,commonsenseqa,100,2025,cheap_confidence_option,0.47204968944099374,
deepseek_r1_qwen7b,commonsenseqa,100,2025,cheap_plus_pca_hidden,0.5465838509316769,0.982923150062561
deepseek_r1_qwen7b,commonsenseqa,300,42,cheap_confidence_option,0.5035714285714286,
deepseek_r1_qwen7b,commonsenseqa,300,42,cheap_plus_pca_hidden,0.5128571428571429,0.7766295671463013
deepseek_r1_qwen7b,commonsenseqa,300,7,cheap_confidence_option,0.62,
deepseek_r1_qwen7b,commonsenseqa,300,7,cheap_plus_pca_hidden,0.5485714285714286,0.7745842933654785
deepseek_r1_qwen7b,commonsenseqa,300,123,cheap_confidence_option,0.5778571428571428,
deepseek_r1_qwen7b,commonsenseqa,300,123,cheap_plus_pca_hidden,0.5985714285714286,0.7873114347457886
deepseek_r1_qwen7b,commonsenseqa,300,777,cheap_confidence_option,0.5271428571428571,
deepseek_r1_qwen7b,commonsenseqa,300,777,cheap_plus_pca_hidden,0.3728571428571429,0.7822648286819458
deepseek_r1_qwen7b,commonsenseqa,300,2025,cheap_confidence_option,0.5328571428571429,
deepseek_r1_qwen7b,commonsenseqa,300,2025,cheap_plus_pca_hidden,0.49928571428571433,0.7758764028549194
deepseek_r1_qwen7b,commonsenseqa,500,42,cheap_confidence_option,0.559077079107505,
deepseek_r1_qwen7b,commonsenseqa,500,42,cheap_plus_pca_hidden,0.5068458417849899,0.7279427647590637
deepseek_r1_qwen7b,commonsenseqa,500,7,cheap_confidence_option,0.5213675213675213,
deepseek_r1_qwen7b,commonsenseqa,500,7,cheap_plus_pca_hidden,0.6011396011396012,0.7255195379257202
deepseek_r1_qwen7b,commonsenseqa,500,123,cheap_confidence_option,0.6916835699797159,
deepseek_r1_qwen7b,commonsenseqa,500,123,cheap_plus_pca_hidden,0.5983772819472616,0.7320126295089722
deepseek_r1_qwen7b,commonsenseqa,500,777,cheap_confidence_option,0.6262626262626262,
deepseek_r1_qwen7b,commonsenseqa,500,777,cheap_plus_pca_hidden,0.5822325822325821,0.7303799390792847
deepseek_r1_qwen7b,commonsenseqa,500,2025,cheap_confidence_option,0.5945740365111563,
deepseek_r1_qwen7b,commonsenseqa,500,2025,cheap_plus_pca_hidden,0.5552738336713996,0.7208623290061951
deepseek_r1_qwen7b,commonsenseqa,1000,42,cheap_confidence_option,0.5603100377938633,
deepseek_r1_qwen7b,commonsenseqa,1000,42,cheap_plus_pca_hidden,0.545384664659535,0.6893380880355835
deepseek_r1_qwen7b,commonsenseqa,1000,7,cheap_confidence_option,0.6749087182115175,
deepseek_r1_qwen7b,commonsenseqa,1000,7,cheap_plus_pca_hidden,0.5897764396899622,0.68651282787323
deepseek_r1_qwen7b,commonsenseqa,1000,123,cheap_confidence_option,0.6515277688809173,
deepseek_r1_qwen7b,commonsenseqa,1000,123,cheap_plus_pca_hidden,0.629812311831401,0.6886658668518066
deepseek_r1_qwen7b,commonsenseqa,1000,777,cheap_confidence_option,0.6375632566779835,
deepseek_r1_qwen7b,commonsenseqa,1000,777,cheap_plus_pca_hidden,0.5396835564665942,0.6882182359695435
deepseek_r1_qwen7b,commonsenseqa,1000,2025,cheap_confidence_option,0.6814425725450002,
deepseek_r1_qwen7b,commonsenseqa,1000,2025,cheap_plus_pca_hidden,0.6102748062263789,0.6871991753578186
deepseek_r1_qwen7b,hellaswag,100,42,cheap_confidence_option,0.7272727272727273,
deepseek_r1_qwen7b,hellaswag,100,42,cheap_plus_pca_hidden,0.625,0.9866331219673157
deepseek_r1_qwen7b,hellaswag,100,7,cheap_confidence_option,0.5,
deepseek_r1_qwen7b,hellaswag,100,7,cheap_plus_pca_hidden,0.38636363636363635,0.9861152172088623
deepseek_r1_qwen7b,hellaswag,100,123,cheap_confidence_option,0.6534090909090909,
deepseek_r1_qwen7b,hellaswag,100,123,cheap_plus_pca_hidden,0.4431818181818182,0.9862932562828064
deepseek_r1_qwen7b,hellaswag,100,777,cheap_confidence_option,0.5965909090909092,
deepseek_r1_qwen7b,hellaswag,100,777,cheap_plus_pca_hidden,0.4090909090909091,0.9869862794876099
deepseek_r1_qwen7b,hellaswag,100,2025,cheap_confidence_option,0.48295454545454547,
deepseek_r1_qwen7b,hellaswag,100,2025,cheap_plus_pca_hidden,0.5738636363636364,0.9866148233413696
deepseek_r1_qwen7b,hellaswag,300,42,cheap_confidence_option,0.47955872809863725,
deepseek_r1_qwen7b,hellaswag,300,42,cheap_plus_pca_hidden,0.5983127839065542,0.8384830355644226
deepseek_r1_qwen7b,hellaswag,300,7,cheap_confidence_option,0.5522388059701492,
deepseek_r1_qwen7b,hellaswag,300,7,cheap_plus_pca_hidden,0.618429591174562,0.8353404998779297
deepseek_r1_qwen7b,hellaswag,300,123,cheap_confidence_option,0.6015574302401039,
deepseek_r1_qwen7b,hellaswag,300,123,cheap_plus_pca_hidden,0.6112913692407528,0.8324282169342041
deepseek_r1_qwen7b,hellaswag,300,777,cheap_confidence_option,0.6073977936404932,
deepseek_r1_qwen7b,hellaswag,300,777,cheap_plus_pca_hidden,0.6041531473069436,0.8400294184684753
deepseek_r1_qwen7b,hellaswag,300,2025,cheap_confidence_option,0.698896820246593,
deepseek_r1_qwen7b,hellaswag,300,2025,cheap_plus_pca_hidden,0.6430889033095393,0.8359140753746033
deepseek_r1_qwen7b,hellaswag,500,42,cheap_confidence_option,0.5322245322245323,
deepseek_r1_qwen7b,hellaswag,500,42,cheap_plus_pca_hidden,0.5211365211365211,0.799854040145874
deepseek_r1_qwen7b,hellaswag,500,7,cheap_confidence_option,0.5116655116655117,
deepseek_r1_qwen7b,hellaswag,500,7,cheap_plus_pca_hidden,0.4444444444444444,0.8016171455383301
deepseek_r1_qwen7b,hellaswag,500,123,cheap_confidence_option,0.48279048279048276,
deepseek_r1_qwen7b,hellaswag,500,123,cheap_plus_pca_hidden,0.5915915915915915,0.796778678894043
deepseek_r1_qwen7b,hellaswag,500,777,cheap_confidence_option,0.5719565719565719,
deepseek_r1_qwen7b,hellaswag,500,777,cheap_plus_pca_hidden,0.683067683067683,0.8035327196121216
deepseek_r1_qwen7b,hellaswag,500,2025,cheap_confidence_option,0.49318549318549315,
deepseek_r1_qwen7b,hellaswag,500,2025,cheap_plus_pca_hidden,0.6223146223146223,0.7995363473892212
deepseek_r1_qwen7b,hellaswag,1000,42,cheap_confidence_option,0.5489488090384951,
deepseek_r1_qwen7b,hellaswag,1000,42,cheap_plus_pca_hidden,0.5594898375167433,0.7694831490516663
deepseek_r1_qwen7b,hellaswag,1000,7,cheap_confidence_option,0.5805136567468406,
deepseek_r1_qwen7b,hellaswag,1000,7,cheap_plus_pca_hidden,0.6038669850329044,0.7702453136444092
deepseek_r1_qwen7b,hellaswag,1000,123,cheap_confidence_option,0.5065517442199057,
deepseek_r1_qwen7b,hellaswag,1000,123,cheap_plus_pca_hidden,0.5522683594432473,0.7690416574478149
deepseek_r1_qwen7b,hellaswag,1000,777,cheap_confidence_option,0.5368353619474695,
deepseek_r1_qwen7b,hellaswag,1000,777,cheap_plus_pca_hidden,0.6139421116999593,0.7703380584716797
deepseek_r1_qwen7b,hellaswag,1000,2025,cheap_confidence_option,0.5235571603284608,
deepseek_r1_qwen7b,hellaswag,1000,2025,cheap_plus_pca_hidden,0.5116184264166328,0.7694409489631653
deepseek_r1_qwen7b,mmlu_all,100,42,cheap_confidence_option,0.7248677248677249,
deepseek_r1_qwen7b,mmlu_all,100,42,cheap_plus_pca_hidden,0.6666666666666666,0.9980745315551758
deepseek_r1_qwen7b,mmlu_all,100,7,cheap_confidence_option,0.417989417989418,
deepseek_r1_qwen7b,mmlu_all,100,7,cheap_plus_pca_hidden,0.36507936507936506,0.99761962890625
deepseek_r1_qwen7b,mmlu_all,100,123,cheap_confidence_option,0.5343915343915344,
deepseek_r1_qwen7b,mmlu_all,100,123,cheap_plus_pca_hidden,0.6031746031746033,0.9978955984115601
deepseek_r1_qwen7b,mmlu_all,100,777,cheap_confidence_option,0.7248677248677249,
deepseek_r1_qwen7b,mmlu_all,100,777,cheap_plus_pca_hidden,0.5555555555555556,0.9971359968185425
deepseek_r1_qwen7b,mmlu_all,100,2025,cheap_confidence_option,0.5343915343915344,
deepseek_r1_qwen7b,mmlu_all,100,2025,cheap_plus_pca_hidden,0.4603174603174603,0.9971493482589722
deepseek_r1_qwen7b,mmlu_all,300,42,cheap_confidence_option,0.6322115384615384,
deepseek_r1_qwen7b,mmlu_all,300,42,cheap_plus_pca_hidden,0.5859375,0.9107806086540222
deepseek_r1_qwen7b,mmlu_all,300,7,cheap_confidence_option,0.5516826923076923,
deepseek_r1_qwen7b,mmlu_all,300,7,cheap_plus_pca_hidden,0.485576923076923,0.9211153984069824
deepseek_r1_qwen7b,mmlu_all,300,123,cheap_confidence_option,0.5919471153846154,
deepseek_r1_qwen7b,mmlu_all,300,123,cheap_plus_pca_hidden,0.5222355769230769,0.9030040502548218
deepseek_r1_qwen7b,mmlu_all,300,777,cheap_confidence_option,0.5318509615384616,
deepseek_r1_qwen7b,mmlu_all,300,777,cheap_plus_pca_hidden,0.6153846153846154,0.9030054211616516
deepseek_r1_qwen7b,mmlu_all,300,2025,cheap_confidence_option,0.43689903846153844,
deepseek_r1_qwen7b,mmlu_all,300,2025,cheap_plus_pca_hidden,0.4795673076923077,0.913888156414032
deepseek_r1_qwen7b,mmlu_all,500,42,cheap_confidence_option,0.5615351629502572,
deepseek_r1_qwen7b,mmlu_all,500,42,cheap_plus_pca_hidden,0.6018439108061749,0.8811746835708618
deepseek_r1_qwen7b,mmlu_all,500,7,cheap_confidence_option,0.5885506003430532,
deepseek_r1_qwen7b,mmlu_all,500,7,cheap_plus_pca_hidden,0.5210120068610634,0.884265124797821
deepseek_r1_qwen7b,mmlu_all,500,123,cheap_confidence_option,0.5834048027444254,
deepseek_r1_qwen7b,mmlu_all,500,123,cheap_plus_pca_hidden,0.576114922813036,0.8761453628540039
deepseek_r1_qwen7b,mmlu_all,500,777,cheap_confidence_option,0.5531732418524873,
deepseek_r1_qwen7b,mmlu_all,500,777,cheap_plus_pca_hidden,0.5199399656946826,0.8623542189598083
deepseek_r1_qwen7b,mmlu_all,500,2025,cheap_confidence_option,0.5771869639794168,
deepseek_r1_qwen7b,mmlu_all,500,2025,cheap_plus_pca_hidden,0.5611063464837049,0.8776077032089233
deepseek_r1_qwen7b,mmlu_all,1000,42,cheap_confidence_option,0.5521018833306351,
deepseek_r1_qwen7b,mmlu_all,1000,42,cheap_plus_pca_hidden,0.5722842803950138,0.8559757471084595
deepseek_r1_qwen7b,mmlu_all,1000,7,cheap_confidence_option,0.6221466731423022,
deepseek_r1_qwen7b,mmlu_all,1000,7,cheap_plus_pca_hidden,0.587178241864983,0.852994441986084
deepseek_r1_qwen7b,mmlu_all,1000,123,cheap_confidence_option,0.5645135178889428,
deepseek_r1_qwen7b,mmlu_all,1000,123,cheap_plus_pca_hidden,0.5175111974529167,0.8538625240325928
deepseek_r1_qwen7b,mmlu_all,1000,777,cheap_confidence_option,0.6444336517187416,
deepseek_r1_qwen7b,mmlu_all,1000,777,cheap_plus_pca_hidden,0.5199395607360638,0.849492073059082
deepseek_r1_qwen7b,mmlu_all,1000,2025,cheap_confidence_option,0.5802169337866278,
deepseek_r1_qwen7b,mmlu_all,1000,2025,cheap_plus_pca_hidden,0.5477847930494846,0.8423007726669312
falcon3_7b_instruct,arc_challenge,100,42,cheap_confidence_option,0.736,
falcon3_7b_instruct,arc_challenge,100,42,cheap_plus_pca_hidden,0.624,0.9817101359367371
falcon3_7b_instruct,arc_challenge,100,7,cheap_confidence_option,0.704,
falcon3_7b_instruct,arc_challenge,100,7,cheap_plus_pca_hidden,0.648,0.9810287356376648
falcon3_7b_instruct,arc_challenge,100,123,cheap_confidence_option,0.688,
falcon3_7b_instruct,arc_challenge,100,123,cheap_plus_pca_hidden,0.784,0.9808892607688904
falcon3_7b_instruct,arc_challenge,100,777,cheap_confidence_option,0.776,
falcon3_7b_instruct,arc_challenge,100,777,cheap_plus_pca_hidden,0.784,0.981734037399292
falcon3_7b_instruct,arc_challenge,100,2025,cheap_confidence_option,0.856,
falcon3_7b_instruct,arc_challenge,100,2025,cheap_plus_pca_hidden,0.912,0.9804587960243225
falcon3_7b_instruct,commonsenseqa,100,42,cheap_confidence_option,0.8695652173913044,
falcon3_7b_instruct,commonsenseqa,100,42,cheap_plus_pca_hidden,0.8509316770186335,0.978212833404541
falcon3_7b_instruct,commonsenseqa,100,7,cheap_confidence_option,0.6645962732919255,
falcon3_7b_instruct,commonsenseqa,100,7,cheap_plus_pca_hidden,0.7391304347826086,0.979915976524353
falcon3_7b_instruct,commonsenseqa,100,123,cheap_confidence_option,0.7763975155279503,
falcon3_7b_instruct,commonsenseqa,100,123,cheap_plus_pca_hidden,0.7701863354037267,0.9791868925094604
falcon3_7b_instruct,commonsenseqa,100,777,cheap_confidence_option,0.7453416149068323,
falcon3_7b_instruct,commonsenseqa,100,777,cheap_plus_pca_hidden,0.4720496894409938,0.979412853717804
falcon3_7b_instruct,commonsenseqa,100,2025,cheap_confidence_option,0.5590062111801243,
falcon3_7b_instruct,commonsenseqa,100,2025,cheap_plus_pca_hidden,0.6149068322981366,0.9781829118728638
falcon3_7b_instruct,commonsenseqa,300,42,cheap_confidence_option,0.7578571428571429,
falcon3_7b_instruct,commonsenseqa,300,42,cheap_plus_pca_hidden,0.7721428571428571,0.7380485534667969
falcon3_7b_instruct,commonsenseqa,300,7,cheap_confidence_option,0.7335714285714285,
falcon3_7b_instruct,commonsenseqa,300,7,cheap_plus_pca_hidden,0.6985714285714286,0.7384611368179321
falcon3_7b_instruct,commonsenseqa,300,123,cheap_confidence_option,0.7914285714285715,
falcon3_7b_instruct,commonsenseqa,300,123,cheap_plus_pca_hidden,0.6771428571428573,0.7394027709960938
falcon3_7b_instruct,commonsenseqa,300,777,cheap_confidence_option,0.6907142857142857,
falcon3_7b_instruct,commonsenseqa,300,777,cheap_plus_pca_hidden,0.6900000000000001,0.7366021871566772
falcon3_7b_instruct,commonsenseqa,300,2025,cheap_confidence_option,0.7357142857142858,
falcon3_7b_instruct,commonsenseqa,300,2025,cheap_plus_pca_hidden,0.6950000000000001,0.7402229309082031
falcon3_7b_instruct,commonsenseqa,500,42,cheap_confidence_option,0.8311318311318312,
falcon3_7b_instruct,commonsenseqa,500,42,cheap_plus_pca_hidden,0.7311577311577311,0.683147668838501
falcon3_7b_instruct,commonsenseqa,500,7,cheap_confidence_option,0.7544677544677545,
falcon3_7b_instruct,commonsenseqa,500,7,cheap_plus_pca_hidden,0.7249417249417248,0.6847876310348511
falcon3_7b_instruct,commonsenseqa,500,123,cheap_confidence_option,0.8329448329448329,
falcon3_7b_instruct,commonsenseqa,500,123,cheap_plus_pca_hidden,0.7979797979797978,0.6835775375366211
falcon3_7b_instruct,commonsenseqa,500,777,cheap_confidence_option,0.7531727531727531,
falcon3_7b_instruct,commonsenseqa,500,777,cheap_plus_pca_hidden,0.7158767158767158,0.6801037788391113
falcon3_7b_instruct,commonsenseqa,500,2025,cheap_confidence_option,0.8262108262108263,
falcon3_7b_instruct,commonsenseqa,500,2025,cheap_plus_pca_hidden,0.781921781921782,0.6831721067428589
falcon3_7b_instruct,commonsenseqa,1000,42,cheap_confidence_option,0.8267935767935768,
falcon3_7b_instruct,commonsenseqa,1000,42,cheap_plus_pca_hidden,0.8433048433048432,0.643252968788147
falcon3_7b_instruct,commonsenseqa,1000,7,cheap_confidence_option,0.8580678580678579,
falcon3_7b_instruct,commonsenseqa,1000,7,cheap_plus_pca_hidden,0.8548951048951049,0.6434608101844788
falcon3_7b_instruct,commonsenseqa,1000,123,cheap_confidence_option,0.794936544936545,
falcon3_7b_instruct,commonsenseqa,1000,123,cheap_plus_pca_hidden,0.7784900284900285,0.6426935195922852
falcon3_7b_instruct,commonsenseqa,1000,777,cheap_confidence_option,0.8104765604765605,
falcon3_7b_instruct,commonsenseqa,1000,777,cheap_plus_pca_hidden,0.7762885262885264,0.6418893933296204
falcon3_7b_instruct,commonsenseqa,1000,2025,cheap_confidence_option,0.7945480445480445,
falcon3_7b_instruct,commonsenseqa,1000,2025,cheap_plus_pca_hidden,0.7742812742812744,0.6437118053436279
falcon3_7b_instruct,hellaswag,100,42,cheap_confidence_option,0.7639751552795031,
falcon3_7b_instruct,hellaswag,100,42,cheap_plus_pca_hidden,0.7888198757763976,0.9861838221549988
falcon3_7b_instruct,hellaswag,100,7,cheap_confidence_option,0.8074534161490684,
falcon3_7b_instruct,hellaswag,100,7,cheap_plus_pca_hidden,0.7639751552795032,0.9863446950912476
falcon3_7b_instruct,hellaswag,100,123,cheap_confidence_option,0.8012422360248447,
falcon3_7b_instruct,hellaswag,100,123,cheap_plus_pca_hidden,0.6770186335403727,0.9854146242141724
falcon3_7b_instruct,hellaswag,100,777,cheap_confidence_option,0.7639751552795031,
falcon3_7b_instruct,hellaswag,100,777,cheap_plus_pca_hidden,0.5652173913043478,0.9858989715576172
falcon3_7b_instruct,hellaswag,100,2025,cheap_confidence_option,0.968944099378882,
falcon3_7b_instruct,hellaswag,100,2025,cheap_plus_pca_hidden,0.9503105590062112,0.9863459467887878
falcon3_7b_instruct,hellaswag,300,42,cheap_confidence_option,0.7219251336898396,
falcon3_7b_instruct,hellaswag,300,42,cheap_plus_pca_hidden,0.6717914438502673,0.8204302787780762
falcon3_7b_instruct,hellaswag,300,7,cheap_confidence_option,0.7245989304812834,
falcon3_7b_instruct,hellaswag,300,7,cheap_plus_pca_hidden,0.6758021390374331,0.8198448419570923
falcon3_7b_instruct,hellaswag,300,123,cheap_confidence_option,0.7266042780748664,
falcon3_7b_instruct,hellaswag,300,123,cheap_plus_pca_hidden,0.77072192513369,0.8233287334442139
falcon3_7b_instruct,hellaswag,300,777,cheap_confidence_option,0.8616310160427808,
falcon3_7b_instruct,hellaswag,300,777,cheap_plus_pca_hidden,0.7967914438502673,0.8198354244232178
falcon3_7b_instruct,hellaswag,300,2025,cheap_confidence_option,0.8856951871657754,
falcon3_7b_instruct,hellaswag,300,2025,cheap_plus_pca_hidden,0.8442513368983958,0.8221287727355957
falcon3_7b_instruct,hellaswag,500,42,cheap_confidence_option,0.7994639376218323,
falcon3_7b_instruct,hellaswag,500,42,cheap_plus_pca_hidden,0.7848440545808966,0.7794060111045837
falcon3_7b_instruct,hellaswag,500,7,cheap_confidence_option,0.8250487329434698,
falcon3_7b_instruct,hellaswag,500,7,cheap_plus_pca_hidden,0.7429337231968811,0.7797895073890686
falcon3_7b_instruct,hellaswag,500,123,cheap_confidence_option,0.7984892787524366,
falcon3_7b_instruct,hellaswag,500,123,cheap_plus_pca_hidden,0.7485380116959064,0.7807725071907043
falcon3_7b_instruct,hellaswag,500,777,cheap_confidence_option,0.8620857699805067,
falcon3_7b_instruct,hellaswag,500,777,cheap_plus_pca_hidden,0.8360136452241715,0.783950686454773
falcon3_7b_instruct,hellaswag,500,2025,cheap_confidence_option,0.8611111111111112,
falcon3_7b_instruct,hellaswag,500,2025,cheap_plus_pca_hidden,0.8623294346978557,0.7809267640113831
falcon3_7b_instruct,hellaswag,1000,42,cheap_confidence_option,0.8134137426900585,
falcon3_7b_instruct,hellaswag,1000,42,cheap_plus_pca_hidden,0.7960526315789473,0.7512075304985046
falcon3_7b_instruct,hellaswag,1000,7,cheap_confidence_option,0.8131091617933722,
falcon3_7b_instruct,hellaswag,1000,7,cheap_plus_pca_hidden,0.810124269005848,0.7512651681900024
falcon3_7b_instruct,hellaswag,1000,123,cheap_confidence_option,0.7842958089668616,
falcon3_7b_instruct,hellaswag,1000,123,cheap_plus_pca_hidden,0.7903265107212475,0.7521294355392456
falcon3_7b_instruct,hellaswag,1000,777,cheap_confidence_option,0.8627558479532164,
falcon3_7b_instruct,hellaswag,1000,777,cheap_plus_pca_hidden,0.8386939571150098,0.7526150345802307
falcon3_7b_instruct,hellaswag,1000,2025,cheap_confidence_option,0.815119395711501,
falcon3_7b_instruct,hellaswag,1000,2025,cheap_plus_pca_hidden,0.8031189083820662,0.7526583671569824
falcon3_7b_instruct,mmlu_all,100,42,cheap_confidence_option,0.9027777777777778,
falcon3_7b_instruct,mmlu_all,100,42,cheap_plus_pca_hidden,0.9398148148148149,0.9943411350250244
falcon3_7b_instruct,mmlu_all,100,7,cheap_confidence_option,0.712962962962963,
falcon3_7b_instruct,mmlu_all,100,7,cheap_plus_pca_hidden,0.7268518518518519,0.98737633228302
falcon3_7b_instruct,mmlu_all,100,123,cheap_confidence_option,0.8240740740740742,
falcon3_7b_instruct,mmlu_all,100,123,cheap_plus_pca_hidden,0.787037037037037,0.9966074824333191
falcon3_7b_instruct,mmlu_all,100,777,cheap_confidence_option,0.6805555555555556,
falcon3_7b_instruct,mmlu_all,100,777,cheap_plus_pca_hidden,0.6342592592592593,0.9909221529960632
falcon3_7b_instruct,mmlu_all,100,2025,cheap_confidence_option,0.9212962962962963,
falcon3_7b_instruct,mmlu_all,100,2025,cheap_plus_pca_hidden,0.8518518518518519,0.9944478273391724
falcon3_7b_instruct,mmlu_all,300,42,cheap_confidence_option,0.8067532467532468,
falcon3_7b_instruct,mmlu_all,300,42,cheap_plus_pca_hidden,0.7200000000000001,0.8355015516281128
falcon3_7b_instruct,mmlu_all,300,7,cheap_confidence_option,0.7646753246753246,
falcon3_7b_instruct,mmlu_all,300,7,cheap_plus_pca_hidden,0.7075324675324676,0.8132842779159546
falcon3_7b_instruct,mmlu_all,300,123,cheap_confidence_option,0.7797402597402597,
falcon3_7b_instruct,mmlu_all,300,123,cheap_plus_pca_hidden,0.7324675324675325,0.8255745768547058
falcon3_7b_instruct,mmlu_all,300,777,cheap_confidence_option,0.758961038961039,
falcon3_7b_instruct,mmlu_all,300,777,cheap_plus_pca_hidden,0.7070129870129869,0.8322668075561523
falcon3_7b_instruct,mmlu_all,300,2025,cheap_confidence_option,0.7974025974025974,
falcon3_7b_instruct,mmlu_all,300,2025,cheap_plus_pca_hidden,0.7599999999999999,0.8225474953651428
falcon3_7b_instruct,mmlu_all,500,42,cheap_confidence_option,0.8249208418699945,
falcon3_7b_instruct,mmlu_all,500,42,cheap_plus_pca_hidden,0.7869249394673123,0.8026746511459351
falcon3_7b_instruct,mmlu_all,500,7,cheap_confidence_option,0.7221084000745019,
falcon3_7b_instruct,mmlu_all,500,7,cheap_plus_pca_hidden,0.6328925311976159,0.7884283065795898
falcon3_7b_instruct,mmlu_all,500,123,cheap_confidence_option,0.7750046563605886,
falcon3_7b_instruct,mmlu_all,500,123,cheap_plus_pca_hidden,0.781151052337493,0.8051115274429321
falcon3_7b_instruct,mmlu_all,500,777,cheap_confidence_option,0.8319985099646117,
falcon3_7b_instruct,mmlu_all,500,777,cheap_plus_pca_hidden,0.7725833488545354,0.8015003800392151
falcon3_7b_instruct,mmlu_all,500,2025,cheap_confidence_option,0.8763270627677407,
falcon3_7b_instruct,mmlu_all,500,2025,cheap_plus_pca_hidden,0.8429875209536226,0.7983607053756714
falcon3_7b_instruct,mmlu_all,1000,42,cheap_confidence_option,0.7831532873905755,
falcon3_7b_instruct,mmlu_all,1000,42,cheap_plus_pca_hidden,0.7683926243248277,0.7569414377212524
falcon3_7b_instruct,mmlu_all,1000,7,cheap_confidence_option,0.7751909107841312,
falcon3_7b_instruct,mmlu_all,1000,7,cheap_plus_pca_hidden,0.7736077481840195,0.75225830078125
falcon3_7b_instruct,mmlu_all,1000,123,cheap_confidence_option,0.804805364127398,
falcon3_7b_instruct,mmlu_all,1000,123,cheap_plus_pca_hidden,0.7794281989197243,0.7522976994514465
falcon3_7b_instruct,mmlu_all,1000,777,cheap_confidence_option,0.8132799403985844,
falcon3_7b_instruct,mmlu_all,1000,777,cheap_plus_pca_hidden,0.8155615570869809,0.7526132464408875
falcon3_7b_instruct,mmlu_all,1000,2025,cheap_confidence_option,0.7886943564909666,
falcon3_7b_instruct,mmlu_all,1000,2025,cheap_plus_pca_hidden,0.7807319798845223,0.7533178925514221
mistral7b_v03,arc_challenge,100,42,cheap_confidence_option,0.8944099378881988,
mistral7b_v03,arc_challenge,100,42,cheap_plus_pca_hidden,0.7826086956521738,0.9856922030448914
mistral7b_v03,arc_challenge,100,7,cheap_confidence_option,0.7329192546583851,
mistral7b_v03,arc_challenge,100,7,cheap_plus_pca_hidden,0.7453416149068324,0.9845528602600098
mistral7b_v03,arc_challenge,100,123,cheap_confidence_option,0.7639751552795031,
mistral7b_v03,arc_challenge,100,123,cheap_plus_pca_hidden,0.7515527950310559,0.9849369525909424
mistral7b_v03,arc_challenge,100,777,cheap_confidence_option,0.6832298136645962,
mistral7b_v03,arc_challenge,100,777,cheap_plus_pca_hidden,0.7267080745341615,0.9842195510864258
mistral7b_v03,arc_challenge,100,2025,cheap_confidence_option,0.7888198757763975,
mistral7b_v03,arc_challenge,100,2025,cheap_plus_pca_hidden,0.8074534161490683,0.9845545291900635
mistral7b_v03,commonsenseqa,100,42,cheap_confidence_option,0.6455026455026456,
mistral7b_v03,commonsenseqa,100,42,cheap_plus_pca_hidden,0.5079365079365079,0.9830448627471924
mistral7b_v03,commonsenseqa,100,7,cheap_confidence_option,0.6296296296296297,
mistral7b_v03,commonsenseqa,100,7,cheap_plus_pca_hidden,0.7248677248677249,0.9824628829956055
mistral7b_v03,commonsenseqa,100,123,cheap_confidence_option,0.7989417989417991,
mistral7b_v03,commonsenseqa,100,123,cheap_plus_pca_hidden,0.6613756613756614,0.9824815988540649
mistral7b_v03,commonsenseqa,100,777,cheap_confidence_option,0.783068783068783,
mistral7b_v03,commonsenseqa,100,777,cheap_plus_pca_hidden,0.8571428571428572,0.9827447533607483
mistral7b_v03,commonsenseqa,100,2025,cheap_confidence_option,0.582010582010582,
mistral7b_v03,commonsenseqa,100,2025,cheap_plus_pca_hidden,0.6296296296296297,0.9840819835662842
mistral7b_v03,commonsenseqa,300,42,cheap_confidence_option,0.6514423076923077,
mistral7b_v03,commonsenseqa,300,42,cheap_plus_pca_hidden,0.6796875000000001,0.7838674783706665
mistral7b_v03,commonsenseqa,300,7,cheap_confidence_option,0.7608173076923077,
mistral7b_v03,commonsenseqa,300,7,cheap_plus_pca_hidden,0.7007211538461539,0.7824681997299194
mistral7b_v03,commonsenseqa,300,123,cheap_confidence_option,0.8533653846153845,
mistral7b_v03,commonsenseqa,300,123,cheap_plus_pca_hidden,0.7313701923076923,0.7838342189788818
mistral7b_v03,commonsenseqa,300,777,cheap_confidence_option,0.7085336538461539,
mistral7b_v03,commonsenseqa,300,777,cheap_plus_pca_hidden,0.7151442307692308,0.7826094627380371
mistral7b_v03,commonsenseqa,300,2025,cheap_confidence_option,0.7680288461538461,
mistral7b_v03,commonsenseqa,300,2025,cheap_plus_pca_hidden,0.48978365384615385,0.7838347554206848
mistral7b_v03,commonsenseqa,500,42,cheap_confidence_option,0.7915951972555746,
mistral7b_v03,commonsenseqa,500,42,cheap_plus_pca_hidden,0.7570754716981132,0.7336173057556152
mistral7b_v03,commonsenseqa,500,7,cheap_confidence_option,0.733704974271012,
mistral7b_v03,commonsenseqa,500,7,cheap_plus_pca_hidden,0.7409948542024014,0.7357004880905151
mistral7b_v03,commonsenseqa,500,123,cheap_confidence_option,0.7602915951972555,
mistral7b_v03,commonsenseqa,500,123,cheap_plus_pca_hidden,0.6957547169811321,0.7354110479354858
mistral7b_v03,commonsenseqa,500,777,cheap_confidence_option,0.7761578044596913,
mistral7b_v03,commonsenseqa,500,777,cheap_plus_pca_hidden,0.6764579759862779,0.7356544733047485
mistral7b_v03,commonsenseqa,500,2025,cheap_confidence_option,0.7394939965694683,
mistral7b_v03,commonsenseqa,500,2025,cheap_plus_pca_hidden,0.7433533447684391,0.7342957258224487
mistral7b_v03,commonsenseqa,1000,42,cheap_confidence_option,0.7670454545454545,
mistral7b_v03,commonsenseqa,1000,42,cheap_plus_pca_hidden,0.7050278730703259,0.6972346305847168
mistral7b_v03,commonsenseqa,1000,7,cheap_confidence_option,0.7142474271012008,
mistral7b_v03,commonsenseqa,1000,7,cheap_plus_pca_hidden,0.7038486277873071,0.697974443435669
mistral7b_v03,commonsenseqa,1000,123,cheap_confidence_option,0.7742817324185248,
mistral7b_v03,commonsenseqa,1000,123,cheap_plus_pca_hidden,0.7836620926243567,0.6961953043937683
mistral7b_v03,commonsenseqa,1000,777,cheap_confidence_option,0.7314536878216124,
mistral7b_v03,commonsenseqa,1000,777,cheap_plus_pca_hidden,0.7448542024013722,0.6969783902168274
mistral7b_v03,commonsenseqa,1000,2025,cheap_confidence_option,0.7219125214408233,
mistral7b_v03,commonsenseqa,1000,2025,cheap_plus_pca_hidden,0.7359562607204116,0.6995483636856079
mistral7b_v03,hellaswag,100,42,cheap_confidence_option,0.8465608465608466,
mistral7b_v03,hellaswag,100,42,cheap_plus_pca_hidden,0.656084656084656,0.9861023426055908
mistral7b_v03,hellaswag,100,7,cheap_confidence_option,0.7142857142857143,
mistral7b_v03,hellaswag,100,7,cheap_plus_pca_hidden,0.6772486772486772,0.9859488010406494
mistral7b_v03,hellaswag,100,123,cheap_confidence_option,0.8148148148148149,
mistral7b_v03,hellaswag,100,123,cheap_plus_pca_hidden,0.8518518518518519,0.9859872460365295
mistral7b_v03,hellaswag,100,777,cheap_confidence_option,0.6878306878306878,
mistral7b_v03,hellaswag,100,777,cheap_plus_pca_hidden,0.6878306878306878,0.9860116243362427
mistral7b_v03,hellaswag,100,2025,cheap_confidence_option,0.7195767195767195,
mistral7b_v03,hellaswag,100,2025,cheap_plus_pca_hidden,0.656084656084656,0.9859495162963867
mistral7b_v03,hellaswag,300,42,cheap_confidence_option,0.8058755760368663,
mistral7b_v03,hellaswag,300,42,cheap_plus_pca_hidden,0.7033410138248849,0.8275901079177856
mistral7b_v03,hellaswag,300,7,cheap_confidence_option,0.7678571428571429,
mistral7b_v03,hellaswag,300,7,cheap_plus_pca_hidden,0.8254608294930876,0.8267266750335693
mistral7b_v03,hellaswag,300,123,cheap_confidence_option,0.831221198156682,
mistral7b_v03,hellaswag,300,123,cheap_plus_pca_hidden,0.673963133640553,0.824341356754303
mistral7b_v03,hellaswag,300,777,cheap_confidence_option,0.6342165898617511,
mistral7b_v03,hellaswag,300,777,cheap_plus_pca_hidden,0.6532258064516128,0.8263538479804993
mistral7b_v03,hellaswag,300,2025,cheap_confidence_option,0.7021889400921659,
mistral7b_v03,hellaswag,300,2025,cheap_plus_pca_hidden,0.6445852534562212,0.8203436732292175
mistral7b_v03,hellaswag,500,42,cheap_confidence_option,0.7244983277591972,
mistral7b_v03,hellaswag,500,42,cheap_plus_pca_hidden,0.7439381270903009,0.7840521335601807
mistral7b_v03,hellaswag,500,7,cheap_confidence_option,0.7221989966555185,
mistral7b_v03,hellaswag,500,7,cheap_plus_pca_hidden,0.742056856187291,0.7879071235656738
mistral7b_v03,hellaswag,500,123,cheap_confidence_option,0.7221989966555183,
mistral7b_v03,hellaswag,500,123,cheap_plus_pca_hidden,0.6843645484949833,0.7856142520904541
mistral7b_v03,hellaswag,500,777,cheap_confidence_option,0.7773829431438127,
mistral7b_v03,hellaswag,500,777,cheap_plus_pca_hidden,0.7433110367892977,0.7861756086349487
mistral7b_v03,hellaswag,500,2025,cheap_confidence_option,0.7690217391304348,
mistral7b_v03,hellaswag,500,2025,cheap_plus_pca_hidden,0.75188127090301,0.7872661352157593
mistral7b_v03,hellaswag,1000,42,cheap_confidence_option,0.730769230769231,
mistral7b_v03,hellaswag,1000,42,cheap_plus_pca_hidden,0.7577341137123745,0.7569736242294312
mistral7b_v03,hellaswag,1000,7,cheap_confidence_option,0.7828699832775919,
mistral7b_v03,hellaswag,1000,7,cheap_plus_pca_hidden,0.765625,0.7540038824081421
mistral7b_v03,hellaswag,1000,123,cheap_confidence_option,0.7014527591973245,
mistral7b_v03,hellaswag,1000,123,cheap_plus_pca_hidden,0.7109113712374582,0.7559589147567749
mistral7b_v03,hellaswag,1000,777,cheap_confidence_option,0.7405413879598662,
mistral7b_v03,hellaswag,1000,777,cheap_plus_pca_hidden,0.7648411371237459,0.7552475333213806
mistral7b_v03,hellaswag,1000,2025,cheap_confidence_option,0.7125313545150501,
mistral7b_v03,hellaswag,1000,2025,cheap_plus_pca_hidden,0.7260660535117057,0.7550035715103149
mistral7b_v03,mmlu_all,100,42,cheap_confidence_option,0.7962962962962963,
mistral7b_v03,mmlu_all,100,42,cheap_plus_pca_hidden,0.7916666666666666,0.9953672885894775
mistral7b_v03,mmlu_all,100,7,cheap_confidence_option,0.6851851851851852,
mistral7b_v03,mmlu_all,100,7,cheap_plus_pca_hidden,0.6203703703703703,0.9899659156799316
mistral7b_v03,mmlu_all,100,123,cheap_confidence_option,0.7870370370370371,
mistral7b_v03,mmlu_all,100,123,cheap_plus_pca_hidden,0.7731481481481481,0.9893893003463745
mistral7b_v03,mmlu_all,100,777,cheap_confidence_option,0.6759259259259259,
mistral7b_v03,mmlu_all,100,777,cheap_plus_pca_hidden,0.6435185185185185,0.9941095113754272
mistral7b_v03,mmlu_all,100,2025,cheap_confidence_option,0.6342592592592593,
mistral7b_v03,mmlu_all,100,2025,cheap_plus_pca_hidden,0.6018518518518519,0.9960825443267822
mistral7b_v03,mmlu_all,300,42,cheap_confidence_option,0.7942386831275721,
mistral7b_v03,mmlu_all,300,42,cheap_plus_pca_hidden,0.7037037037037037,0.8625283241271973
mistral7b_v03,mmlu_all,300,7,cheap_confidence_option,0.8065843621399177,
mistral7b_v03,mmlu_all,300,7,cheap_plus_pca_hidden,0.7926954732510288,0.8539195656776428
mistral7b_v03,mmlu_all,300,123,cheap_confidence_option,0.8564814814814815,
mistral7b_v03,mmlu_all,300,123,cheap_plus_pca_hidden,0.8060699588477365,0.8391889333724976
mistral7b_v03,mmlu_all,300,777,cheap_confidence_option,0.6939300411522634,
mistral7b_v03,mmlu_all,300,777,cheap_plus_pca_hidden,0.6779835390946501,0.8609193563461304
mistral7b_v03,mmlu_all,300,2025,cheap_confidence_option,0.6568930041152263,
mistral7b_v03,mmlu_all,300,2025,cheap_plus_pca_hidden,0.7417695473251029,0.8753576278686523
mistral7b_v03,mmlu_all,500,42,cheap_confidence_option,0.768281451464358,
mistral7b_v03,mmlu_all,500,42,cheap_plus_pca_hidden,0.7870694418861669,0.8447391390800476
mistral7b_v03,mmlu_all,500,7,cheap_confidence_option,0.7795174065205378,
mistral7b_v03,mmlu_all,500,7,cheap_plus_pca_hidden,0.756308712470068,0.8364405632019043
mistral7b_v03,mmlu_all,500,123,cheap_confidence_option,0.7327316264505435,
mistral7b_v03,mmlu_all,500,123,cheap_plus_pca_hidden,0.7668078835881378,0.8316224813461304
mistral7b_v03,mmlu_all,500,777,cheap_confidence_option,0.7266531589611346,
mistral7b_v03,mmlu_all,500,777,cheap_plus_pca_hidden,0.7056548167249954,0.8235446810722351
mistral7b_v03,mmlu_all,500,2025,cheap_confidence_option,0.6936820777307053,
mistral7b_v03,mmlu_all,500,2025,cheap_plus_pca_hidden,0.7310738625897955,0.829842209815979
mistral7b_v03,mmlu_all,1000,42,cheap_confidence_option,0.7294888960709174,
mistral7b_v03,mmlu_all,1000,42,cheap_plus_pca_hidden,0.7258876217738586,0.7984161972999573
mistral7b_v03,mmlu_all,1000,7,cheap_confidence_option,0.7553903688997647,
mistral7b_v03,mmlu_all,1000,7,cheap_plus_pca_hidden,0.7620388752943349,0.7989827394485474
mistral7b_v03,mmlu_all,1000,123,cheap_confidence_option,0.7592224941133016,
mistral7b_v03,mmlu_all,1000,123,cheap_plus_pca_hidden,0.7462025024239345,0.7978407144546509
mistral7b_v03,mmlu_all,1000,777,cheap_confidence_option,0.7031718915924097,
mistral7b_v03,mmlu_all,1000,777,cheap_plus_pca_hidden,0.7121750773350569,0.804419755935669
mistral7b_v03,mmlu_all,1000,2025,cheap_confidence_option,0.7684103605891316,
mistral7b_v03,mmlu_all,1000,2025,cheap_plus_pca_hidden,0.7431091001431276,0.8029194474220276
olmo2_7b_instruct,arc_challenge,100,42,cheap_confidence_option,0.7443181818181819,
olmo2_7b_instruct,arc_challenge,100,42,cheap_plus_pca_hidden,0.7897727272727273,0.9794383645057678
olmo2_7b_instruct,arc_challenge,100,7,cheap_confidence_option,0.8977272727272727,
olmo2_7b_instruct,arc_challenge,100,7,cheap_plus_pca_hidden,0.8636363636363636,0.9800126552581787
olmo2_7b_instruct,arc_challenge,100,123,cheap_confidence_option,0.846590909090909,
olmo2_7b_instruct,arc_challenge,100,123,cheap_plus_pca_hidden,0.8011363636363638,0.9805811643600464
olmo2_7b_instruct,arc_challenge,100,777,cheap_confidence_option,0.6534090909090909,
olmo2_7b_instruct,arc_challenge,100,777,cheap_plus_pca_hidden,0.5909090909090908,0.9809943437576294
olmo2_7b_instruct,arc_challenge,100,2025,cheap_confidence_option,0.7840909090909092,
olmo2_7b_instruct,arc_challenge,100,2025,cheap_plus_pca_hidden,0.6931818181818182,0.979529082775116
olmo2_7b_instruct,commonsenseqa,100,42,cheap_confidence_option,0.5852272727272727,
olmo2_7b_instruct,commonsenseqa,100,42,cheap_plus_pca_hidden,0.5511363636363636,0.9794789552688599
olmo2_7b_instruct,commonsenseqa,100,7,cheap_confidence_option,0.8352272727272727,
olmo2_7b_instruct,commonsenseqa,100,7,cheap_plus_pca_hidden,0.8352272727272727,0.9810801148414612
olmo2_7b_instruct,commonsenseqa,100,123,cheap_confidence_option,0.5511363636363636,
olmo2_7b_instruct,commonsenseqa,100,123,cheap_plus_pca_hidden,0.6420454545454546,0.9786725044250488
olmo2_7b_instruct,commonsenseqa,100,777,cheap_confidence_option,0.6647727272727273,
olmo2_7b_instruct,commonsenseqa,100,777,cheap_plus_pca_hidden,0.5625,0.9799431562423706
olmo2_7b_instruct,commonsenseqa,100,2025,cheap_confidence_option,0.6306818181818181,
olmo2_7b_instruct,commonsenseqa,100,2025,cheap_plus_pca_hidden,0.5511363636363636,0.9783704280853271
olmo2_7b_instruct,commonsenseqa,300,42,cheap_confidence_option,0.8080808080808081,
olmo2_7b_instruct,commonsenseqa,300,42,cheap_plus_pca_hidden,0.8314393939393939,0.7420443892478943
olmo2_7b_instruct,commonsenseqa,300,7,cheap_confidence_option,0.8636363636363636,
olmo2_7b_instruct,commonsenseqa,300,7,cheap_plus_pca_hidden,0.797979797979798,0.7451021671295166
olmo2_7b_instruct,commonsenseqa,300,123,cheap_confidence_option,0.6931818181818181,
olmo2_7b_instruct,commonsenseqa,300,123,cheap_plus_pca_hidden,0.706439393939394,0.7404065132141113
olmo2_7b_instruct,commonsenseqa,300,777,cheap_confidence_option,0.773358585858586,
olmo2_7b_instruct,commonsenseqa,300,777,cheap_plus_pca_hidden,0.6439393939393939,0.7439385056495667
olmo2_7b_instruct,commonsenseqa,300,2025,cheap_confidence_option,0.7045454545454545,
olmo2_7b_instruct,commonsenseqa,300,2025,cheap_plus_pca_hidden,0.67739898989899,0.7430837154388428
olmo2_7b_instruct,commonsenseqa,500,42,cheap_confidence_option,0.8036363636363636,
olmo2_7b_instruct,commonsenseqa,500,42,cheap_plus_pca_hidden,0.7225000000000001,0.686295747756958
olmo2_7b_instruct,commonsenseqa,500,7,cheap_confidence_option,0.7627272727272728,
olmo2_7b_instruct,commonsenseqa,500,7,cheap_plus_pca_hidden,0.7,0.6879016160964966
olmo2_7b_instruct,commonsenseqa,500,123,cheap_confidence_option,0.7465909090909091,
olmo2_7b_instruct,commonsenseqa,500,123,cheap_plus_pca_hidden,0.7045454545454545,0.6884733438491821
olmo2_7b_instruct,commonsenseqa,500,777,cheap_confidence_option,0.7190909090909091,
olmo2_7b_instruct,commonsenseqa,500,777,cheap_plus_pca_hidden,0.6388636363636363,0.6901577711105347
olmo2_7b_instruct,commonsenseqa,500,2025,cheap_confidence_option,0.8195454545454546,
olmo2_7b_instruct,commonsenseqa,500,2025,cheap_plus_pca_hidden,0.7581818181818182,0.6890053749084473
olmo2_7b_instruct,commonsenseqa,1000,42,cheap_confidence_option,0.7830768363492868,
olmo2_7b_instruct,commonsenseqa,1000,42,cheap_plus_pca_hidden,0.747843734145104,0.6452513933181763
olmo2_7b_instruct,commonsenseqa,1000,7,cheap_confidence_option,0.7760302159084503,
olmo2_7b_instruct,commonsenseqa,1000,7,cheap_plus_pca_hidden,0.7488584474885844,0.6456295847892761
olmo2_7b_instruct,commonsenseqa,1000,123,cheap_confidence_option,0.7840915496927673,
olmo2_7b_instruct,commonsenseqa,1000,123,cheap_plus_pca_hidden,0.7751846214555499,0.6453433632850647
olmo2_7b_instruct,commonsenseqa,1000,777,cheap_confidence_option,0.7716894977168949,
olmo2_7b_instruct,commonsenseqa,1000,777,cheap_plus_pca_hidden,0.7338068662269576,0.6461623907089233
olmo2_7b_instruct,commonsenseqa,1000,2025,cheap_confidence_option,0.7548339816224139,
olmo2_7b_instruct,commonsenseqa,1000,2025,cheap_plus_pca_hidden,0.7396132814702069,0.6491145491600037
olmo2_7b_instruct,hellaswag,100,42,cheap_confidence_option,0.5263157894736842,
olmo2_7b_instruct,hellaswag,100,42,cheap_plus_pca_hidden,0.4593301435406698,0.9833494424819946
olmo2_7b_instruct,hellaswag,100,7,cheap_confidence_option,0.7894736842105263,
olmo2_7b_instruct,hellaswag,100,7,cheap_plus_pca_hidden,0.569377990430622,0.9834690093994141
olmo2_7b_instruct,hellaswag,100,123,cheap_confidence_option,0.7081339712918658,
olmo2_7b_instruct,hellaswag,100,123,cheap_plus_pca_hidden,0.7129186602870813,0.9826488494873047
olmo2_7b_instruct,hellaswag,100,777,cheap_confidence_option,0.5885167464114832,
olmo2_7b_instruct,hellaswag,100,777,cheap_plus_pca_hidden,0.645933014354067,0.9830925464630127
olmo2_7b_instruct,hellaswag,100,2025,cheap_confidence_option,0.7511961722488038,
olmo2_7b_instruct,hellaswag,100,2025,cheap_plus_pca_hidden,0.7464114832535885,0.9835010170936584
olmo2_7b_instruct,hellaswag,300,42,cheap_confidence_option,0.6790966386554622,
olmo2_7b_instruct,hellaswag,300,42,cheap_plus_pca_hidden,0.6129201680672268,0.7861654758453369
olmo2_7b_instruct,hellaswag,300,7,cheap_confidence_option,0.7526260504201681,
olmo2_7b_instruct,hellaswag,300,7,cheap_plus_pca_hidden,0.6859243697478993,0.7868263125419617
olmo2_7b_instruct,hellaswag,300,123,cheap_confidence_option,0.7683823529411764,
olmo2_7b_instruct,hellaswag,300,123,cheap_plus_pca_hidden,0.6890756302521008,0.786908745765686
olmo2_7b_instruct,hellaswag,300,777,cheap_confidence_option,0.6449579831932772,
olmo2_7b_instruct,hellaswag,300,777,cheap_plus_pca_hidden,0.6481092436974789,0.7870017886161804
olmo2_7b_instruct,hellaswag,300,2025,cheap_confidence_option,0.7006302521008404,
olmo2_7b_instruct,hellaswag,300,2025,cheap_plus_pca_hidden,0.7316176470588236,0.7830852270126343
olmo2_7b_instruct,hellaswag,500,42,cheap_confidence_option,0.6848404255319149,
olmo2_7b_instruct,hellaswag,500,42,cheap_plus_pca_hidden,0.6698328267477204,0.7397089004516602
olmo2_7b_instruct,hellaswag,500,7,cheap_confidence_option,0.6624240121580547,
olmo2_7b_instruct,hellaswag,500,7,cheap_plus_pca_hidden,0.6876899696048632,0.7370400428771973
olmo2_7b_instruct,hellaswag,500,123,cheap_confidence_option,0.6732522796352584,
olmo2_7b_instruct,hellaswag,500,123,cheap_plus_pca_hidden,0.6793313069908815,0.7389112710952759
olmo2_7b_instruct,hellaswag,500,777,cheap_confidence_option,0.6578647416413373,
olmo2_7b_instruct,hellaswag,500,777,cheap_plus_pca_hidden,0.6988981762917933,0.736286997795105
olmo2_7b_instruct,hellaswag,500,2025,cheap_confidence_option,0.7488601823708207,
olmo2_7b_instruct,hellaswag,500,2025,cheap_plus_pca_hidden,0.7583586626139817,0.7381845116615295
olmo2_7b_instruct,hellaswag,1000,42,cheap_confidence_option,0.6859327507598784,
olmo2_7b_instruct,hellaswag,1000,42,cheap_plus_pca_hidden,0.7411189209726443,0.7025400400161743
olmo2_7b_instruct,hellaswag,1000,7,cheap_confidence_option,0.7391242401215805,
olmo2_7b_instruct,hellaswag,1000,7,cheap_plus_pca_hidden,0.7415463525835867,0.7030709981918335
olmo2_7b_instruct,hellaswag,1000,123,cheap_confidence_option,0.7012253039513678,
olmo2_7b_instruct,hellaswag,1000,123,cheap_plus_pca_hidden,0.7208871580547113,0.7045792937278748
olmo2_7b_instruct,hellaswag,1000,777,cheap_confidence_option,0.7174677051671733,
olmo2_7b_instruct,hellaswag,1000,777,cheap_plus_pca_hidden,0.708016717325228,0.7053154706954956
olmo2_7b_instruct,hellaswag,1000,2025,cheap_confidence_option,0.6954312310030396,
olmo2_7b_instruct,hellaswag,1000,2025,cheap_plus_pca_hidden,0.7059270516717324,0.7029674053192139
olmo2_7b_instruct,mmlu_all,100,42,cheap_confidence_option,0.7053571428571429,
olmo2_7b_instruct,mmlu_all,100,42,cheap_plus_pca_hidden,0.7857142857142857,0.9877293109893799
olmo2_7b_instruct,mmlu_all,100,7,cheap_confidence_option,0.8416289592760181,
olmo2_7b_instruct,mmlu_all,100,7,cheap_plus_pca_hidden,0.8190045248868778,0.9882700443267822
olmo2_7b_instruct,mmlu_all,100,123,cheap_confidence_option,0.7857142857142857,
olmo2_7b_instruct,mmlu_all,100,123,cheap_plus_pca_hidden,0.6741071428571428,0.9947432279586792
olmo2_7b_instruct,mmlu_all,100,777,cheap_confidence_option,0.6606334841628959,
olmo2_7b_instruct,mmlu_all,100,777,cheap_plus_pca_hidden,0.6289592760180995,0.9895579814910889
olmo2_7b_instruct,mmlu_all,100,2025,cheap_confidence_option,0.6651785714285715,
olmo2_7b_instruct,mmlu_all,100,2025,cheap_plus_pca_hidden,0.7053571428571429,0.9889909029006958
olmo2_7b_instruct,mmlu_all,300,42,cheap_confidence_option,0.7212543554006968,
olmo2_7b_instruct,mmlu_all,300,42,cheap_plus_pca_hidden,0.6754604280736686,0.8194435834884644
olmo2_7b_instruct,mmlu_all,300,7,cheap_confidence_option,0.8357391737182678,
olmo2_7b_instruct,mmlu_all,300,7,cheap_plus_pca_hidden,0.8188153310104529,0.8087639808654785
olmo2_7b_instruct,mmlu_all,300,123,cheap_confidence_option,0.7536087605774016,
olmo2_7b_instruct,mmlu_all,300,123,cheap_plus_pca_hidden,0.778994524639124,0.8265081644058228
olmo2_7b_instruct,mmlu_all,300,777,cheap_confidence_option,0.8128422100547535,
olmo2_7b_instruct,mmlu_all,300,777,cheap_plus_pca_hidden,0.7376804380288698,0.8192551136016846
olmo2_7b_instruct,mmlu_all,300,2025,cheap_confidence_option,0.7411647585863613,
olmo2_7b_instruct,mmlu_all,300,2025,cheap_plus_pca_hidden,0.7003484320557491,0.8180925846099854
olmo2_7b_instruct,mmlu_all,500,42,cheap_confidence_option,0.7137733142037304,
olmo2_7b_instruct,mmlu_all,500,42,cheap_plus_pca_hidden,0.6761119081779052,0.7545739412307739
olmo2_7b_instruct,mmlu_all,500,7,cheap_confidence_option,0.7474892395982784,
olmo2_7b_instruct,mmlu_all,500,7,cheap_plus_pca_hidden,0.7248923959827833,0.7554986476898193
olmo2_7b_instruct,mmlu_all,500,123,cheap_confidence_option,0.7984218077474892,
olmo2_7b_instruct,mmlu_all,500,123,cheap_plus_pca_hidden,0.7684720229555236,0.781645655632019
olmo2_7b_instruct,mmlu_all,500,777,cheap_confidence_option,0.7709827833572453,
olmo2_7b_instruct,mmlu_all,500,777,cheap_plus_pca_hidden,0.7573529411764705,0.7716307640075684
olmo2_7b_instruct,mmlu_all,500,2025,cheap_confidence_option,0.7439024390243902,
olmo2_7b_instruct,mmlu_all,500,2025,cheap_plus_pca_hidden,0.7447991391678622,0.7635549902915955
olmo2_7b_instruct,mmlu_all,1000,42,cheap_confidence_option,0.7323905723905725,
olmo2_7b_instruct,mmlu_all,1000,42,cheap_plus_pca_hidden,0.7366105499438833,0.7201654314994812
olmo2_7b_instruct,mmlu_all,1000,7,cheap_confidence_option,0.7404264870931537,
olmo2_7b_instruct,mmlu_all,1000,7,cheap_plus_pca_hidden,0.7415937149270484,0.7186156511306763
olmo2_7b_instruct,mmlu_all,1000,123,cheap_confidence_option,0.7755331088664422,
olmo2_7b_instruct,mmlu_all,1000,123,cheap_plus_pca_hidden,0.7263748597081929,0.7277670502662659
olmo2_7b_instruct,mmlu_all,1000,777,cheap_confidence_option,0.7709988776655442,
olmo2_7b_instruct,mmlu_all,1000,777,cheap_plus_pca_hidden,0.7422222222222222,0.721272349357605
olmo2_7b_instruct,mmlu_all,1000,2025,cheap_confidence_option,0.7491358024691358,
olmo2_7b_instruct,mmlu_all,1000,2025,cheap_plus_pca_hidden,0.745993265993266,0.7208622694015503
qwen25_7b,arc_challenge,100,42,cheap_confidence_option,0.925925925925926,
qwen25_7b,arc_challenge,100,42,cheap_plus_pca_hidden,0.5925925925925927,0.9865884184837341
qwen25_7b,arc_challenge,100,7,cheap_confidence_option,0.7160493827160495,
qwen25_7b,arc_challenge,100,7,cheap_plus_pca_hidden,0.6790123456790124,0.9869240522384644
qwen25_7b,arc_challenge,100,123,cheap_confidence_option,0.7160493827160495,
qwen25_7b,arc_challenge,100,123,cheap_plus_pca_hidden,0.7160493827160495,0.9866193532943726
qwen25_7b,arc_challenge,100,777,cheap_confidence_option,0.9876543209876544,
qwen25_7b,arc_challenge,100,777,cheap_plus_pca_hidden,0.9876543209876544,0.9865789413452148
qwen25_7b,arc_challenge,100,2025,cheap_confidence_option,0.8765432098765432,
qwen25_7b,arc_challenge,100,2025,cheap_plus_pca_hidden,0.8518518518518519,0.9868710041046143
qwen25_7b,commonsenseqa,100,42,cheap_confidence_option,0.6559999999999999,
qwen25_7b,commonsenseqa,100,42,cheap_plus_pca_hidden,0.6080000000000001,0.984076976776123
qwen25_7b,commonsenseqa,100,7,cheap_confidence_option,0.784,
qwen25_7b,commonsenseqa,100,7,cheap_plus_pca_hidden,0.5439999999999999,0.9842814207077026
qwen25_7b,commonsenseqa,100,123,cheap_confidence_option,0.752,
qwen25_7b,commonsenseqa,100,123,cheap_plus_pca_hidden,0.9600000000000001,0.9847177267074585
qwen25_7b,commonsenseqa,100,777,cheap_confidence_option,0.7040000000000001,
qwen25_7b,commonsenseqa,100,777,cheap_plus_pca_hidden,0.616,0.9850876331329346
qwen25_7b,commonsenseqa,100,2025,cheap_confidence_option,0.68,
qwen25_7b,commonsenseqa,100,2025,cheap_plus_pca_hidden,0.5840000000000001,0.9851033687591553
qwen25_7b,commonsenseqa,300,42,cheap_confidence_option,0.8690878378378378,
qwen25_7b,commonsenseqa,300,42,cheap_plus_pca_hidden,0.7204391891891893,0.7993917465209961
qwen25_7b,commonsenseqa,300,7,cheap_confidence_option,0.7652027027027026,
qwen25_7b,commonsenseqa,300,7,cheap_plus_pca_hidden,0.7212837837837838,0.7978633642196655
qwen25_7b,commonsenseqa,300,123,cheap_confidence_option,0.7516891891891893,
qwen25_7b,commonsenseqa,300,123,cheap_plus_pca_hidden,0.6697635135135135,0.7953691482543945
qwen25_7b,commonsenseqa,300,777,cheap_confidence_option,0.8378378378378378,
qwen25_7b,commonsenseqa,300,777,cheap_plus_pca_hidden,0.6900337837837838,0.7978147268295288
qwen25_7b,commonsenseqa,300,2025,cheap_confidence_option,0.8099662162162162,
qwen25_7b,commonsenseqa,300,2025,cheap_plus_pca_hidden,0.8125,0.7996431589126587
qwen25_7b,commonsenseqa,500,42,cheap_confidence_option,0.8247518610421836,
qwen25_7b,commonsenseqa,500,42,cheap_plus_pca_hidden,0.7627171215880894,0.7528371810913086
qwen25_7b,commonsenseqa,500,7,cheap_confidence_option,0.7912531017369727,
qwen25_7b,commonsenseqa,500,7,cheap_plus_pca_hidden,0.721774193548387,0.7518596649169922
qwen25_7b,commonsenseqa,500,123,cheap_confidence_option,0.8498759305210918,
qwen25_7b,commonsenseqa,500,123,cheap_plus_pca_hidden,0.7620967741935484,0.7518389225006104
qwen25_7b,commonsenseqa,500,777,cheap_confidence_option,0.8362282878411911,
qwen25_7b,commonsenseqa,500,777,cheap_plus_pca_hidden,0.751240694789082,0.754279613494873
qwen25_7b,commonsenseqa,500,2025,cheap_confidence_option,0.776985111662531,
qwen25_7b,commonsenseqa,500,2025,cheap_plus_pca_hidden,0.7109181141439206,0.7547144889831543
qwen25_7b,commonsenseqa,1000,42,cheap_confidence_option,0.8186540371247422,
qwen25_7b,commonsenseqa,1000,42,cheap_plus_pca_hidden,0.7793140325414406,0.7192975282669067
qwen25_7b,commonsenseqa,1000,7,cheap_confidence_option,0.8123138033763654,
qwen25_7b,commonsenseqa,1000,7,cheap_plus_pca_hidden,0.7493697960430831,0.7172415852546692
qwen25_7b,commonsenseqa,1000,123,cheap_confidence_option,0.8268275914750592,
qwen25_7b,commonsenseqa,1000,123,cheap_plus_pca_hidden,0.7813001298602094,0.7190773487091064
qwen25_7b,commonsenseqa,1000,777,cheap_confidence_option,0.8365289129936598,
qwen25_7b,commonsenseqa,1000,777,cheap_plus_pca_hidden,0.7991750057291269,0.7209831476211548
qwen25_7b,commonsenseqa,1000,2025,cheap_confidence_option,0.8122374150179513,
qwen25_7b,commonsenseqa,1000,2025,cheap_plus_pca_hidden,0.7722099152089222,0.7197957634925842
qwen25_7b,hellaswag,100,42,cheap_confidence_option,0.76,
qwen25_7b,hellaswag,100,42,cheap_plus_pca_hidden,0.88,0.9878104329109192
qwen25_7b,hellaswag,100,7,cheap_confidence_option,0.784,
qwen25_7b,hellaswag,100,7,cheap_plus_pca_hidden,0.824,0.9881186485290527
qwen25_7b,hellaswag,100,123,cheap_confidence_option,0.896,
qwen25_7b,hellaswag,100,123,cheap_plus_pca_hidden,0.88,0.9886308908462524
qwen25_7b,hellaswag,100,777,cheap_confidence_option,0.888,
qwen25_7b,hellaswag,100,777,cheap_plus_pca_hidden,0.928,0.9878567457199097
qwen25_7b,hellaswag,100,2025,cheap_confidence_option,0.88,
qwen25_7b,hellaswag,100,2025,cheap_plus_pca_hidden,0.8880000000000001,0.9882302284240723
qwen25_7b,hellaswag,300,42,cheap_confidence_option,0.9164444444444445,
qwen25_7b,hellaswag,300,42,cheap_plus_pca_hidden,0.8337777777777778,0.8507353067398071
qwen25_7b,hellaswag,300,7,cheap_confidence_option,0.808,
qwen25_7b,hellaswag,300,7,cheap_plus_pca_hidden,0.7671111111111111,0.8498589992523193
qwen25_7b,hellaswag,300,123,cheap_confidence_option,0.8800000000000001,
qwen25_7b,hellaswag,300,123,cheap_plus_pca_hidden,0.7564444444444445,0.8522446751594543
qwen25_7b,hellaswag,300,777,cheap_confidence_option,0.8577777777777778,
qwen25_7b,hellaswag,300,777,cheap_plus_pca_hidden,0.7502222222222222,0.852715015411377
qwen25_7b,hellaswag,300,2025,cheap_confidence_option,0.7777777777777778,
qwen25_7b,hellaswag,300,2025,cheap_plus_pca_hidden,0.8177777777777778,0.8532798290252686
qwen25_7b,hellaswag,500,42,cheap_confidence_option,0.87968,
qwen25_7b,hellaswag,500,42,cheap_plus_pca_hidden,0.80928,0.8203150033950806
qwen25_7b,hellaswag,500,7,cheap_confidence_option,0.85376,
qwen25_7b,hellaswag,500,7,cheap_plus_pca_hidden,0.808,0.8175166249275208
qwen25_7b,hellaswag,500,123,cheap_confidence_option,0.9136,
qwen25_7b,hellaswag,500,123,cheap_plus_pca_hidden,0.792,0.8179453611373901
qwen25_7b,hellaswag,500,777,cheap_confidence_option,0.8031999999999999,
qwen25_7b,hellaswag,500,777,cheap_plus_pca_hidden,0.8054399999999999,0.8207026720046997
qwen25_7b,hellaswag,500,2025,cheap_confidence_option,0.8652799999999999,
qwen25_7b,hellaswag,500,2025,cheap_plus_pca_hidden,0.78496,0.816082775592804
qwen25_7b,hellaswag,1000,42,cheap_confidence_option,0.8782827872184731,
qwen25_7b,hellaswag,1000,42,cheap_plus_pca_hidden,0.8703959671518009,0.7947032451629639
qwen25_7b,hellaswag,1000,7,cheap_confidence_option,0.9047076998129928,
qwen25_7b,hellaswag,1000,7,cheap_plus_pca_hidden,0.8853565330514676,0.7938761115074158
qwen25_7b,hellaswag,1000,123,cheap_confidence_option,0.8626717619318643,
qwen25_7b,hellaswag,1000,123,cheap_plus_pca_hidden,0.8546223270184569,0.7940374612808228
qwen25_7b,hellaswag,1000,777,cheap_confidence_option,0.8504756484267014,
qwen25_7b,hellaswag,1000,777,cheap_plus_pca_hidden,0.8411252947394098,0.7948401570320129
qwen25_7b,hellaswag,1000,2025,cheap_confidence_option,0.8866574518253516,
qwen25_7b,hellaswag,1000,2025,cheap_plus_pca_hidden,0.8709651191153753,0.7941144108772278
qwen25_7b,mmlu_all,100,42,cheap_confidence_option,0.745,
qwen25_7b,mmlu_all,100,42,cheap_plus_pca_hidden,0.72,0.9933515191078186
qwen25_7b,mmlu_all,100,7,cheap_confidence_option,0.77,
qwen25_7b,mmlu_all,100,7,cheap_plus_pca_hidden,0.715,0.9922045469284058
qwen25_7b,mmlu_all,100,123,cheap_confidence_option,0.85,
qwen25_7b,mmlu_all,100,123,cheap_plus_pca_hidden,0.865,0.9936726689338684
qwen25_7b,mmlu_all,100,777,cheap_confidence_option,0.745,
qwen25_7b,mmlu_all,100,777,cheap_plus_pca_hidden,0.66,0.9934442639350891
qwen25_7b,mmlu_all,100,2025,cheap_confidence_option,0.79,
qwen25_7b,mmlu_all,100,2025,cheap_plus_pca_hidden,0.895,0.9934840798377991
qwen25_7b,mmlu_all,300,42,cheap_confidence_option,0.8394573205200678,
qwen25_7b,mmlu_all,300,42,cheap_plus_pca_hidden,0.781232334652346,0.9043344259262085
qwen25_7b,mmlu_all,300,7,cheap_confidence_option,0.6705069124423964,
qwen25_7b,mmlu_all,300,7,cheap_plus_pca_hidden,0.641705069124424,0.894629716873169
qwen25_7b,mmlu_all,300,123,cheap_confidence_option,0.8100621820237421,
qwen25_7b,mmlu_all,300,123,cheap_plus_pca_hidden,0.7088750706613905,0.8914695382118225
qwen25_7b,mmlu_all,300,777,cheap_confidence_option,0.8237327188940092,
qwen25_7b,mmlu_all,300,777,cheap_plus_pca_hidden,0.7039170506912443,0.8874080181121826
qwen25_7b,mmlu_all,300,2025,cheap_confidence_option,0.8010175240248727,
qwen25_7b,mmlu_all,300,2025,cheap_plus_pca_hidden,0.7128321085358958,0.8778082132339478
qwen25_7b,mmlu_all,500,42,cheap_confidence_option,0.792604833712043,
qwen25_7b,mmlu_all,500,42,cheap_plus_pca_hidden,0.7748399091096881,0.8696950674057007
qwen25_7b,mmlu_all,500,7,cheap_confidence_option,0.8343545751633987,
qwen25_7b,mmlu_all,500,7,cheap_plus_pca_hidden,0.7796160130718954,0.8639737367630005
qwen25_7b,mmlu_all,500,123,cheap_confidence_option,0.78145011361289,
qwen25_7b,mmlu_all,500,123,cheap_plus_pca_hidden,0.7457136955174551,0.850004255771637
qwen25_7b,mmlu_all,500,777,cheap_confidence_option,0.8008578431372549,
qwen25_7b,mmlu_all,500,777,cheap_plus_pca_hidden,0.7828839869281046,0.8493307828903198
qwen25_7b,mmlu_all,500,2025,cheap_confidence_option,0.8380499896715555,
qwen25_7b,mmlu_all,500,2025,cheap_plus_pca_hidden,0.807477793844247,0.8423827886581421
qwen25_7b,mmlu_all,1000,42,cheap_confidence_option,0.8131450577663671,
qwen25_7b,mmlu_all,1000,42,cheap_plus_pca_hidden,0.8003080872913992,0.8368996381759644
qwen25_7b,mmlu_all,1000,7,cheap_confidence_option,0.8325032092426188,
qwen25_7b,mmlu_all,1000,7,cheap_plus_pca_hidden,0.8153530166880617,0.8309764862060547
qwen25_7b,mmlu_all,1000,123,cheap_confidence_option,0.8085750962772786,
qwen25_7b,mmlu_all,1000,123,cheap_plus_pca_hidden,0.7767394094993582,0.831395149230957
qwen25_7b,mmlu_all,1000,777,cheap_confidence_option,0.8118100128369705,
qwen25_7b,mmlu_all,1000,777,cheap_plus_pca_hidden,0.794403080872914,0.8337055444717407
qwen25_7b,mmlu_all,1000,2025,cheap_confidence_option,0.8406675224646983,
qwen25_7b,mmlu_all,1000,2025,cheap_plus_pca_hidden,0.8340949935815147,0.8350893259048462
