model_key,dataset,feature_set,probe,count,mean_auroc,std_auroc,mean_ci_low,mean_ci_high
deepseek_r1_qwen7b,arc_challenge,cheap_confidence_option,extratrees,5,0.6470322215941209,0.06397737093314915,0.5265911357725916,0.7556080908734233
deepseek_r1_qwen7b,arc_challenge,cheap_plus_hidden_summary,logreg,5,0.6382136800452234,0.030334071669210573,0.5214426080858989,0.7512931283583558
deepseek_r1_qwen7b,arc_challenge,cheap_plus_pca_hidden,extratrees,5,0.6195590729225551,0.05815222091042119,0.4985838519523072,0.7300636328369704
deepseek_r1_qwen7b,arc_challenge,direct_pmax,none,5,0.5992085924250989,0.05820714627889701,0.47172159109722,0.7199372340967592
deepseek_r1_qwen7b,arc_challenge,hidden_summary_only,mlp,5,0.48535895986433014,0.05405200109617429,0.3555411928216965,0.6104826249811282
deepseek_r1_qwen7b,arc_challenge,pca_hidden_embeddings,mlp,5,0.5106840022611645,0.049871686190385726,0.3825387683324405,0.6395529052139166
deepseek_r1_qwen7b,commonsenseqa,cheap_confidence_option,logreg,5,0.652104285439754,0.030509179738849472,0.5672160496918206,0.7249916596565079
deepseek_r1_qwen7b,commonsenseqa,cheap_plus_hidden_summary,logreg,5,0.608609313945295,0.029691034663380734,0.5303379912042205,0.6839879006610466
deepseek_r1_qwen7b,commonsenseqa,cheap_plus_pca_hidden,extratrees,5,0.6168214720389469,0.0366974637725693,0.5360226452751615,0.6972122080683867
deepseek_r1_qwen7b,commonsenseqa,direct_pmax,none,5,0.5974761386202037,0.01961157726055758,0.5150768450685336,0.6788433217569126
deepseek_r1_qwen7b,commonsenseqa,hidden_summary_only,mlp,5,0.5015565947088592,0.029209027406489535,0.4284778213580103,0.5808480754871069
deepseek_r1_qwen7b,commonsenseqa,pca_hidden_embeddings,logreg,5,0.5263211837806675,0.02076757159297605,0.4529370182546928,0.6058503516388125
deepseek_r1_qwen7b,hellaswag,cheap_confidence_option,logreg,5,0.5290780967911013,0.03452051732770086,0.4552287674611309,0.6009893436673769
deepseek_r1_qwen7b,hellaswag,cheap_plus_hidden_summary,logreg,5,0.5812474520994699,0.039085923696334395,0.5043150451101845,0.652829536913922
deepseek_r1_qwen7b,hellaswag,cheap_plus_pca_hidden,logreg,5,0.5603983460485703,0.041685269279894306,0.4832610465569845,0.6314265565617241
deepseek_r1_qwen7b,hellaswag,direct_pmax,none,5,0.49319200978393807,0.03181109131645619,0.41678490638965415,0.5689759358943849
deepseek_r1_qwen7b,hellaswag,hidden_summary_only,logreg,5,0.5458389144487799,0.03619346083158196,0.4661131516084246,0.6170610110936036
deepseek_r1_qwen7b,hellaswag,pca_hidden_embeddings,logreg,5,0.5267252926445751,0.03425082936074736,0.44547754005826656,0.5993151725651139
deepseek_r1_qwen7b,mmlu_all,cheap_confidence_option,extratrees,5,0.6107063838972533,0.03264458332284909,0.5394598672704121,0.6774162369449842
deepseek_r1_qwen7b,mmlu_all,cheap_plus_hidden_summary,extratrees,5,0.5997733527602396,0.027506093076095257,0.5296116296371596,0.6661775632288507
deepseek_r1_qwen7b,mmlu_all,cheap_plus_pca_hidden,extratrees,5,0.5856348820894717,0.04132521141945195,0.5129833653443006,0.656253054881183
deepseek_r1_qwen7b,mmlu_all,direct_pmax,none,5,0.6305865846419513,0.04616027144625947,0.5599965769242755,0.6954185133072889
deepseek_r1_qwen7b,mmlu_all,hidden_summary_only,extratrees,5,0.5276239814365118,0.0474246754601466,0.45676536275521684,0.5976910474934444
deepseek_r1_qwen7b,mmlu_all,pca_hidden_embeddings,hgb,5,0.5253251308617991,0.06003152802298406,0.45661768704274286,0.5980169952167822
falcon3_7b_instruct,arc_challenge,cheap_confidence_option,extratrees,5,0.8252444444444444,0.04323967085677771,0.6743381407147376,0.9319515345891556
falcon3_7b_instruct,arc_challenge,cheap_plus_hidden_summary,extratrees,5,0.8152888888888888,0.03832750358246928,0.6608099506428239,0.9290175808515766
falcon3_7b_instruct,arc_challenge,cheap_plus_pca_hidden,extratrees,5,0.8334222222222222,0.040381391631832846,0.6819840008673048,0.9397862874335665
falcon3_7b_instruct,arc_challenge,direct_pmax,none,5,0.8385777777777778,0.032723910539354195,0.7038378886548378,0.9375119768262362
falcon3_7b_instruct,arc_challenge,hidden_summary_only,extratrees,5,0.7386666666666667,0.0679229774391371,0.5780343071804598,0.8666438831252586
falcon3_7b_instruct,arc_challenge,pca_hidden_embeddings,logreg,5,0.8007111111111112,0.08520221407892295,0.6510081131833223,0.920405257616155
falcon3_7b_instruct,commonsenseqa,cheap_confidence_option,logreg,5,0.8241647241647241,0.03492405053365645,0.7719575687583171,0.872770226301706
falcon3_7b_instruct,commonsenseqa,cheap_plus_hidden_summary,extratrees,5,0.8301217301217301,0.042623315645002414,0.7793986594603532,0.8788220487419558
falcon3_7b_instruct,commonsenseqa,cheap_plus_pca_hidden,extratrees,5,0.8280756280756281,0.04630081046884288,0.7789918167814246,0.8779825929385707
falcon3_7b_instruct,commonsenseqa,direct_pmax,none,5,0.8135586635586636,0.04768547961265473,0.7619984516322255,0.8672750759409616
falcon3_7b_instruct,commonsenseqa,hidden_summary_only,logreg,5,0.7388111888111888,0.023180043880396028,0.6777976154253867,0.7950465527690802
falcon3_7b_instruct,commonsenseqa,pca_hidden_embeddings,extratrees,5,0.768104118104118,0.032836219179661265,0.7118959501794999,0.8243596631527857
falcon3_7b_instruct,hellaswag,cheap_confidence_option,logreg,5,0.810428849902534,0.032543210982952805,0.7552804856439497,0.8627512182169166
falcon3_7b_instruct,hellaswag,cheap_plus_hidden_summary,logreg,5,0.8220394736842105,0.034954280162620116,0.7695540644114545,0.8692940782670775
falcon3_7b_instruct,hellaswag,cheap_plus_pca_hidden,extratrees,5,0.8166910331384015,0.03570081547785178,0.7633056068551058,0.8667479388736998
falcon3_7b_instruct,hellaswag,direct_pmax,none,5,0.7052631578947368,0.02791598486714987,0.637884387801235,0.7711110038566442
falcon3_7b_instruct,hellaswag,hidden_summary_only,logreg,5,0.7397904483430799,0.03978114756011459,0.6799255988113696,0.8022586261559159
falcon3_7b_instruct,hellaswag,pca_hidden_embeddings,extratrees,5,0.775,0.025611635125841126,0.7184342327799469,0.8331508407851029
falcon3_7b_instruct,mmlu_all,cheap_confidence_option,logreg,5,0.8027193145837213,0.026247677890085204,0.7510954653473922,0.8505200750615364
falcon3_7b_instruct,mmlu_all,cheap_plus_hidden_summary,extratrees,5,0.815282175451667,0.02857452227325165,0.7662661974806909,0.86328298455019
falcon3_7b_instruct,mmlu_all,cheap_plus_pca_hidden,extratrees,5,0.8192587073943006,0.024910301928228244,0.771001769452942,0.8647744052791193
falcon3_7b_instruct,mmlu_all,direct_pmax,none,5,0.7742410132240641,0.03351341902794182,0.7200340067602811,0.8252358643804595
falcon3_7b_instruct,mmlu_all,hidden_summary_only,extratrees,5,0.7960141553361892,0.01630422515751424,0.7447209388854562,0.8458190125693639
falcon3_7b_instruct,mmlu_all,pca_hidden_embeddings,extratrees,5,0.8144999068727883,0.010298844413735112,0.7659797929598743,0.8599135294967853
mistral7b_v03,arc_challenge,cheap_confidence_option,extratrees,5,0.6854285714285714,0.06019653186836925,0.5525077978465036,0.8150225194800227
mistral7b_v03,arc_challenge,cheap_plus_hidden_summary,extratrees,5,0.6898571428571428,0.05769244636299398,0.5654030211107391,0.8134011654745088
mistral7b_v03,arc_challenge,cheap_plus_pca_hidden,extratrees,5,0.698857142857143,0.05484346927801872,0.5682886902274568,0.8208738620581564
mistral7b_v03,arc_challenge,direct_pmax,none,5,0.7117857142857142,0.05519041712885613,0.5936416453059457,0.8266109672659997
mistral7b_v03,arc_challenge,hidden_summary_only,logreg,5,0.6895714285714286,0.042638130869934114,0.5545157913098688,0.813422605552728
mistral7b_v03,arc_challenge,pca_hidden_embeddings,extratrees,5,0.6571428571428571,0.03575354984516378,0.5133018642905732,0.7881051061939981
mistral7b_v03,commonsenseqa,cheap_confidence_option,logreg,5,0.7456260720411664,0.024282045982625067,0.6859280739749576,0.8020329689748396
mistral7b_v03,commonsenseqa,cheap_plus_hidden_summary,extratrees,5,0.7439215265866209,0.01594445460847512,0.6830019867351276,0.8028058807764278
mistral7b_v03,commonsenseqa,cheap_plus_pca_hidden,extratrees,5,0.7446719554030874,0.01805309844072539,0.6856554456198005,0.8014783739456657
mistral7b_v03,commonsenseqa,direct_pmax,none,5,0.7353291166380789,0.023858852092987076,0.6742586658440247,0.793788109058817
mistral7b_v03,commonsenseqa,hidden_summary_only,logreg,5,0.6895583190394511,0.02208868567976006,0.6238021908582839,0.7523159640383935
mistral7b_v03,commonsenseqa,pca_hidden_embeddings,logreg,5,0.7253430531732419,0.013866884602749815,0.6638941036618823,0.7844269753486438
mistral7b_v03,hellaswag,cheap_confidence_option,logreg,5,0.7230873745819398,0.027110728574516775,0.6637260136809222,0.7765807754291416
mistral7b_v03,hellaswag,cheap_plus_hidden_summary,extratrees,5,0.7580163043478262,0.019841577387959546,0.7008603452370867,0.80977347306731
mistral7b_v03,hellaswag,cheap_plus_pca_hidden,extratrees,5,0.7657713210702342,0.019577589747409304,0.7079925632518069,0.8176399253274103
mistral7b_v03,hellaswag,direct_pmax,none,5,0.7155988712374582,0.02255173025749284,0.6524830300210921,0.7723674381126351
mistral7b_v03,hellaswag,hidden_summary_only,extratrees,5,0.7283549331103678,0.02277737014911768,0.6662738608237874,0.7869434335829764
mistral7b_v03,hellaswag,pca_hidden_embeddings,extratrees,5,0.7541910535117057,0.03232243887887151,0.6984110364374079,0.807233733084364
mistral7b_v03,mmlu_all,cheap_confidence_option,logreg,5,0.7500161595641534,0.024576887735473764,0.6941792511094806,0.8026910063813621
mistral7b_v03,mmlu_all,cheap_plus_hidden_summary,mlp,5,0.766231127937578,0.029075036456756218,0.7111955848339595,0.8190708286568043
mistral7b_v03,mmlu_all,cheap_plus_pca_hidden,extratrees,5,0.7666097234406021,0.02346908122873672,0.7122397038639149,0.8184589766526476
mistral7b_v03,mmlu_all,direct_pmax,none,5,0.7557689644027887,0.0226267439713668,0.7006696465710872,0.808701424488343
mistral7b_v03,mmlu_all,hidden_summary_only,logreg,5,0.7364236576019206,0.022670815303411775,0.6793019507666065,0.7943858886550536
mistral7b_v03,mmlu_all,pca_hidden_embeddings,extratrees,5,0.7576804099912277,0.02415006455488449,0.7008701672073717,0.810212509987951
olmo2_7b_instruct,arc_challenge,cheap_confidence_option,logreg,5,0.7877525252525253,0.056697753968485504,0.6707257831069056,0.8852710244174302
olmo2_7b_instruct,arc_challenge,cheap_plus_hidden_summary,extratrees,5,0.8002525252525252,0.07147317872112861,0.6892451233271453,0.8923410252942198
olmo2_7b_instruct,arc_challenge,cheap_plus_pca_hidden,extratrees,5,0.8094696969696971,0.06114032192760919,0.6958079596974388,0.9045286497971148
olmo2_7b_instruct,arc_challenge,direct_pmax,none,5,0.7998737373737373,0.06361556698818488,0.6855428634237426,0.8946492564546553
olmo2_7b_instruct,arc_challenge,hidden_summary_only,extratrees,5,0.7022727272727273,0.045604672814662246,0.5673963161377815,0.8126838799884863
olmo2_7b_instruct,arc_challenge,pca_hidden_embeddings,extratrees,5,0.7707070707070708,0.05315679058950949,0.6599437838677316,0.8788448330059936
olmo2_7b_instruct,commonsenseqa,cheap_confidence_option,extratrees,5,0.7744517729297029,0.008019140750734387,0.7166667286303505,0.8305242761092405
olmo2_7b_instruct,commonsenseqa,cheap_plus_hidden_summary,extratrees,5,0.772489993798974,0.016940868119469047,0.7139369091226279,0.8299512596209156
olmo2_7b_instruct,commonsenseqa,cheap_plus_pca_hidden,extratrees,5,0.7798410282428547,0.013907771078258333,0.7196136999891733,0.8372102192555655
olmo2_7b_instruct,commonsenseqa,direct_pmax,none,5,0.7634026720784711,0.010460489096109696,0.7024318534852177,0.8246213950468386
olmo2_7b_instruct,commonsenseqa,hidden_summary_only,logreg,5,0.7027904616945713,0.03010378008590173,0.6332296667156128,0.7680315655296461
olmo2_7b_instruct,commonsenseqa,pca_hidden_embeddings,logreg,5,0.7483510908168443,0.021384197829339077,0.6829693092142619,0.803400899010772
olmo2_7b_instruct,hellaswag,cheap_confidence_option,logreg,5,0.7082161854103344,0.026042500537118644,0.6482626572397269,0.7686914986053754
olmo2_7b_instruct,hellaswag,cheap_plus_hidden_summary,extratrees,5,0.7479863221884498,0.017479707143610464,0.6911332508763403,0.8012294436169405
olmo2_7b_instruct,hellaswag,cheap_plus_pca_hidden,extratrees,5,0.7432750759878419,0.0291952868341278,0.6856047680195004,0.7979967461606087
olmo2_7b_instruct,hellaswag,direct_pmax,none,5,0.6915558510638299,0.03031605180326039,0.6328369213685882,0.755081794016515
olmo2_7b_instruct,hellaswag,hidden_summary_only,logreg,5,0.6623955167173252,0.024874382597650728,0.5982870072238181,0.7208125506511881
olmo2_7b_instruct,hellaswag,pca_hidden_embeddings,extratrees,5,0.7285904255319149,0.020102625190680547,0.6685095666275459,0.7830844072519294
olmo2_7b_instruct,mmlu_all,cheap_confidence_option,logreg,5,0.7523052749719417,0.023805485827070344,0.6972203941205042,0.8052489124027413
olmo2_7b_instruct,mmlu_all,cheap_plus_hidden_summary,extratrees,5,0.7574231200897867,0.01830498526835799,0.7032211921104128,0.809276864761825
olmo2_7b_instruct,mmlu_all,cheap_plus_pca_hidden,extratrees,5,0.7511470258136924,0.02354473442466879,0.6998902456991007,0.8041742155134985
olmo2_7b_instruct,mmlu_all,direct_pmax,none,5,0.7492255892255892,0.021273612023846138,0.6948742673347164,0.8033277862140379
olmo2_7b_instruct,mmlu_all,hidden_summary_only,extratrees,5,0.7222087542087542,0.014144741560684975,0.6667274250193278,0.78208105123602
olmo2_7b_instruct,mmlu_all,pca_hidden_embeddings,extratrees,5,0.7449696969696971,0.02134450934834791,0.6907904194289464,0.799860505306265
qwen25_7b,arc_challenge,cheap_confidence_option,logreg,5,0.8304526748971194,0.06620414558367228,0.6941669116716722,0.9421994789204827
qwen25_7b,arc_challenge,cheap_plus_hidden_summary,extratrees,5,0.7912208504801097,0.07458922630215425,0.6249494221375229,0.9407184724955634
qwen25_7b,arc_challenge,cheap_plus_pca_hidden,extratrees,5,0.8205761316872427,0.0716950171570049,0.6708260753748948,0.9445701350327
qwen25_7b,arc_challenge,direct_pmax,none,5,0.8308641975308643,0.05531923181764129,0.6522827615695072,0.9646345540234187
qwen25_7b,arc_challenge,hidden_summary_only,extratrees,5,0.7215363511659808,0.0992642865781631,0.5188924711394904,0.9028337230918086
qwen25_7b,arc_challenge,pca_hidden_embeddings,extratrees,5,0.720164609053498,0.0857805085830281,0.5570665881544995,0.8742876017806932
qwen25_7b,commonsenseqa,cheap_confidence_option,logreg,5,0.8322817202658316,0.017413915482045406,0.7771008236838638,0.8801407925679248
qwen25_7b,commonsenseqa,cheap_plus_hidden_summary,extratrees,5,0.8172484913299213,0.02428456678515741,0.7556122135296082,0.8751280570074398
qwen25_7b,commonsenseqa,cheap_plus_pca_hidden,extratrees,5,0.8307692307692308,0.01899158081792183,0.7756497982306225,0.8821963659109257
qwen25_7b,commonsenseqa,direct_pmax,none,5,0.8060652356580856,0.011633172042654056,0.7484146105083086,0.8599964464273384
qwen25_7b,commonsenseqa,hidden_summary_only,logreg,5,0.7037353907264533,0.026847796765271274,0.6257913941844919,0.7747771089093793
qwen25_7b,commonsenseqa,pca_hidden_embeddings,extratrees,5,0.7915667252310749,0.03814222270100133,0.7222443650596821,0.8526571489894677
qwen25_7b,hellaswag,cheap_confidence_option,logreg,5,0.8714529636555817,0.013696982996340194,0.8202139807407758,0.9159592741113866
qwen25_7b,hellaswag,cheap_plus_hidden_summary,extratrees,5,0.8745263842588828,0.0114541643288522,0.8307181707815173,0.9147370769917226
qwen25_7b,hellaswag,cheap_plus_pca_hidden,extratrees,5,0.87831531018782,0.018773442123967005,0.8318222705352311,0.9173101689935278
qwen25_7b,hellaswag,direct_pmax,none,5,0.8574274331246443,0.022288969782364578,0.7979712241759988,0.9065840614341111
qwen25_7b,hellaswag,hidden_summary_only,extratrees,5,0.8386372875843564,0.017541179172105098,0.780505754492597,0.8891846417316458
qwen25_7b,hellaswag,pca_hidden_embeddings,extratrees,5,0.8587039596715179,0.017874822634503726,0.809565043806676,0.9031078320614168
qwen25_7b,mmlu_all,cheap_confidence_option,logreg,5,0.8542439024390245,0.015855216566807814,0.812511969169958,0.8945874976833268
qwen25_7b,mmlu_all,cheap_plus_hidden_summary,extratrees,5,0.8494582798459565,0.021270899587274544,0.8035965799178724,0.8895307053022503
qwen25_7b,mmlu_all,cheap_plus_pca_hidden,extratrees,5,0.8549011553273427,0.020177476708604345,0.810143981487581,0.8947463648078469
qwen25_7b,mmlu_all,direct_pmax,none,5,0.8334377406931963,0.01857784710644733,0.787466703013455,0.8769056209458534
qwen25_7b,mmlu_all,hidden_summary_only,logreg,5,0.8124159178433888,0.03647741025664078,0.7594602980858577,0.8599417713190348
qwen25_7b,mmlu_all,pca_hidden_embeddings,extratrees,5,0.8320000000000001,0.025348733652942646,0.784536294228061,0.8772745006206133
