model,dataset,split,base_accuracy,family,probe,AUROC,AUPRC,Brier,ECE,AURC,E_AURC,risk_at_80cov,acc_at_80cov,risk_at_60cov,acc_at_60cov,risk_at_40cov,acc_at_40cov,failure_capture_at_20abst
gemma2_9b_it,arc_challenge,0,0.919732441471572,cheap_conf_option,extratrees,0.8674698795180723,0.9874872767085027,0.08634892185795391,0.10471088922911118,0.014962191856223954,0.011857550665800593,0.02777777777777779,0.9722222222222222,0.0,1.0,0.0,1.0,0.7142857142857143
gemma2_9b_it,arc_challenge,0,0.919732441471572,hidden_summaries,logreg,0.7969018932874354,0.9791876816644978,0.16591590530919045,0.2036810841692143,0.0228981665640105,0.01979352537358714,0.04166666666666663,0.9583333333333334,0.03703703703703709,0.9629629629629629,0.0,1.0,0.5714285714285714
gemma2_9b_it,arc_challenge,0,0.919732441471572,cheap_plus_summaries,hgb,0.8846815834767642,0.9897115304924976,0.06685887405832634,0.07905007232627785,0.012876708504249525,0.009772067313826164,0.02777777777777779,0.9722222222222222,0.0,1.0,0.0,1.0,0.7142857142857143
gemma2_9b_it,arc_challenge,0,0.919732441471572,pca_hidden,extratrees,0.846815834767642,0.9857132902869998,0.06410212750534106,0.05740000737489727,0.016698251304970765,0.013593610114547404,0.04166666666666663,0.9583333333333334,0.0,1.0,0.0,1.0,0.5714285714285714
gemma2_9b_it,arc_challenge,0,0.919732441471572,cheap_plus_pca_hidden,extratrees,0.8433734939759037,0.9853152568277659,0.06289486093594893,0.06676990356647537,0.017079545866107656,0.013974904675684295,0.04166666666666663,0.9583333333333334,0.0,1.0,0.0,1.0,0.5714285714285714
gemma2_9b_it,arc_challenge,0,0.919732441471572,contrastive_hidden,supcon_mlp,0.7641996557659209,0.9740307419531208,0.06456691774766488,0.02129085659980772,0.02780672128748853,0.02470208009706517,0.05555555555555558,0.9444444444444444,0.03703703703703709,0.9629629629629629,0.02777777777777779,0.9722222222222222,0.42857142857142855
gemma2_9b_it,arc_challenge,0,0.919732441471572,cheap_plus_contrastive,supcon_embedding_plus_logreg,0.8399311531841652,0.9836092825753191,0.07677460958575079,0.07611120836429497,0.018636347063231515,0.015531705872808154,0.02777777777777779,0.9722222222222222,0.01851851851851849,0.9814814814814815,0.0,1.0,0.7142857142857143
gemma2_9b_it,arc_challenge,1,0.919732441471572,cheap_conf_option,extratrees,0.9259896729776248,0.9932895798943441,0.05596050183187451,0.08239776696590174,0.00943268591653289,0.006328044726109528,0.01388888888888884,0.9861111111111112,0.0,1.0,0.0,1.0,0.8571428571428571
gemma2_9b_it,arc_challenge,1,0.919732441471572,hidden_summaries,extratrees,0.7469879518072289,0.9717703224697496,0.07787485709190929,0.07996202093085628,0.030072006049329796,0.026967364858906433,0.06944444444444442,0.9305555555555556,0.01851851851851849,0.9814814814814815,0.02777777777777779,0.9722222222222222,0.2857142857142857
gemma2_9b_it,arc_challenge,1,0.919732441471572,cheap_plus_summaries,mlp,0.9483648881239242,0.9955997839876471,0.050447281721289955,0.05346799592177078,0.007270353762529607,0.004165712572106246,0.01388888888888884,0.9861111111111112,0.0,1.0,0.0,1.0,0.8571428571428571
gemma2_9b_it,arc_challenge,1,0.919732441471572,pca_hidden,hgb,0.929432013769363,0.9941038308781256,0.07848655179555974,0.08013127707280998,0.008729335510791027,0.005624694320367666,0.01388888888888884,0.9861111111111112,0.0,1.0,0.0,1.0,0.8571428571428571
gemma2_9b_it,arc_challenge,1,0.919732441471572,cheap_plus_pca_hidden,mlp,0.9432013769363167,0.9952705540983138,0.05684257702605229,0.05196558201374251,0.007608114263687624,0.004503473073264263,0.01388888888888884,0.9861111111111112,0.0,1.0,0.0,1.0,0.8571428571428571
gemma2_9b_it,arc_challenge,1,0.919732441471572,contrastive_hidden,supcon_mlp,0.8141135972461273,0.9797090194396909,0.06566698768149874,0.032387038403087175,0.022361432642834016,0.019256791452410653,0.02777777777777779,0.9722222222222222,0.03703703703703709,0.9629629629629629,0.02777777777777779,0.9722222222222222,0.7142857142857143
gemma2_9b_it,arc_challenge,1,0.919732441471572,cheap_plus_contrastive,supcon_embedding_plus_logreg,0.9259896729776247,0.9936031706728216,0.08797400416923716,0.0876174683610404,0.009172779342548712,0.006068138152125351,0.01388888888888884,0.9861111111111112,0.0,1.0,0.0,1.0,0.8571428571428571
gemma2_9b_it,arc_challenge,2,0.919732441471572,cheap_conf_option,mlp,0.8450946643717728,0.984482102853938,0.05451174685250907,0.06056720872359589,0.017798562559742426,0.014693921369319065,0.04166666666666663,0.9583333333333334,0.01851851851851849,0.9814814814814815,0.0,1.0,0.5714285714285714
gemma2_9b_it,arc_challenge,2,0.919732441471572,hidden_summaries,logreg,0.865748709122203,0.9883689654105596,0.11073317035521398,0.1635991312134264,0.014227764279132795,0.011123123088709434,0.04166666666666663,0.9583333333333334,0.0,1.0,0.0,1.0,0.5714285714285714
gemma2_9b_it,arc_challenge,2,0.919732441471572,cheap_plus_summaries,logreg,0.8605851979345954,0.9863009933023209,0.10146830412394767,0.10902866557792411,0.016068284868231066,0.012963643677807704,0.02777777777777779,0.9722222222222222,0.01851851851851849,0.9814814814814815,0.0,1.0,0.7142857142857143
gemma2_9b_it,arc_challenge,2,0.919732441471572,pca_hidden,hgb,0.783132530120482,0.9776257509649979,0.07003638468378882,0.0695755656190839,0.024432350506868327,0.021327709316444968,0.04166666666666663,0.9583333333333334,0.05555555555555558,0.9444444444444444,0.0,1.0,0.5714285714285714
gemma2_9b_it,arc_challenge,2,0.919732441471572,cheap_plus_pca_hidden,hgb,0.864027538726334,0.9877876543515327,0.06492602697913034,0.07003001672174838,0.01473593755332011,0.011631296362896748,0.05555555555555558,0.9444444444444444,0.0,1.0,0.0,1.0,0.42857142857142855
gemma2_9b_it,arc_challenge,2,0.919732441471572,contrastive_hidden,supcon_mlp,0.6092943201376937,0.948711472433384,0.0707662180774819,0.04877902931637233,0.05255687162791978,0.049452230437496414,0.06944444444444442,0.9305555555555556,0.05555555555555558,0.9444444444444444,0.05555555555555558,0.9444444444444444,0.2857142857142857
gemma2_9b_it,arc_challenge,2,0.919732441471572,cheap_plus_contrastive,supcon_embedding_plus_logreg,0.6901893287435457,0.9660385418896946,0.0753855323408061,0.07502688576098027,0.03562380038482545,0.03251915919440209,0.05555555555555558,0.9444444444444444,0.05555555555555558,0.9444444444444444,0.02777777777777779,0.9722222222222222,0.42857142857142855
gemma2_9b_it,arc_challenge,3,0.919732441471572,cheap_conf_option,extratrees,0.9672977624784853,0.9973311310204092,0.05058884299445636,0.08954203544653092,0.00564598774613503,0.0025413465557116693,0.0,1.0,0.0,1.0,0.0,1.0,1.0
gemma2_9b_it,arc_challenge,3,0.919732441471572,hidden_summaries,extratrees,0.6161790017211703,0.951634588854493,0.07741488393553224,0.04067498137180174,0.04974135680764932,0.04663671561722596,0.08333333333333337,0.9166666666666666,0.05555555555555558,0.9444444444444444,0.02777777777777779,0.9722222222222222,0.14285714285714285
gemma2_9b_it,arc_challenge,3,0.919732441471572,cheap_plus_summaries,extratrees,0.8795180722891566,0.9880317687458919,0.05280980711761286,0.032031787101889676,0.014402514161676204,0.011297872971252843,0.02777777777777779,0.9722222222222222,0.01851851851851849,0.9814814814814815,0.0,1.0,0.7142857142857143
gemma2_9b_it,arc_challenge,3,0.919732441471572,pca_hidden,extratrees,0.8347676419965576,0.9843197789514462,0.06579513473707975,0.03726741381367289,0.01801898573810483,0.014914344547681467,0.02777777777777779,0.9722222222222222,0.01851851851851849,0.9814814814814815,0.0,1.0,0.7142857142857143
gemma2_9b_it,arc_challenge,3,0.919732441471572,cheap_plus_pca_hidden,extratrees,0.9483648881239243,0.9956331568710146,0.049429416791730754,0.05760412182228245,0.007242146139748365,0.004137504949325004,0.0,1.0,0.0,1.0,0.0,1.0,1.0
gemma2_9b_it,arc_challenge,3,0.919732441471572,contrastive_hidden,supcon_mlp,0.7710843373493976,0.97270575054542,0.06561721493029873,0.02986817426151702,0.029043451282525123,0.025938810092101763,0.04166666666666663,0.9583333333333334,0.03703703703703709,0.9629629629629629,0.02777777777777779,0.9722222222222222,0.5714285714285714
gemma2_9b_it,arc_challenge,3,0.919732441471572,cheap_plus_contrastive,supcon_embedding_plus_logreg,0.827882960413081,0.9818022427638583,0.07744904324774161,0.07707585526278182,0.020341032633041673,0.017236391442618314,0.04166666666666663,0.9583333333333334,0.03703703703703709,0.9629629629629629,0.0,1.0,0.5714285714285714
gemma2_9b_it,arc_challenge,4,0.919732441471572,cheap_conf_option,logreg,0.919104991394148,0.9927779199013491,0.13996114110064264,0.23780155745522166,0.009933063806529559,0.006828422616106198,0.02777777777777779,0.9722222222222222,0.0,1.0,0.0,1.0,0.7142857142857143
gemma2_9b_it,arc_challenge,4,0.919732441471572,hidden_summaries,logreg,0.8227194492254732,0.98280906009679,0.13275863140846905,0.16582847681387636,0.019442782918416356,0.016338141727992993,0.04166666666666663,0.9583333333333334,0.01851851851851849,0.9814814814814815,0.0,1.0,0.5714285714285714
gemma2_9b_it,arc_challenge,4,0.919732441471572,cheap_plus_summaries,mlp,0.8898450946643717,0.9905591170546966,0.08064136398655136,0.09281265512108806,0.012116910732431237,0.009012269542007876,0.02777777777777779,0.9722222222222222,0.0,1.0,0.0,1.0,0.7142857142857143
gemma2_9b_it,arc_challenge,4,0.919732441471572,pca_hidden,extratrees,0.7125645438898451,0.9663943106769763,0.06850711248275551,0.021701987254236693,0.035210523798307,0.032105882607883635,0.04166666666666663,0.9583333333333334,0.05555555555555558,0.9444444444444444,0.02777777777777779,0.9722222222222222,0.5714285714285714
gemma2_9b_it,arc_challenge,4,0.919732441471572,cheap_plus_pca_hidden,extratrees,0.8416523235800344,0.9857064361202466,0.06347203822142623,0.01599790652600916,0.016737732749981707,0.013633091559558346,0.04166666666666663,0.9583333333333334,0.0,1.0,0.0,1.0,0.5714285714285714
gemma2_9b_it,arc_challenge,4,0.919732441471572,contrastive_hidden,supcon_mlp,0.5266781411359724,0.9262168176389733,0.07264187210498324,0.03498567938804622,0.0755187532512631,0.07241411206083974,0.06944444444444442,0.9305555555555556,0.05555555555555558,0.9444444444444444,0.08333333333333337,0.9166666666666666,0.2857142857142857
gemma2_9b_it,arc_challenge,4,0.919732441471572,cheap_plus_contrastive,supcon_embedding_plus_logreg,0.6437177280550774,0.9511854258415292,0.08432370830781853,0.08571172511322973,0.05013343293177779,0.04702879174135443,0.05555555555555558,0.9444444444444444,0.03703703703703709,0.9629629629629629,0.05555555555555558,0.9444444444444444,0.42857142857142855
gemma2_9b_it,commonsenseqa,0,0.79,cheap_conf_option,logreg,0.8314245529435403,0.9494058020865301,0.16765618210961622,0.19295934462672804,0.06617416830761,0.0423952523646339,0.1166666666666667,0.8833333333333333,0.07222222222222219,0.9277777777777778,0.033333333333333326,0.9666666666666667,0.5555555555555556
gemma2_9b_it,commonsenseqa,0,0.79,hidden_summaries,logreg,0.7673966914473244,0.9297683623773141,0.18979669913732528,0.20720634206034774,0.0834222941205465,0.0596433781775704,0.15416666666666667,0.8458333333333333,0.10555555555555551,0.8944444444444445,0.04166666666666663,0.9583333333333334,0.4126984126984127
gemma2_9b_it,commonsenseqa,0,0.79,cheap_plus_summaries,logreg,0.8280088406670685,0.9421650942342659,0.162240297459543,0.18095311795089625,0.07198134210187124,0.04820242615889514,0.11250000000000004,0.8875,0.07777777777777772,0.9222222222222223,0.04166666666666663,0.9583333333333334,0.5714285714285714
gemma2_9b_it,commonsenseqa,0,0.79,pca_hidden,extratrees,0.7703435804701627,0.9193477593173136,0.14727127265851778,0.07625374033859579,0.0919165510570217,0.06813763511404561,0.15000000000000002,0.85,0.08333333333333337,0.9166666666666666,0.04166666666666663,0.9583333333333334,0.42857142857142855
gemma2_9b_it,commonsenseqa,0,0.79,cheap_plus_pca_hidden,extratrees,0.8237894313843681,0.9468288904107676,0.12925943134712356,0.04223810565220967,0.06838259752398641,0.044603681581010315,0.1333333333333333,0.8666666666666667,0.07777777777777772,0.9222222222222223,0.025000000000000022,0.975,0.49206349206349204
gemma2_9b_it,commonsenseqa,0,0.79,contrastive_hidden,supcon_mlp,0.7419462862500836,0.9082326850737243,0.17283794144040948,0.14742423486197623,0.10133493935872101,0.07755602341574491,0.14583333333333337,0.8541666666666666,0.12222222222222223,0.8777777777777778,0.06666666666666665,0.9333333333333333,0.4444444444444444
gemma2_9b_it,commonsenseqa,0,0.79,cheap_plus_contrastive,supcon_embedding_plus_logreg,0.7615029134016477,0.9191931798257943,0.1949626235084501,0.19228718807645867,0.0921203446771157,0.0683414287341396,0.14583333333333337,0.8541666666666666,0.09999999999999998,0.9,0.06666666666666665,0.9333333333333333,0.4444444444444444
gemma2_9b_it,commonsenseqa,1,0.79,cheap_conf_option,logreg,0.7925122228919698,0.9350692890793325,0.18279402424409785,0.1903924842761114,0.0784113386696512,0.05463242272667511,0.1333333333333333,0.8666666666666667,0.11111111111111116,0.8888888888888888,0.06666666666666665,0.9333333333333333,0.49206349206349204
gemma2_9b_it,commonsenseqa,1,0.79,hidden_summaries,logreg,0.7615029134016476,0.9157332037853797,0.1867346287083743,0.2038527532256897,0.09464728823682733,0.07086837229385123,0.13749999999999996,0.8625,0.09999999999999998,0.9,0.09166666666666667,0.9083333333333333,0.47619047619047616
gemma2_9b_it,commonsenseqa,1,0.79,cheap_plus_summaries,extratrees,0.7824660103141116,0.9309485222737479,0.14126708381813255,0.059202892579538716,0.0819217814718241,0.05814286552884801,0.13749999999999996,0.8625,0.09999999999999998,0.9,0.06666666666666665,0.9333333333333333,0.47619047619047616
gemma2_9b_it,commonsenseqa,1,0.79,pca_hidden,extratrees,0.7744960150023441,0.9245984900080944,0.14432384546233995,0.09818287987126055,0.08717533582510881,0.06339641988213271,0.125,0.875,0.11111111111111116,0.8888888888888888,0.06666666666666665,0.9333333333333333,0.5238095238095238
gemma2_9b_it,commonsenseqa,1,0.79,cheap_plus_pca_hidden,hgb,0.8056392739937044,0.941659360208568,0.155383674531938,0.1260739366717465,0.07296529762924278,0.049186381686266684,0.12916666666666665,0.8708333333333333,0.10555555555555551,0.8944444444444445,0.025000000000000022,0.975,0.5079365079365079
gemma2_9b_it,commonsenseqa,1,0.79,contrastive_hidden,supcon_mlp,0.753968253968254,0.9045511721776935,0.16998743782979542,0.14896370054882838,0.105283246709045,0.0815043307660689,0.14166666666666672,0.8583333333333333,0.11111111111111116,0.8888888888888888,0.07499999999999996,0.925,0.4603174603174603
gemma2_9b_it,commonsenseqa,1,0.79,cheap_plus_contrastive,supcon_embedding_plus_logreg,0.7533319938383229,0.9078838893995866,0.19809502474722337,0.19646654250615905,0.10153874089483689,0.07775982495186079,0.13749999999999996,0.8625,0.09999999999999998,0.9,0.08333333333333337,0.9166666666666666,0.47619047619047616
gemma2_9b_it,commonsenseqa,2,0.79,cheap_conf_option,extratrees,0.8455562253030607,0.9522861099880555,0.1286608506438922,0.08069312873087008,0.06351601572810535,0.03973709978512925,0.1166666666666667,0.8833333333333333,0.07777777777777772,0.9222222222222223,0.025000000000000022,0.975,0.5555555555555556
gemma2_9b_it,commonsenseqa,2,0.79,hidden_summaries,logreg,0.7982050766860892,0.9388182505994336,0.18871944823236325,0.22616749564548835,0.07535414276926694,0.05157522682629084,0.14166666666666672,0.8583333333333333,0.09999999999999998,0.9,0.033333333333333326,0.9666666666666667,0.4603174603174603
gemma2_9b_it,commonsenseqa,2,0.79,cheap_plus_summaries,extratrees,0.8567410086397428,0.9546007081793169,0.11878554267044471,0.07002859393871899,0.06141915835522089,0.0376402424122448,0.10833333333333328,0.8916666666666667,0.061111111111111116,0.9388888888888889,0.033333333333333326,0.9666666666666667,0.5873015873015873
gemma2_9b_it,commonsenseqa,2,0.79,pca_hidden,extratrees,0.833500770209631,0.9469253272821999,0.1366010409893686,0.11600928856536541,0.06804712025375068,0.04426820431077458,0.1166666666666667,0.8833333333333333,0.05555555555555558,0.9444444444444444,0.050000000000000044,0.95,0.5555555555555556
gemma2_9b_it,commonsenseqa,2,0.79,cheap_plus_pca_hidden,extratrees,0.860692518920367,0.956865058988942,0.11666185358279918,0.0707391682428718,0.05956867921432115,0.03578976327134506,0.09999999999999998,0.9,0.06666666666666665,0.9333333333333333,0.04166666666666663,0.9583333333333334,0.6190476190476191
gemma2_9b_it,commonsenseqa,2,0.79,contrastive_hidden,supcon_mlp,0.7552072868528565,0.9165246497939634,0.1652027717540853,0.15376376192357077,0.09418698697675468,0.07040807103377858,0.15000000000000002,0.85,0.09999999999999998,0.9,0.06666666666666665,0.9333333333333333,0.42857142857142855
gemma2_9b_it,commonsenseqa,2,0.79,cheap_plus_contrastive,supcon_embedding_plus_logreg,0.7702766057196437,0.9170641423093957,0.18751264367732423,0.19018242153154097,0.09343180794196707,0.06965289199899097,0.15000000000000002,0.85,0.09444444444444444,0.9055555555555556,0.07499999999999996,0.925,0.42857142857142855
gemma2_9b_it,commonsenseqa,3,0.79,cheap_conf_option,logreg,0.8160873350746769,0.9406381640871238,0.17423384234544875,0.19155477012071093,0.07337990922840482,0.04960099328542872,0.125,0.875,0.07777777777777772,0.9222222222222223,0.050000000000000044,0.95,0.5238095238095238
gemma2_9b_it,commonsenseqa,3,0.79,hidden_summaries,logreg,0.7955930614158463,0.9262538767289006,0.18429145174588454,0.21489279315477783,0.08566923704169903,0.06189032109872293,0.14166666666666672,0.8583333333333333,0.07222222222222219,0.9277777777777778,0.050000000000000044,0.95,0.4603174603174603
gemma2_9b_it,commonsenseqa,3,0.79,cheap_plus_summaries,extratrees,0.8201727948563392,0.9440161923932825,0.12943870100856253,0.05402573759334254,0.07062753594584043,0.04684862000286433,0.12916666666666665,0.8708333333333333,0.07222222222222219,0.9277777777777778,0.04166666666666663,0.9583333333333334,0.5079365079365079
gemma2_9b_it,commonsenseqa,3,0.79,pca_hidden,logreg,0.8214453151162012,0.9400438392224564,0.15977362344719367,0.1643206716320622,0.07372747714538858,0.04994856120241248,0.1166666666666667,0.8833333333333333,0.07777777777777772,0.9222222222222223,0.05833333333333335,0.9416666666666667,0.5555555555555556
gemma2_9b_it,commonsenseqa,3,0.79,cheap_plus_pca_hidden,extratrees,0.8168240573303864,0.9361680943927333,0.12827115992446173,0.048669784011421094,0.07700946933740985,0.05323055339443375,0.1166666666666667,0.8833333333333333,0.06666666666666665,0.9333333333333333,0.050000000000000044,0.95,0.5555555555555556
gemma2_9b_it,commonsenseqa,3,0.79,contrastive_hidden,supcon_mlp,0.7603308552675642,0.8977522031819614,0.16648041884543296,0.13915966788617268,0.10999117277680132,0.08621225683382522,0.1333333333333333,0.8666666666666667,0.09999999999999998,0.9,0.06666666666666665,0.9333333333333333,0.49206349206349204
gemma2_9b_it,commonsenseqa,3,0.79,cheap_plus_contrastive,supcon_embedding_plus_logreg,0.774429040251825,0.9227321962633896,0.19187890723574025,0.19086510297297182,0.0887332411481156,0.0649543252051395,0.12916666666666665,0.8708333333333333,0.09444444444444444,0.9055555555555556,0.06666666666666665,0.9333333333333333,0.5079365079365079
gemma2_9b_it,commonsenseqa,4,0.79,cheap_conf_option,logreg,0.779251222289197,0.9297957690927618,0.1793011858481943,0.16912490863309707,0.08293953226956587,0.05916061632658977,0.13749999999999996,0.8625,0.09444444444444444,0.9055555555555556,0.06666666666666665,0.9333333333333333,0.47619047619047616
gemma2_9b_it,commonsenseqa,4,0.79,hidden_summaries,logreg,0.7344451141919497,0.9020936465742052,0.197073472178088,0.2028769568442377,0.1071821227778669,0.0834032068348908,0.16249999999999998,0.8375,0.11111111111111116,0.8888888888888888,0.06666666666666665,0.9333333333333333,0.38095238095238093
gemma2_9b_it,commonsenseqa,4,0.79,cheap_plus_summaries,logreg,0.7772419797736254,0.9265801560816591,0.17633388060638655,0.15757875117799566,0.08552533898962754,0.06174642304665144,0.13749999999999996,0.8625,0.10555555555555551,0.8944444444444445,0.05833333333333335,0.9416666666666667,0.47619047619047616
gemma2_9b_it,commonsenseqa,4,0.79,pca_hidden,extratrees,0.7280825128926394,0.9046696896323216,0.15189665010839637,0.05437036812799676,0.104811623985188,0.0810327080422119,0.16666666666666663,0.8333333333333334,0.10555555555555551,0.8944444444444445,0.09999999999999998,0.9,0.36507936507936506
gemma2_9b_it,commonsenseqa,4,0.79,cheap_plus_pca_hidden,extratrees,0.7593597213850378,0.9252992257762596,0.14754880383678806,0.07137515809010464,0.08709660904557663,0.06331769310260053,0.15416666666666667,0.8458333333333333,0.10555555555555551,0.8944444444444445,0.06666666666666665,0.9333333333333333,0.4126984126984127
gemma2_9b_it,commonsenseqa,4,0.79,contrastive_hidden,supcon_mlp,0.6592324693590517,0.8647607913342067,0.1884532901062139,0.16173744010418892,0.1400211851297198,0.11624226918674371,0.15833333333333333,0.8416666666666667,0.15555555555555556,0.8444444444444444,0.1333333333333333,0.8666666666666667,0.3968253968253968
gemma2_9b_it,commonsenseqa,4,0.79,cheap_plus_contrastive,supcon_embedding_plus_logreg,0.6970732034023173,0.880998541016408,0.2047012531243342,0.20046974239659726,0.12596833263098034,0.10218941668800424,0.15833333333333333,0.8416666666666667,0.1333333333333333,0.8666666666666667,0.10833333333333328,0.8916666666666667,0.3968253968253968
gemma2_9b_it,hellaswag,0,0.779,cheap_conf_option,logreg,0.7841232841232842,0.9279311227139786,0.1993969962003008,0.2294759568341214,0.08640016735050139,0.06020049246426383,0.14583333333333337,0.8541666666666666,0.09999999999999998,0.9,0.05833333333333335,0.9416666666666667,0.4696969696969697
gemma2_9b_it,hellaswag,0,0.779,hidden_summaries,logreg,0.7512950012950014,0.9181039518542063,0.2061177944797533,0.225885696841443,0.09508103897775061,0.06888136409151305,0.16249999999999998,0.8375,0.12222222222222223,0.8777777777777778,0.06666666666666665,0.9333333333333333,0.4090909090909091
gemma2_9b_it,hellaswag,0,0.779,cheap_plus_summaries,extratrees,0.7832167832167831,0.924165196812041,0.1503331159443366,0.0950402650458,0.08931571443399137,0.06311603954775381,0.1333333333333333,0.8666666666666667,0.09999999999999998,0.9,0.050000000000000044,0.95,0.5151515151515151
gemma2_9b_it,hellaswag,0,0.779,pca_hidden,extratrees,0.7582880082880082,0.9154531311776923,0.15498547815012423,0.06799256126681451,0.09703085509763301,0.07083118021139545,0.15000000000000002,0.85,0.10555555555555551,0.8944444444444445,0.050000000000000044,0.95,0.45454545454545453
gemma2_9b_it,hellaswag,0,0.779,cheap_plus_pca_hidden,extratrees,0.7858067858067859,0.9245808599299032,0.14450438610388558,0.0654320182833817,0.08891298520872783,0.06271331032249026,0.14166666666666672,0.8583333333333333,0.11111111111111116,0.8888888888888888,0.05833333333333335,0.9416666666666667,0.48484848484848486
gemma2_9b_it,hellaswag,0,0.779,contrastive_hidden,supcon_mlp,0.6876456876456877,0.8743883160792819,0.2068246298445335,0.20033948605414992,0.1325478733695883,0.10634819848335073,0.17083333333333328,0.8291666666666667,0.15555555555555556,0.8444444444444444,0.09166666666666667,0.9083333333333333,0.3787878787878788
gemma2_9b_it,hellaswag,0,0.779,cheap_plus_contrastive,supcon_embedding_plus_logreg,0.7016964516964517,0.8884259544619382,0.23599202908167768,0.24210559068585844,0.12037941328461624,0.09417973839837868,0.17083333333333328,0.8291666666666667,0.1333333333333333,0.8666666666666667,0.09166666666666667,0.9083333333333333,0.3787878787878788
gemma2_9b_it,hellaswag,1,0.779,cheap_conf_option,logreg,0.7683242683242684,0.9204401825172945,0.19615504679831958,0.22010909863763464,0.09266351437451037,0.06646383948827281,0.13749999999999996,0.8625,0.12222222222222223,0.8777777777777778,0.08333333333333337,0.9166666666666666,0.5
gemma2_9b_it,hellaswag,1,0.779,hidden_summaries,logreg,0.7449494949494948,0.9078241375413454,0.20675797609691354,0.22791890950569665,0.1034421984544962,0.07724252356825864,0.16249999999999998,0.8375,0.11111111111111116,0.8888888888888888,0.06666666666666665,0.9333333333333333,0.4090909090909091
gemma2_9b_it,hellaswag,1,0.779,cheap_plus_summaries,logreg,0.76010101010101,0.9188230661710268,0.19961899741261852,0.2135761792821101,0.09421115845483802,0.06801148356860046,0.15000000000000002,0.85,0.09999999999999998,0.9,0.07499999999999996,0.925,0.45454545454545453
gemma2_9b_it,hellaswag,1,0.779,pca_hidden,extratrees,0.7472804972804973,0.9108088450954985,0.15490356092129484,0.0590877565635207,0.10096363389992816,0.0747639590136906,0.15833333333333333,0.8416666666666667,0.12222222222222223,0.8777777777777778,0.06666666666666665,0.9333333333333333,0.42424242424242425
gemma2_9b_it,hellaswag,1,0.779,cheap_plus_pca_hidden,extratrees,0.7562160062160062,0.9128495977032529,0.14770335732389234,0.050154739745399676,0.09900969473168128,0.07281001984544372,0.14583333333333337,0.8541666666666666,0.1166666666666667,0.8833333333333333,0.08333333333333337,0.9166666666666666,0.4696969696969697
gemma2_9b_it,hellaswag,1,0.779,contrastive_hidden,supcon_mlp,0.7344599844599845,0.9007307468020465,0.18664065675286914,0.16556622685032685,0.10942601039651256,0.083226335510275,0.16249999999999998,0.8375,0.1166666666666667,0.8833333333333333,0.08333333333333337,0.9166666666666666,0.4090909090909091
gemma2_9b_it,hellaswag,1,0.779,cheap_plus_contrastive,supcon_embedding_plus_logreg,0.7398342398342399,0.9089335915008808,0.21467845440799002,0.2163948315477433,0.1026406445315961,0.07644096964535854,0.16249999999999998,0.8375,0.1166666666666667,0.8833333333333333,0.08333333333333337,0.9166666666666666,0.4090909090909091
gemma2_9b_it,hellaswag,2,0.779,cheap_conf_option,logreg,0.787037037037037,0.9279689237078104,0.19305123875711286,0.22092868210539246,0.08625097965396147,0.06005130476772391,0.14583333333333337,0.8541666666666666,0.09999999999999998,0.9,0.05833333333333335,0.9416666666666667,0.4696969696969697
gemma2_9b_it,hellaswag,2,0.779,hidden_summaries,logreg,0.7804972804972805,0.9282173479773261,0.1947894292029855,0.22190531103238573,0.08625296901014866,0.0600532941239111,0.14583333333333337,0.8541666666666666,0.09999999999999998,0.9,0.06666666666666665,0.9333333333333333,0.4696969696969697
gemma2_9b_it,hellaswag,2,0.779,cheap_plus_summaries,logreg,0.789044289044289,0.9270970414061317,0.19094308401073468,0.21506494459698502,0.0868076617161136,0.06060798682987603,0.13749999999999996,0.8625,0.09444444444444444,0.9055555555555556,0.05833333333333335,0.9416666666666667,0.5
gemma2_9b_it,hellaswag,2,0.779,pca_hidden,logreg,0.7915695415695415,0.9277970506331157,0.1727696392753953,0.16646468900508427,0.08617266458935055,0.05997298970311299,0.14583333333333337,0.8541666666666666,0.09999999999999998,0.9,0.08333333333333337,0.9166666666666666,0.4696969696969697
gemma2_9b_it,hellaswag,2,0.779,cheap_plus_pca_hidden,extratrees,0.7972675472675472,0.9319192770299077,0.14108234711723844,0.06733627284373829,0.08285565130253013,0.05665597641629257,0.15000000000000002,0.85,0.09444444444444444,0.9055555555555556,0.05833333333333335,0.9416666666666667,0.45454545454545453
gemma2_9b_it,hellaswag,2,0.779,contrastive_hidden,supcon_mlp,0.7449494949494949,0.9022527327156826,0.16311837412536462,0.1380445122276484,0.10786085903662412,0.08166118415038656,0.14583333333333337,0.8541666666666666,0.1166666666666667,0.8833333333333333,0.09166666666666667,0.9083333333333333,0.4696969696969697
gemma2_9b_it,hellaswag,2,0.779,cheap_plus_contrastive,supcon_embedding_plus_logreg,0.7602952602952603,0.9131239521824829,0.19054168545112976,0.19301364997670833,0.09867572225995472,0.07247604737371716,0.14166666666666672,0.8583333333333333,0.1166666666666667,0.8833333333333333,0.07499999999999996,0.925,0.48484848484848486
gemma2_9b_it,hellaswag,3,0.779,cheap_conf_option,logreg,0.8054908054908055,0.9362221195328534,0.190817808861318,0.23131060640069084,0.07926646099997592,0.05306678611373836,0.1333333333333333,0.8666666666666667,0.0888888888888889,0.9111111111111111,0.07499999999999996,0.925,0.5151515151515151
gemma2_9b_it,hellaswag,3,0.779,hidden_summaries,logreg,0.7656695156695157,0.9112258356198566,0.20644298777414097,0.24293219626297927,0.10047430166185435,0.07427462677561679,0.15416666666666667,0.8458333333333333,0.09999999999999998,0.9,0.08333333333333337,0.9166666666666666,0.4393939393939394
gemma2_9b_it,hellaswag,3,0.779,cheap_plus_summaries,logreg,0.7916990416990417,0.9234804412453845,0.18983034552467565,0.2189147240733076,0.089647182046106,0.06344750715986844,0.14583333333333337,0.8541666666666666,0.09444444444444444,0.9055555555555556,0.05833333333333335,0.9416666666666667,0.4696969696969697
gemma2_9b_it,hellaswag,3,0.779,pca_hidden,logreg,0.7874255374255374,0.9217823780527332,0.1868326816271347,0.19953618048560262,0.0910921851002097,0.06489251021397213,0.1333333333333333,0.8666666666666667,0.09999999999999998,0.9,0.06666666666666665,0.9333333333333333,0.5151515151515151
gemma2_9b_it,hellaswag,3,0.779,cheap_plus_pca_hidden,extratrees,0.8078218078218078,0.9371857865135222,0.13875698605480166,0.06731925291203515,0.07841139715422593,0.05221172226798837,0.12916666666666665,0.8708333333333333,0.09444444444444444,0.9055555555555556,0.050000000000000044,0.95,0.5303030303030303
gemma2_9b_it,hellaswag,3,0.779,contrastive_hidden,supcon_mlp,0.73996373996374,0.912871314178002,0.1779957280284033,0.16122785873458872,0.09956481721063863,0.07336514232440107,0.15000000000000002,0.85,0.1333333333333333,0.8666666666666667,0.08333333333333337,0.9166666666666666,0.45454545454545453
gemma2_9b_it,hellaswag,3,0.779,cheap_plus_contrastive,supcon_embedding_plus_logreg,0.7455322455322455,0.9141512782858843,0.20167151288978882,0.20055285022158303,0.0983700781394414,0.07217040325320384,0.15416666666666667,0.8458333333333333,0.12222222222222223,0.8777777777777778,0.07499999999999996,0.925,0.4393939393939394
gemma2_9b_it,hellaswag,4,0.779,cheap_conf_option,logreg,0.7764180264180264,0.9229375579635388,0.20649931062578464,0.23847940267340892,0.09045569879732414,0.06425602391108658,0.15000000000000002,0.85,0.09999999999999998,0.9,0.07499999999999996,0.925,0.45454545454545453
gemma2_9b_it,hellaswag,4,0.779,hidden_summaries,extratrees,0.7436544936544937,0.9109484229937054,0.16144929301520194,0.09549190525224459,0.10096540474637784,0.07476572986014028,0.15833333333333333,0.8416666666666667,0.11111111111111116,0.8888888888888888,0.08333333333333337,0.9166666666666666,0.42424242424242425
gemma2_9b_it,hellaswag,4,0.779,cheap_plus_summaries,extratrees,0.7727272727272728,0.918685552488162,0.15323955866296948,0.0957249184983124,0.09390007768954432,0.06770040280330676,0.14583333333333337,0.8541666666666666,0.11111111111111116,0.8888888888888888,0.08333333333333337,0.9166666666666666,0.4696969696969697
gemma2_9b_it,hellaswag,4,0.779,pca_hidden,extratrees,0.7737632737632738,0.9213049966513751,0.1521161954180755,0.09256881130068548,0.09182641692663926,0.0656267420404017,0.16249999999999998,0.8375,0.09999999999999998,0.9,0.07499999999999996,0.925,0.4090909090909091
gemma2_9b_it,hellaswag,4,0.779,cheap_plus_pca_hidden,extratrees,0.7753820253820254,0.9199553145750747,0.14453322763874296,0.06823750745299759,0.09281841612285077,0.06661874123661321,0.14583333333333337,0.8541666666666666,0.1166666666666667,0.8833333333333333,0.07499999999999996,0.925,0.4696969696969697
gemma2_9b_it,hellaswag,4,0.779,contrastive_hidden,supcon_mlp,0.7403522403522405,0.9042455747480956,0.1752015518202887,0.14479397438971275,0.10640745669429807,0.08020778180806051,0.16249999999999998,0.8375,0.10555555555555551,0.8944444444444445,0.08333333333333337,0.9166666666666666,0.4090909090909091
gemma2_9b_it,hellaswag,4,0.779,cheap_plus_contrastive,supcon_embedding_plus_logreg,0.7534317534317535,0.9143049152734278,0.20483769371909125,0.2065385326392508,0.097970554030499,0.07177087914426143,0.15416666666666667,0.8458333333333333,0.10555555555555551,0.8944444444444445,0.08333333333333337,0.9166666666666666,0.4393939393939394
gemma2_9b_it,mmlu,0,0.727,cheap_conf_option,logreg,0.8788319534571493,0.9546268500681191,0.13927508774838665,0.11160317147507594,0.07699896434880868,0.035681751674126835,0.15416666666666667,0.8458333333333333,0.07777777777777772,0.9222222222222223,0.01666666666666672,0.9833333333333333,0.5487804878048781
gemma2_9b_it,mmlu,0,0.727,hidden_summaries,logreg,0.8698814052360707,0.9472044648636873,0.1419981286342332,0.11858498110999426,0.08245324113071152,0.04113602845602968,0.16666666666666663,0.8333333333333334,0.08333333333333337,0.9166666666666666,0.025000000000000022,0.975,0.5121951219512195
gemma2_9b_it,mmlu,0,0.727,cheap_plus_summaries,extratrees,0.8926493622734393,0.9589831929418421,0.11705344373306109,0.059516429446674506,0.07330041868056143,0.03198320600587959,0.16249999999999998,0.8375,0.07222222222222219,0.9277777777777778,0.025000000000000022,0.975,0.524390243902439
gemma2_9b_it,mmlu,0,0.727,pca_hidden,logreg,0.8594204520026851,0.9436836007623601,0.14723355085794482,0.10353594176661925,0.08551702072347855,0.04419980804879671,0.1791666666666667,0.8208333333333333,0.07777777777777772,0.9222222222222223,0.033333333333333326,0.9666666666666667,0.47560975609756095
gemma2_9b_it,mmlu,0,0.727,cheap_plus_pca_hidden,extratrees,0.9025509062430074,0.9625088229255956,0.11217904158637614,0.061079965833293476,0.07045931496406714,0.029142102289385297,0.15833333333333333,0.8416666666666667,0.05555555555555558,0.9444444444444444,0.01666666666666672,0.9833333333333333,0.5365853658536586
gemma2_9b_it,mmlu,0,0.727,contrastive_hidden,supcon_mlp,0.8348903557842917,0.9302786429763097,0.16864315578282113,0.14597092189843303,0.09590800106775797,0.05459078839307613,0.17500000000000004,0.825,0.10555555555555551,0.8944444444444445,0.04166666666666663,0.9583333333333334,0.4878048780487805
gemma2_9b_it,mmlu,0,0.727,cheap_plus_contrastive,supcon_embedding_plus_logreg,0.8288207652718729,0.9256237737228663,0.20077948506043564,0.20004672475887147,0.09963834043989633,0.05832112776521449,0.17500000000000004,0.825,0.10555555555555551,0.8944444444444445,0.04166666666666663,0.9583333333333334,0.4878048780487805
gemma2_9b_it,mmlu,1,0.727,cheap_conf_option,logreg,0.8786081897516222,0.9555097859412499,0.13938813277816434,0.11119295224449163,0.07643705360365619,0.03511984092897434,0.16666666666666663,0.8333333333333334,0.07222222222222219,0.9277777777777778,0.008333333333333304,0.9916666666666667,0.5121951219512195
gemma2_9b_it,mmlu,1,0.727,hidden_summaries,logreg,0.8806780040277467,0.9525971222177594,0.13745193153234075,0.11945789989351582,0.07831803810470404,0.0370008254300222,0.15833333333333333,0.8416666666666667,0.06666666666666665,0.9333333333333333,0.01666666666666672,0.9833333333333333,0.5365853658536586
gemma2_9b_it,mmlu,1,0.727,cheap_plus_summaries,logreg,0.9009286193779369,0.9630126487139968,0.1270059152034046,0.09974915035826175,0.0702086806300269,0.028891467955345057,0.15416666666666667,0.8458333333333333,0.061111111111111116,0.9388888888888889,0.01666666666666672,0.9833333333333333,0.5487804878048781
gemma2_9b_it,mmlu,1,0.727,pca_hidden,logreg,0.8868315059297383,0.9569754673145072,0.13117757000792263,0.08279871565550315,0.07495749141222992,0.033640278737548074,0.15000000000000002,0.85,0.06666666666666665,0.9333333333333333,0.008333333333333304,0.9916666666666667,0.5609756097560976
gemma2_9b_it,mmlu,1,0.727,cheap_plus_pca_hidden,hgb,0.909543522040725,0.9651491249651304,0.11610326264040846,0.08112453416638699,0.06831981901795288,0.027002606343271035,0.14166666666666672,0.8583333333333333,0.061111111111111116,0.9388888888888889,0.025000000000000022,0.975,0.5853658536585366
gemma2_9b_it,mmlu,1,0.727,contrastive_hidden,supcon_mlp,0.8768180801074066,0.9508018317626389,0.14052797805938455,0.10335837516254844,0.07970028239443111,0.038383069719749266,0.15000000000000002,0.85,0.08333333333333337,0.9166666666666666,0.025000000000000022,0.975,0.5609756097560976
gemma2_9b_it,mmlu,1,0.727,cheap_plus_contrastive,supcon_embedding_plus_logreg,0.8786641306780041,0.9498807566870584,0.16201346368384836,0.15977157730569483,0.08028105347557898,0.03896384080089714,0.15416666666666667,0.8458333333333333,0.07777777777777772,0.9222222222222223,0.033333333333333326,0.9666666666666667,0.5487804878048781
gemma2_9b_it,mmlu,2,0.727,cheap_conf_option,logreg,0.8594204520026851,0.9457170203111178,0.14660818985330973,0.1125844059217175,0.08413594715199235,0.04281873447731051,0.18333333333333335,0.8166666666666667,0.07777777777777772,0.9222222222222223,0.01666666666666672,0.9833333333333333,0.4634146341463415
gemma2_9b_it,mmlu,2,0.727,hidden_summaries,logreg,0.8315618706645782,0.9280458664393578,0.15952003060005793,0.1125844620010662,0.09779401659786541,0.05647680392318356,0.1875,0.8125,0.09444444444444444,0.9055555555555556,0.04166666666666663,0.9583333333333334,0.45121951219512196
gemma2_9b_it,mmlu,2,0.727,cheap_plus_summaries,extratrees,0.8680353546654733,0.9475342339420575,0.12748541061224533,0.0640817859106543,0.08241800845041304,0.0411007957757312,0.17500000000000004,0.825,0.07777777777777772,0.9222222222222223,0.033333333333333326,0.9666666666666667,0.4878048780487805
gemma2_9b_it,mmlu,2,0.727,pca_hidden,logreg,0.8421906466771091,0.9382041312788881,0.16386490201337225,0.10681024357980917,0.09003361121104904,0.048716398536367195,0.1791666666666667,0.8208333333333333,0.11111111111111116,0.8888888888888888,0.033333333333333326,0.9666666666666667,0.47560975609756095
gemma2_9b_it,mmlu,2,0.727,cheap_plus_pca_hidden,extratrees,0.872230924144104,0.9521550187180712,0.12728126204626894,0.05567099410550213,0.07902376713964154,0.0377065544649597,0.1791666666666667,0.8208333333333333,0.06666666666666665,0.9333333333333333,0.025000000000000022,0.975,0.47560975609756095
gemma2_9b_it,mmlu,2,0.727,contrastive_hidden,supcon_mlp,0.7799843365406132,0.8861985080265907,0.1975397957255997,0.17803518112749117,0.13179166694032535,0.0904744542656435,0.1958333333333333,0.8041666666666667,0.1333333333333333,0.8666666666666667,0.08333333333333337,0.9166666666666666,0.4268292682926829
gemma2_9b_it,mmlu,2,0.727,cheap_plus_contrastive,supcon_embedding_plus_logreg,0.8149474155292012,0.9219139485837312,0.21667369449683002,0.2147535828807482,0.10279871130749643,0.06148149863281459,0.19166666666666665,0.8083333333333333,0.1166666666666667,0.8833333333333333,0.05833333333333335,0.9416666666666667,0.43902439024390244
gemma2_9b_it,mmlu,3,0.727,cheap_conf_option,logreg,0.8353658536585366,0.9387252737370508,0.1776003945953785,0.1607387093803161,0.09017230814815955,0.0488550954734777,0.19999999999999996,0.8,0.10555555555555551,0.8944444444444445,0.025000000000000022,0.975,0.4146341463414634
gemma2_9b_it,mmlu,3,0.727,hidden_summaries,extratrees,0.8285410606399642,0.9294699954287594,0.14690255279324616,0.06284213301173619,0.09673009440073044,0.05541288172604859,0.17500000000000004,0.825,0.1166666666666667,0.8833333333333333,0.05833333333333335,0.9416666666666667,0.4878048780487805
gemma2_9b_it,mmlu,3,0.727,cheap_plus_summaries,extratrees,0.8526515999104946,0.9429305201501501,0.1382906204445166,0.060145583540320485,0.08632878082828709,0.04501156815360524,0.1875,0.8125,0.07777777777777772,0.9222222222222223,0.033333333333333326,0.9666666666666667,0.45121951219512196
gemma2_9b_it,mmlu,3,0.727,pca_hidden,extratrees,0.8614902662788096,0.945976457801883,0.13515772849933483,0.10500674871704203,0.08367841730717014,0.0423612046324883,0.15833333333333333,0.8416666666666667,0.11111111111111116,0.8888888888888888,0.01666666666666672,0.9833333333333333,0.5365853658536586
gemma2_9b_it,mmlu,3,0.727,cheap_plus_pca_hidden,extratrees,0.8701611098679795,0.949499401715612,0.13150815929099843,0.05731978682482559,0.08084877643583624,0.039531563761154395,0.17083333333333328,0.8291666666666667,0.07777777777777772,0.9222222222222223,0.033333333333333326,0.9666666666666667,0.5
gemma2_9b_it,mmlu,3,0.727,contrastive_hidden,supcon_mlp,0.8516446632356232,0.9432466301485092,0.16254961908313148,0.1419620863443318,0.08615235643095094,0.0448351437562691,0.1875,0.8125,0.0888888888888889,0.9111111111111111,0.033333333333333326,0.9666666666666667,0.45121951219512196
gemma2_9b_it,mmlu,3,0.727,cheap_plus_contrastive,supcon_embedding_plus_logreg,0.8450436339225779,0.9387732660750028,0.1927851137782924,0.18798884636067426,0.08955715468825023,0.04823994201356839,0.18333333333333335,0.8166666666666667,0.09444444444444444,0.9055555555555556,0.025000000000000022,0.975,0.4634146341463415
gemma2_9b_it,mmlu,4,0.727,cheap_conf_option,mlp,0.8766502573282614,0.9536933978697416,0.1262047018719822,0.06239427901804446,0.07788651290528399,0.03656930023060215,0.1791666666666667,0.8208333333333333,0.061111111111111116,0.9388888888888889,0.01666666666666672,0.9833333333333333,0.47560975609756095
gemma2_9b_it,mmlu,4,0.727,hidden_summaries,logreg,0.8435332289102707,0.9411284336742345,0.16695094363737545,0.1541499229338099,0.0880151256700532,0.04669791299537135,0.18333333333333335,0.8166666666666667,0.09444444444444444,0.9055555555555556,0.033333333333333326,0.9666666666666667,0.4634146341463415
gemma2_9b_it,mmlu,4,0.727,cheap_plus_summaries,extratrees,0.8744126202729917,0.9476688486701381,0.1276883573905583,0.058561875786906255,0.08233072112233526,0.04101350844765342,0.17083333333333328,0.8291666666666667,0.061111111111111116,0.9388888888888889,0.01666666666666672,0.9833333333333333,0.5
gemma2_9b_it,mmlu,4,0.727,pca_hidden,extratrees,0.8774893712239875,0.9540437320732797,0.13498382808336767,0.08930708485411061,0.0775050355547696,0.03618782288008776,0.16666666666666663,0.8333333333333334,0.08333333333333337,0.9166666666666666,0.01666666666666672,0.9833333333333333,0.5121951219512195
gemma2_9b_it,mmlu,4,0.727,cheap_plus_pca_hidden,extratrees,0.8819087044081451,0.952301840555984,0.12264366101063028,0.07769474131275105,0.07872925486363946,0.03741204218895762,0.17500000000000004,0.825,0.06666666666666665,0.9333333333333333,0.01666666666666672,0.9833333333333333,0.4878048780487805
gemma2_9b_it,mmlu,4,0.727,contrastive_hidden,supcon_mlp,0.8275341239650928,0.920487101954183,0.16954765443561645,0.1446049156618149,0.10346409557381905,0.06214688289913721,0.18333333333333335,0.8166666666666667,0.11111111111111116,0.8888888888888888,0.04166666666666663,0.9583333333333334,0.4634146341463415
gemma2_9b_it,mmlu,4,0.727,cheap_plus_contrastive,supcon_embedding_plus_logreg,0.8415193555605281,0.9361412885555039,0.19884110373302502,0.19544704212315622,0.0914773648460785,0.05016015217139666,0.1791666666666667,0.8208333333333333,0.09999999999999998,0.9,0.04166666666666663,0.9583333333333334,0.47560975609756095
llama31_8b_instruct,arc_challenge,0,0.7993311036789298,cheap_conf_option,logreg,0.8966049382716049,0.9750547798497508,0.14417043060627285,0.1853346916815559,0.042864718748621786,0.021384189283173982,0.11111111111111116,0.8888888888888888,0.01851851851851849,0.9814814814814815,0.0,1.0,0.5555555555555556
llama31_8b_instruct,arc_challenge,0,0.7993311036789298,hidden_summaries,extratrees,0.8464506172839507,0.9644467452863319,0.1349592998200689,0.14547700105356723,0.052664713804097325,0.031184184338649522,0.13888888888888884,0.8611111111111112,0.01851851851851849,0.9814814814814815,0.0,1.0,0.4444444444444444
llama31_8b_instruct,arc_challenge,0,0.7993311036789298,cheap_plus_summaries,logreg,0.8580246913580247,0.9658277352382499,0.15967641091527396,0.17496792357026558,0.05107257509825273,0.029592045632804924,0.11111111111111116,0.8888888888888888,0.03703703703703709,0.9629629629629629,0.0,1.0,0.5555555555555556
llama31_8b_instruct,arc_challenge,0,0.7993311036789298,pca_hidden,logreg,0.8333333333333333,0.9552806504201985,0.1685615960856474,0.17620961246286584,0.0597892909596519,0.0383087614942041,0.13888888888888884,0.8611111111111112,0.05555555555555558,0.9444444444444444,0.02777777777777779,0.9722222222222222,0.4444444444444444
llama31_8b_instruct,arc_challenge,0,0.7993311036789298,cheap_plus_pca_hidden,extratrees,0.8796296296296297,0.971230103140458,0.11422943030582672,0.07547225002385,0.04633218003075201,0.02485165056530421,0.125,0.875,0.01851851851851849,0.9814814814814815,0.0,1.0,0.5
llama31_8b_instruct,arc_challenge,0,0.7993311036789298,contrastive_hidden,supcon_mlp,0.7978395061728395,0.9398656208917913,0.13246149438339747,0.08594824307494692,0.0729109475531211,0.05143041808767329,0.13888888888888884,0.8611111111111112,0.09259259259259256,0.9074074074074074,0.02777777777777779,0.9722222222222222,0.4444444444444444
llama31_8b_instruct,arc_challenge,0,0.7993311036789298,cheap_plus_contrastive,supcon_embedding_plus_logreg,0.8387345679012346,0.9587234716850581,0.17338849778229168,0.1786095447782256,0.05696029936843694,0.035479769902989136,0.13888888888888884,0.8611111111111112,0.05555555555555558,0.9444444444444444,0.0,1.0,0.4444444444444444
llama31_8b_instruct,arc_challenge,1,0.7993311036789298,cheap_conf_option,logreg,0.9020061728395062,0.9767760780715686,0.1377187047098852,0.17664950393723577,0.041471982626358504,0.0199914531609107,0.08333333333333337,0.9166666666666666,0.01851851851851849,0.9814814814814815,0.0,1.0,0.6666666666666666
llama31_8b_instruct,arc_challenge,1,0.7993311036789298,hidden_summaries,extratrees,0.837962962962963,0.9604944520493591,0.13774599412787256,0.12022819014490348,0.055763797929345715,0.03428326846389791,0.11111111111111116,0.8888888888888888,0.05555555555555558,0.9444444444444444,0.0,1.0,0.5555555555555556
llama31_8b_instruct,arc_challenge,1,0.7993311036789298,cheap_plus_summaries,extratrees,0.8711419753086419,0.9687544832552842,0.11708924660365048,0.07707584723252785,0.04840877756554451,0.026928248100096704,0.125,0.875,0.03703703703703709,0.9629629629629629,0.0,1.0,0.5
llama31_8b_instruct,arc_challenge,1,0.7993311036789298,pca_hidden,mlp,0.8410493827160493,0.957242219006132,0.14779475292254504,0.1445333157976469,0.0580661405569926,0.0365856110915448,0.11111111111111116,0.8888888888888888,0.03703703703703709,0.9629629629629629,0.05555555555555558,0.9444444444444444,0.5555555555555556
llama31_8b_instruct,arc_challenge,1,0.7993311036789298,cheap_plus_pca_hidden,extratrees,0.882716049382716,0.9721942763142752,0.11178797931002663,0.08286582509105204,0.045508125805111925,0.02402759633966412,0.125,0.875,0.01851851851851849,0.9814814814814815,0.0,1.0,0.5
llama31_8b_instruct,arc_challenge,1,0.7993311036789298,contrastive_hidden,supcon_mlp,0.7708333333333334,0.9267433349075607,0.13979027263264843,0.10274863044420879,0.08432515292236561,0.06284462345691781,0.13888888888888884,0.8611111111111112,0.07407407407407407,0.9259259259259259,0.05555555555555558,0.9444444444444444,0.4444444444444444
llama31_8b_instruct,arc_challenge,1,0.7993311036789298,cheap_plus_contrastive,supcon_embedding_plus_logreg,0.8148148148148149,0.9499815154573217,0.20050504703399877,0.20727241564308474,0.06447537027416098,0.04299484080871317,0.13888888888888884,0.8611111111111112,0.05555555555555558,0.9444444444444444,0.02777777777777779,0.9722222222222222,0.4444444444444444
llama31_8b_instruct,arc_challenge,2,0.7993311036789298,cheap_conf_option,logreg,0.8132716049382716,0.9453715381113337,0.14490963448369062,0.15854910700745894,0.06804751300618217,0.046566983540734366,0.13888888888888884,0.8611111111111112,0.07407407407407407,0.9259259259259259,0.02777777777777779,0.9722222222222222,0.4444444444444444
llama31_8b_instruct,arc_challenge,2,0.7993311036789298,hidden_summaries,extratrees,0.7083333333333334,0.8854805411562338,0.15321232018139802,0.10468092550014092,0.12377183609522477,0.10229130662977697,0.125,0.875,0.12962962962962965,0.8703703703703703,0.11111111111111116,0.8888888888888888,0.5
llama31_8b_instruct,arc_challenge,2,0.7993311036789298,cheap_plus_summaries,logreg,0.7993827160493827,0.9399140265470181,0.138658397932578,0.13089923362255326,0.07274310395600667,0.05126257449055886,0.11111111111111116,0.8888888888888888,0.09259259259259256,0.9074074074074074,0.05555555555555558,0.9444444444444444,0.5555555555555556
llama31_8b_instruct,arc_challenge,2,0.7993311036789298,pca_hidden,mlp,0.7638888888888888,0.9311701880090153,0.16486480274480925,0.15084325505627524,0.08078240102777717,0.05930187156232937,0.13888888888888884,0.8611111111111112,0.09259259259259256,0.9074074074074074,0.05555555555555558,0.9444444444444444,0.4444444444444444
llama31_8b_instruct,arc_challenge,2,0.7993311036789298,cheap_plus_pca_hidden,hgb,0.8125,0.9492000153046335,0.16780877628754692,0.17242617659629006,0.06520538256483367,0.04372485309938587,0.13888888888888884,0.8611111111111112,0.05555555555555558,0.9444444444444444,0.02777777777777779,0.9722222222222222,0.4444444444444444
llama31_8b_instruct,arc_challenge,2,0.7993311036789298,contrastive_hidden,supcon_mlp,0.6728395061728395,0.9033813820950438,0.1632425677544206,0.09109601775805157,0.10597582838310493,0.08449529891765713,0.18055555555555558,0.8194444444444444,0.12962962962962965,0.8703703703703703,0.11111111111111116,0.8888888888888888,0.2777777777777778
llama31_8b_instruct,arc_challenge,2,0.7993311036789298,cheap_plus_contrastive,supcon_embedding_plus_logreg,0.760030864197531,0.9309074128125627,0.21537447687454309,0.21492400706948833,0.08117388366245325,0.059693354197005444,0.1527777777777778,0.8472222222222222,0.07407407407407407,0.9259259259259259,0.05555555555555558,0.9444444444444444,0.3888888888888889
llama31_8b_instruct,arc_challenge,3,0.7993311036789298,cheap_conf_option,logreg,0.8256172839506173,0.9536288091436211,0.1683633026963866,0.17414748190513626,0.061279588332869464,0.03979905886742166,0.11111111111111116,0.8888888888888888,0.05555555555555558,0.9444444444444444,0.0,1.0,0.5555555555555556
llama31_8b_instruct,arc_challenge,3,0.7993311036789298,hidden_summaries,extratrees,0.701388888888889,0.9027555124492176,0.1550350980467448,0.10778190439559021,0.10586704146478867,0.08438651199934087,0.13888888888888884,0.8611111111111112,0.11111111111111116,0.8888888888888888,0.11111111111111116,0.8888888888888888,0.4444444444444444
llama31_8b_instruct,arc_challenge,3,0.7993311036789298,cheap_plus_summaries,extratrees,0.8055555555555556,0.9481098173842861,0.1379867843390063,0.08603911646178512,0.06619251921047493,0.04471198974502713,0.125,0.875,0.05555555555555558,0.9444444444444444,0.02777777777777779,0.9722222222222222,0.5
llama31_8b_instruct,arc_challenge,3,0.7993311036789298,pca_hidden,logreg,0.79320987654321,0.9396557535023601,0.16409019851758386,0.15816711203364694,0.07311690674652027,0.05163637728107247,0.125,0.875,0.09259259259259256,0.9074074074074074,0.05555555555555558,0.9444444444444444,0.5
llama31_8b_instruct,arc_challenge,3,0.7993311036789298,cheap_plus_pca_hidden,logreg,0.8125,0.9488415030798664,0.15907038414830202,0.14009253737274985,0.06535443229014021,0.043873902824692404,0.11111111111111116,0.8888888888888888,0.07407407407407407,0.9259259259259259,0.02777777777777779,0.9722222222222222,0.5555555555555556
llama31_8b_instruct,arc_challenge,3,0.7993311036789298,contrastive_hidden,supcon_mlp,0.7376543209876543,0.9288351003552957,0.157130704788338,0.10070847570896146,0.08345698054650207,0.06197645108105426,0.16666666666666663,0.8333333333333334,0.11111111111111116,0.8888888888888888,0.05555555555555558,0.9444444444444444,0.3333333333333333
llama31_8b_instruct,arc_challenge,3,0.7993311036789298,cheap_plus_contrastive,supcon_embedding_plus_logreg,0.7631172839506174,0.938691844141055,0.2101894019410821,0.21566975268940902,0.07496737579057552,0.05348684632512772,0.16666666666666663,0.8333333333333334,0.11111111111111116,0.8888888888888888,0.02777777777777779,0.9722222222222222,0.3333333333333333
llama31_8b_instruct,arc_challenge,4,0.7993311036789298,cheap_conf_option,logreg,0.8912037037037037,0.9748042921940109,0.13700169581990332,0.17244509099758507,0.04334287423836383,0.02186234477291603,0.09722222222222221,0.9027777777777778,0.0,1.0,0.0,1.0,0.6111111111111112
llama31_8b_instruct,arc_challenge,4,0.7993311036789298,hidden_summaries,hgb,0.8132716049382716,0.943432174895271,0.12968257786383564,0.06853799857891554,0.06974741901862197,0.048266889553174167,0.125,0.875,0.05555555555555558,0.9444444444444444,0.05555555555555558,0.9444444444444444,0.5
llama31_8b_instruct,arc_challenge,4,0.7993311036789298,cheap_plus_summaries,extratrees,0.8626543209876543,0.9671681835530195,0.11890450753009693,0.0861376600557072,0.04998385745284458,0.028503327987396777,0.11111111111111116,0.8888888888888888,0.01851851851851849,0.9814814814814815,0.0,1.0,0.5555555555555556
llama31_8b_instruct,arc_challenge,4,0.7993311036789298,pca_hidden,mlp,0.8927469135802469,0.9737697789312665,0.12443861852431568,0.12818738742628033,0.043976295631913354,0.02249576616646555,0.11111111111111116,0.8888888888888888,0.01851851851851849,0.9814814814814815,0.0,1.0,0.5555555555555556
llama31_8b_instruct,arc_challenge,4,0.7993311036789298,cheap_plus_pca_hidden,mlp,0.9112654320987654,0.9795843855945638,0.138439698830577,0.14598900490543903,0.03913658999111907,0.017656060525671265,0.11111111111111116,0.8888888888888888,0.0,1.0,0.0,1.0,0.5555555555555556
llama31_8b_instruct,arc_challenge,4,0.7993311036789298,contrastive_hidden,supcon_mlp,0.8179012345679012,0.9494791900789803,0.1291537587505672,0.12228516505824191,0.06471594719359768,0.04323541772814987,0.11111111111111116,0.8888888888888888,0.07407407407407407,0.9259259259259259,0.05555555555555558,0.9444444444444444,0.5555555555555556
llama31_8b_instruct,arc_challenge,4,0.7993311036789298,cheap_plus_contrastive,supcon_embedding_plus_logreg,0.8603395061728395,0.965416436660663,0.17880596544018046,0.19636531399036838,0.051252386981373126,0.029771857515925322,0.09722222222222221,0.9027777777777778,0.07407407407407407,0.9259259259259259,0.0,1.0,0.6111111111111112
llama31_8b_instruct,commonsenseqa,0,0.741,cheap_conf_option,logreg,0.7557172557172558,0.9069380302876757,0.2002338423724902,0.14669092874061898,0.11288428541728225,0.0757026201416728,0.20833333333333337,0.7916666666666666,0.13888888888888884,0.8611111111111112,0.06666666666666665,0.9333333333333333,0.358974358974359
llama31_8b_instruct,commonsenseqa,0,0.741,hidden_summaries,logreg,0.7135597135597136,0.8832909283852889,0.21614996884215107,0.19012068314686068,0.13241202425603565,0.0952303589804262,0.20416666666666672,0.7958333333333333,0.15000000000000002,0.85,0.1333333333333333,0.8666666666666667,0.3717948717948718
llama31_8b_instruct,commonsenseqa,0,0.741,cheap_plus_summaries,logreg,0.7485562485562486,0.9020414532662193,0.20397410627966622,0.14763139413892876,0.11674738915151979,0.07956572387591034,0.20833333333333337,0.7916666666666666,0.15000000000000002,0.85,0.08333333333333337,0.9166666666666666,0.358974358974359
llama31_8b_instruct,commonsenseqa,0,0.741,pca_hidden,extratrees,0.743993993993994,0.8944665650131366,0.17316519305062025,0.07138638153708275,0.12263856438198571,0.08545689910637626,0.1875,0.8125,0.16666666666666663,0.8333333333333334,0.08333333333333337,0.9166666666666666,0.4230769230769231
llama31_8b_instruct,commonsenseqa,0,0.741,cheap_plus_pca_hidden,extratrees,0.7521367521367521,0.9045459409235281,0.1792894983735885,0.09069420692958144,0.11476204015574003,0.07758037488013057,0.20833333333333337,0.7916666666666666,0.12777777777777777,0.8722222222222222,0.09166666666666667,0.9083333333333333,0.358974358974359
llama31_8b_instruct,commonsenseqa,0,0.741,contrastive_hidden,supcon_mlp,0.7143393393393394,0.8706321885821489,0.2149380909422412,0.19621723153319237,0.14188333184597218,0.10470166657036273,0.20416666666666672,0.7958333333333333,0.15555555555555556,0.8444444444444444,0.125,0.875,0.3717948717948718
llama31_8b_instruct,commonsenseqa,0,0.741,cheap_plus_contrastive,supcon_embedding_plus_logreg,0.7478632478632479,0.8983440611774718,0.24593414597435792,0.25090541017837387,0.11947986342237515,0.0822981981467657,0.21250000000000002,0.7875,0.13888888888888884,0.8611111111111112,0.09166666666666667,0.9083333333333333,0.34615384615384615
llama31_8b_instruct,commonsenseqa,1,0.741,cheap_conf_option,logreg,0.8138715638715639,0.9235264426214556,0.17270254385324146,0.14395461206047308,0.09803711001511782,0.060855444739508366,0.17500000000000004,0.825,0.1166666666666667,0.8833333333333333,0.06666666666666665,0.9333333333333333,0.46153846153846156
llama31_8b_instruct,commonsenseqa,1,0.741,hidden_summaries,logreg,0.7124047124047124,0.8828092477937417,0.20821000296155565,0.17449546422704587,0.13283326454398142,0.09565159926837197,0.20833333333333337,0.7916666666666666,0.17222222222222228,0.8277777777777777,0.125,0.875,0.358974358974359
llama31_8b_instruct,commonsenseqa,1,0.741,cheap_plus_summaries,logreg,0.795969045969046,0.9165624805684798,0.17803460356221443,0.14006802256702525,0.10389732231979751,0.06671565704418805,0.16249999999999998,0.8375,0.1166666666666667,0.8833333333333333,0.06666666666666665,0.9333333333333333,0.5
llama31_8b_instruct,commonsenseqa,1,0.741,pca_hidden,extratrees,0.7705012705012705,0.9074780448720201,0.17240926256540068,0.1179504088092797,0.11175755863386452,0.07457589335825507,0.19166666666666665,0.8083333333333333,0.1333333333333333,0.8666666666666667,0.09166666666666667,0.9083333333333333,0.41025641025641024
llama31_8b_instruct,commonsenseqa,1,0.741,cheap_plus_pca_hidden,extratrees,0.8146800646800647,0.9206647220045243,0.14392092946027377,0.041030242635245365,0.10011201983689282,0.06293035456128336,0.16666666666666663,0.8333333333333334,0.10555555555555551,0.8944444444444445,0.07499999999999996,0.925,0.48717948717948717
llama31_8b_instruct,commonsenseqa,1,0.741,contrastive_hidden,supcon_mlp,0.7463039963039964,0.8953226162831955,0.19981781454703992,0.16194052770967177,0.12182476149827631,0.08464309622266686,0.18333333333333335,0.8166666666666667,0.15555555555555556,0.8444444444444444,0.09166666666666667,0.9083333333333333,0.4358974358974359
llama31_8b_instruct,commonsenseqa,1,0.741,cheap_plus_contrastive,supcon_embedding_plus_logreg,0.7529452529452528,0.8980869047856507,0.22492599369913766,0.2267353769330871,0.1194326347902195,0.08225096951461004,0.19166666666666665,0.8083333333333333,0.15000000000000002,0.85,0.09166666666666667,0.9083333333333333,0.41025641025641024
llama31_8b_instruct,commonsenseqa,2,0.741,cheap_conf_option,logreg,0.8003580503580503,0.9202587769879693,0.19262401308613591,0.1898846283820913,0.10099015935681596,0.06380849408120651,0.16666666666666663,0.8333333333333334,0.12777777777777777,0.8722222222222222,0.08333333333333337,0.9166666666666666,0.48717948717948717
llama31_8b_instruct,commonsenseqa,2,0.741,hidden_summaries,logreg,0.7348694848694849,0.8911145111954097,0.20526716666772946,0.18588947948739054,0.12550532355223903,0.08832365827662958,0.19999999999999996,0.8,0.16666666666666663,0.8333333333333334,0.10833333333333328,0.8916666666666667,0.38461538461538464
llama31_8b_instruct,commonsenseqa,2,0.741,cheap_plus_summaries,logreg,0.7971817971817972,0.9200901417602139,0.19156161129571433,0.17818894833159518,0.10128591079107899,0.06410424551546953,0.1791666666666667,0.8208333333333333,0.12777777777777777,0.8722222222222222,0.07499999999999996,0.925,0.44871794871794873
llama31_8b_instruct,commonsenseqa,2,0.741,pca_hidden,logreg,0.7827442827442828,0.9145829657632141,0.1833344711137939,0.13729970422952462,0.1059465699022908,0.06876490462668135,0.1791666666666667,0.8208333333333333,0.1444444444444445,0.8555555555555555,0.06666666666666665,0.9333333333333333,0.44871794871794873
llama31_8b_instruct,commonsenseqa,2,0.741,cheap_plus_pca_hidden,extratrees,0.8199353199353199,0.9272367953318603,0.14698772247511793,0.07348986634243415,0.0951232680717698,0.05794160279616034,0.16666666666666663,0.8333333333333334,0.12222222222222223,0.8777777777777778,0.050000000000000044,0.95,0.48717948717948717
llama31_8b_instruct,commonsenseqa,2,0.741,contrastive_hidden,supcon_mlp,0.7691152691152692,0.9074997601976169,0.19078501199381365,0.16258194098753798,0.1117712657678992,0.07458960049228974,0.1875,0.8125,0.1611111111111111,0.8388888888888889,0.08333333333333337,0.9166666666666666,0.4230769230769231
llama31_8b_instruct,commonsenseqa,2,0.741,cheap_plus_contrastive,supcon_embedding_plus_logreg,0.7866712866712866,0.9200635153641002,0.2163270027872784,0.21980821404704498,0.10183726274858565,0.0646555974729762,0.1875,0.8125,0.13888888888888884,0.8611111111111112,0.050000000000000044,0.95,0.4230769230769231
llama31_8b_instruct,commonsenseqa,3,0.741,cheap_conf_option,logreg,0.8258258258258259,0.9308847241840567,0.17463510443330585,0.171062522431329,0.09223202127246218,0.05505035599685272,0.15833333333333333,0.8416666666666667,0.09999999999999998,0.9,0.04166666666666663,0.9583333333333334,0.5128205128205128
llama31_8b_instruct,commonsenseqa,3,0.741,hidden_summaries,logreg,0.7443404943404943,0.8973351326863432,0.20573316821261167,0.18681797954893875,0.12042069071943598,0.08323902544382653,0.20416666666666672,0.7958333333333333,0.15000000000000002,0.85,0.07499999999999996,0.925,0.3717948717948718
llama31_8b_instruct,commonsenseqa,3,0.741,cheap_plus_summaries,logreg,0.8136983136983137,0.9237719159237405,0.17854583381332736,0.16442801997752687,0.09786755455085241,0.06068588927524296,0.16666666666666663,0.8333333333333334,0.12777777777777777,0.8722222222222222,0.050000000000000044,0.95,0.48717948717948717
llama31_8b_instruct,commonsenseqa,3,0.741,pca_hidden,extratrees,0.7887502887502887,0.9209895805134476,0.1686301864100031,0.09574387437194325,0.10106996215980392,0.06388829688419446,0.19999999999999996,0.8,0.11111111111111116,0.8888888888888888,0.050000000000000044,0.95,0.38461538461538464
llama31_8b_instruct,commonsenseqa,3,0.741,cheap_plus_pca_hidden,extratrees,0.8378955878955879,0.9353432750740325,0.14000513179085686,0.044649959548374175,0.08856972240944747,0.05138805713383801,0.16249999999999998,0.8375,0.09444444444444444,0.9055555555555556,0.04166666666666663,0.9583333333333334,0.5
llama31_8b_instruct,commonsenseqa,3,0.741,contrastive_hidden,supcon_mlp,0.7684800184800185,0.9026330735684892,0.18775316808451767,0.1597874505154348,0.11549991578031646,0.078318250504707,0.1875,0.8125,0.15000000000000002,0.85,0.07499999999999996,0.925,0.4230769230769231
llama31_8b_instruct,commonsenseqa,3,0.741,cheap_plus_contrastive,supcon_embedding_plus_logreg,0.7970662970662971,0.9200650100694837,0.21972282226546297,0.22424181137200414,0.10131064013215668,0.06412897485654723,0.18333333333333335,0.8166666666666667,0.1166666666666667,0.8833333333333333,0.050000000000000044,0.95,0.4358974358974359
llama31_8b_instruct,commonsenseqa,4,0.741,cheap_conf_option,logreg,0.7567567567567568,0.8895959777915157,0.19501431840936762,0.15377900693402294,0.12582497277919574,0.08864330750358629,0.1791666666666667,0.8208333333333333,0.13888888888888884,0.8611111111111112,0.08333333333333337,0.9166666666666666,0.44871794871794873
llama31_8b_instruct,commonsenseqa,4,0.741,hidden_summaries,logreg,0.7139639639639639,0.8671535747756588,0.21085902744257287,0.1800291328901917,0.14577731469526356,0.1085956494196541,0.20416666666666672,0.7958333333333333,0.15555555555555556,0.8444444444444444,0.125,0.875,0.3717948717948718
llama31_8b_instruct,commonsenseqa,4,0.741,cheap_plus_summaries,logreg,0.7597597597597597,0.8905378557121939,0.19862073651639497,0.1598043328948867,0.12491876094663079,0.08773709567102134,0.18333333333333335,0.8166666666666667,0.1444444444444445,0.8555555555555555,0.09166666666666667,0.9083333333333333,0.4358974358974359
llama31_8b_instruct,commonsenseqa,4,0.741,pca_hidden,hgb,0.7762185262185263,0.9004737297489772,0.16761974645785002,0.12383953511883639,0.11677844549789933,0.07959678022228987,0.19166666666666665,0.8083333333333333,0.12777777777777777,0.8722222222222222,0.07499999999999996,0.925,0.41025641025641024
llama31_8b_instruct,commonsenseqa,4,0.741,cheap_plus_pca_hidden,hgb,0.770963270963271,0.8924105239779586,0.16546381761962187,0.10826115695586752,0.12312243469791145,0.085940769422302,0.1791666666666667,0.8208333333333333,0.1166666666666667,0.8833333333333333,0.10833333333333328,0.8916666666666667,0.44871794871794873
llama31_8b_instruct,commonsenseqa,4,0.741,contrastive_hidden,supcon_mlp,0.7156964656964657,0.8606268778049482,0.21381841715613953,0.19542002318155585,0.1522087279739096,0.11502706269830015,0.20416666666666672,0.7958333333333333,0.15555555555555556,0.8444444444444444,0.1166666666666667,0.8833333333333333,0.3717948717948718
llama31_8b_instruct,commonsenseqa,4,0.741,cheap_plus_contrastive,supcon_embedding_plus_logreg,0.7309424809424809,0.8818516413635087,0.24250943258942723,0.2439196708332526,0.1326656196778947,0.09548395440228524,0.20416666666666672,0.7958333333333333,0.1611111111111111,0.8388888888888889,0.10833333333333328,0.8916666666666667,0.3717948717948718
llama31_8b_instruct,hellaswag,0,0.672,cheap_conf_option,logreg,0.7880379874722166,0.8876987539674026,0.1978395666375962,0.15699368984082346,0.14452087103756694,0.08416823940064408,0.2416666666666667,0.7583333333333333,0.16666666666666663,0.8333333333333334,0.09999999999999998,0.9,0.40816326530612246
llama31_8b_instruct,hellaswag,0,0.672,hidden_summaries,extratrees,0.690189937361083,0.827223262729637,0.20421895399121184,0.07655870018680716,0.19273298505455833,0.13238035341763546,0.2666666666666667,0.7333333333333333,0.25555555555555554,0.7444444444444445,0.15833333333333333,0.8416666666666667,0.3469387755102041
llama31_8b_instruct,hellaswag,0,0.672,cheap_plus_summaries,logreg,0.7770761770054557,0.882095597731714,0.19806535845460543,0.14576738026009725,0.14894503456417943,0.08859240292725656,0.2583333333333333,0.7416666666666667,0.16666666666666663,0.8333333333333334,0.09166666666666667,0.9083333333333333,0.3673469387755102
llama31_8b_instruct,hellaswag,0,0.672,pca_hidden,logreg,0.6999898969488786,0.8224569058201462,0.22290966144313737,0.14399528587433788,0.19556352339267738,0.13521089175575451,0.2666666666666667,0.7333333333333333,0.22777777777777775,0.7722222222222223,0.17500000000000004,0.825,0.3469387755102041
llama31_8b_instruct,hellaswag,0,0.672,cheap_plus_pca_hidden,extratrees,0.7783895736512426,0.8867893303745829,0.17856163507437872,0.06512094809285292,0.14564564861883575,0.08529301698191288,0.25416666666666665,0.7458333333333333,0.1777777777777778,0.8222222222222222,0.10833333333333328,0.8916666666666667,0.37755102040816324
llama31_8b_instruct,hellaswag,0,0.672,contrastive_hidden,supcon_mlp,0.7141341685188928,0.8324309878051653,0.23590676031196958,0.19019562039214388,0.1874676866068582,0.12711505496993533,0.2583333333333333,0.7416666666666667,0.22777777777777775,0.7722222222222223,0.15000000000000002,0.85,0.3673469387755102
llama31_8b_instruct,hellaswag,0,0.672,cheap_plus_contrastive,supcon_embedding_plus_logreg,0.7282279248332997,0.8534374133973368,0.2797322296692193,0.2775726272586274,0.17168837533923892,0.11133574370231605,0.2583333333333333,0.7416666666666667,0.21666666666666667,0.7833333333333333,0.15000000000000002,0.85,0.3673469387755102
llama31_8b_instruct,hellaswag,1,0.672,cheap_conf_option,logreg,0.7750555667811679,0.8725095667300732,0.19021948419033952,0.1115055463679088,0.15635618711700372,0.09600355548008085,0.25416666666666665,0.7458333333333333,0.16666666666666663,0.8333333333333334,0.09999999999999998,0.9,0.37755102040816324
llama31_8b_instruct,hellaswag,1,0.672,hidden_summaries,logreg,0.709486765003031,0.8198213052898136,0.21977625411535395,0.1619979526842066,0.19851582392793207,0.1381631922910092,0.2791666666666667,0.7208333333333333,0.2222222222222222,0.7777777777777778,0.15000000000000002,0.85,0.3163265306122449
llama31_8b_instruct,hellaswag,1,0.672,cheap_plus_summaries,logreg,0.768033946251768,0.87162064323808,0.19253123352723175,0.10294384721054602,0.15661063269705067,0.0962580010601278,0.25,0.75,0.1777777777777778,0.8222222222222222,0.10833333333333328,0.8916666666666667,0.3877551020408163
llama31_8b_instruct,hellaswag,1,0.672,pca_hidden,logreg,0.726762982420691,0.8411777443797417,0.2112440349310005,0.12720597171813022,0.1805205573847411,0.12016792574781823,0.27083333333333337,0.7291666666666666,0.18888888888888888,0.8111111111111111,0.125,0.875,0.336734693877551
llama31_8b_instruct,hellaswag,1,0.672,cheap_plus_pca_hidden,extratrees,0.7949080622347949,0.8873053919622669,0.1701504532739617,0.0437011365716584,0.14422421170624303,0.08387158006932016,0.23333333333333328,0.7666666666666667,0.15555555555555556,0.8444444444444444,0.09999999999999998,0.9,0.42857142857142855
llama31_8b_instruct,hellaswag,1,0.672,contrastive_hidden,supcon_mlp,0.704031117397454,0.8240373059887637,0.2374606149177897,0.18466545454635921,0.19427252621175284,0.13391989457482997,0.26249999999999996,0.7375,0.2055555555555556,0.7944444444444444,0.18333333333333335,0.8166666666666667,0.35714285714285715
llama31_8b_instruct,hellaswag,1,0.672,cheap_plus_contrastive,supcon_embedding_plus_logreg,0.7099919175591028,0.8305950847425779,0.26862662769235957,0.2627813648014904,0.18917800622938816,0.1288253745924653,0.2666666666666667,0.7333333333333333,0.21111111111111114,0.7888888888888889,0.19166666666666665,0.8083333333333333,0.3469387755102041
llama31_8b_instruct,hellaswag,2,0.672,cheap_conf_option,logreg,0.7760153566377046,0.8889291006982689,0.19830417736957123,0.13922669391256448,0.1444359767916487,0.08408334515472585,0.25,0.75,0.18888888888888888,0.8111111111111111,0.07499999999999996,0.925,0.3877551020408163
llama31_8b_instruct,hellaswag,2,0.672,hidden_summaries,extratrees,0.6651343705799151,0.8064807350477385,0.2081808715726039,0.06983622042231824,0.20947415969475203,0.14912152805782916,0.2875,0.7125,0.25,0.75,0.19999999999999996,0.8,0.29591836734693877
llama31_8b_instruct,hellaswag,2,0.672,cheap_plus_summaries,extratrees,0.7759648413820973,0.8799768062017213,0.17944847649110457,0.0722717641114757,0.15035982584770627,0.0900071942107834,0.22916666666666663,0.7708333333333334,0.19999999999999996,0.8,0.1166666666666667,0.8833333333333333,0.4387755102040816
llama31_8b_instruct,hellaswag,2,0.672,pca_hidden,logreg,0.7151444736310366,0.8454499796759538,0.2175461809420068,0.11546311964026702,0.1782282548502338,0.11787562321331094,0.2833333333333333,0.7166666666666667,0.21666666666666667,0.7833333333333333,0.16666666666666663,0.8333333333333334,0.30612244897959184
llama31_8b_instruct,hellaswag,2,0.672,cheap_plus_pca_hidden,extratrees,0.7786421499292787,0.8826771735623359,0.1794213422354398,0.06197734622044905,0.14831795776996332,0.08796532613304045,0.23750000000000004,0.7625,0.18333333333333335,0.8166666666666667,0.1166666666666667,0.8833333333333333,0.41836734693877553
llama31_8b_instruct,hellaswag,2,0.672,contrastive_hidden,supcon_mlp,0.705344514043241,0.8401423760395718,0.2599416586237667,0.23699857976016225,0.18253535054717168,0.12218271891024882,0.27083333333333337,0.7291666666666666,0.21666666666666667,0.7833333333333333,0.16666666666666663,0.8333333333333334,0.336734693877551
llama31_8b_instruct,hellaswag,2,0.672,cheap_plus_contrastive,supcon_embedding_plus_logreg,0.7120125277833905,0.8496704154323329,0.3106770563920345,0.3113598577835277,0.17549695810029473,0.11514432646337186,0.27083333333333337,0.7291666666666666,0.21666666666666667,0.7833333333333333,0.15000000000000002,0.85,0.336734693877551
llama31_8b_instruct,hellaswag,3,0.672,cheap_conf_option,logreg,0.7766215397049908,0.8734154659237284,0.1986576619901596,0.1457930768364002,0.15482984996359936,0.0944772183266765,0.2416666666666667,0.7583333333333333,0.18888888888888888,0.8111111111111111,0.125,0.875,0.40816326530612246
llama31_8b_instruct,hellaswag,3,0.672,hidden_summaries,logreg,0.6564457466154779,0.786261889555425,0.23135243469421246,0.1512557601049619,0.22620732539906838,0.1658546937621455,0.29166666666666663,0.7083333333333334,0.26111111111111107,0.7388888888888889,0.18333333333333335,0.8166666666666667,0.2857142857142857
llama31_8b_instruct,hellaswag,3,0.672,cheap_plus_summaries,extratrees,0.7634370579915135,0.8727255770160904,0.18271085359566006,0.060814478812897484,0.15609270913329523,0.09574007749637237,0.25,0.75,0.21111111111111114,0.7888888888888889,0.10833333333333328,0.8916666666666667,0.3877551020408163
llama31_8b_instruct,hellaswag,3,0.672,pca_hidden,logreg,0.7237825823398666,0.8389060991969504,0.22052148860377693,0.15271778076520773,0.18235492399290043,0.12200229235597757,0.26249999999999996,0.7375,0.21111111111111114,0.7888888888888889,0.15833333333333333,0.8416666666666667,0.35714285714285715
llama31_8b_instruct,hellaswag,3,0.672,cheap_plus_pca_hidden,extratrees,0.7826328551222469,0.8707274995615526,0.17673780642574366,0.061763831184553024,0.1567546116365799,0.09640197999965702,0.23750000000000004,0.7625,0.1777777777777778,0.8222222222222222,0.125,0.875,0.41836734693877553
llama31_8b_instruct,hellaswag,3,0.672,contrastive_hidden,supcon_mlp,0.7321175995150535,0.8410680599989822,0.22562666083722205,0.18137278550188818,0.18029869499378798,0.11994606335686511,0.26249999999999996,0.7375,0.19444444444444442,0.8055555555555556,0.15000000000000002,0.85,0.35714285714285715
llama31_8b_instruct,hellaswag,3,0.672,cheap_plus_contrastive,supcon_embedding_plus_logreg,0.745049504950495,0.8564518453563922,0.2619666848161613,0.2597875906658911,0.16848239370348544,0.10812976206656258,0.26249999999999996,0.7375,0.18888888888888888,0.8111111111111111,0.14166666666666672,0.8583333333333333,0.35714285714285715
llama31_8b_instruct,hellaswag,4,0.672,cheap_conf_option,logreg,0.728328955344514,0.8467977043016526,0.2089126539532857,0.12199315803980289,0.1763821221805106,0.11602949054358774,0.275,0.725,0.18888888888888888,0.8111111111111111,0.1333333333333333,0.8666666666666667,0.32653061224489793
llama31_8b_instruct,hellaswag,4,0.672,hidden_summaries,hgb,0.6291675085875934,0.7680797154313561,0.24702705234052522,0.16453155018271773,0.24153909341170643,0.18118646177478356,0.30000000000000004,0.7,0.23333333333333328,0.7666666666666667,0.21666666666666667,0.7833333333333333,0.2653061224489796
llama31_8b_instruct,hellaswag,4,0.672,cheap_plus_summaries,extratrees,0.7279753485552637,0.8526915417372188,0.1940160852474717,0.07989798534476952,0.1722983845543572,0.11194575291743433,0.2666666666666667,0.7333333333333333,0.21111111111111114,0.7888888888888889,0.125,0.875,0.3469387755102041
llama31_8b_instruct,hellaswag,4,0.672,pca_hidden,logreg,0.6889775712265105,0.8270365132517995,0.23770013079897173,0.16348432331724458,0.19294369520520452,0.13259106356828165,0.275,0.725,0.25555555555555554,0.7444444444444445,0.16666666666666663,0.8333333333333334,0.32653061224489793
llama31_8b_instruct,hellaswag,4,0.672,cheap_plus_pca_hidden,extratrees,0.7365124267528794,0.8589016326993749,0.18962600269998411,0.05425958306366589,0.16740999657301336,0.1070573649360905,0.26249999999999996,0.7375,0.21666666666666667,0.7833333333333333,0.125,0.875,0.35714285714285715
llama31_8b_instruct,hellaswag,4,0.672,contrastive_hidden,supcon_mlp,0.6654374621135585,0.7952747249188465,0.2660798143683796,0.23110092514156516,0.21735228866460235,0.15699965702767948,0.2875,0.7125,0.23333333333333328,0.7666666666666667,0.19166666666666665,0.8083333333333333,0.29591836734693877
llama31_8b_instruct,hellaswag,4,0.672,cheap_plus_contrastive,supcon_embedding_plus_logreg,0.6809961608405739,0.8255287887198518,0.31409457501963817,0.3177391094837417,0.19459353267797208,0.13424090104104922,0.2833333333333333,0.7166666666666667,0.23333333333333328,0.7666666666666667,0.19166666666666665,0.8083333333333333,0.30612244897959184
llama31_8b_instruct,mmlu,0,0.613,cheap_conf_option,logreg,0.8289449025487255,0.9031649997126904,0.16370698830250216,0.06554222728377539,0.15529673797640253,0.0684569995221345,0.32499999999999996,0.675,0.18888888888888888,0.8111111111111111,0.07499999999999996,0.925,0.3275862068965517
llama31_8b_instruct,mmlu,0,0.613,hidden_summaries,logreg,0.7361319340329835,0.8408026704277426,0.20593770038597797,0.08985967389752346,0.20121279893757282,0.1143730604833048,0.3416666666666667,0.6583333333333333,0.24444444444444446,0.7555555555555555,0.15000000000000002,0.85,0.29310344827586204
llama31_8b_instruct,mmlu,0,0.613,cheap_plus_summaries,logreg,0.8285232383808097,0.9031527954762575,0.16477213355524106,0.07135513733220872,0.1553233356577482,0.06848359720348017,0.3041666666666667,0.6958333333333333,0.1777777777777778,0.8222222222222222,0.08333333333333337,0.9166666666666666,0.3706896551724138
llama31_8b_instruct,mmlu,0,0.613,pca_hidden,logreg,0.7930565967016491,0.8782849693113653,0.1857379278606128,0.07885974757683258,0.17321842504693033,0.0863786865926623,0.32499999999999996,0.675,0.2222222222222222,0.7777777777777778,0.10833333333333328,0.8916666666666667,0.3275862068965517
llama31_8b_instruct,mmlu,0,0.613,cheap_plus_pca_hidden,extratrees,0.8278907421289354,0.9028143848419606,0.16110924984781852,0.06727957230380668,0.1556557017830336,0.06881596332876556,0.32499999999999996,0.675,0.1777777777777778,0.8222222222222222,0.07499999999999996,0.925,0.3275862068965517
llama31_8b_instruct,mmlu,0,0.613,contrastive_hidden,supcon_mlp,0.77768928035982,0.869064229215637,0.2288181548614399,0.21098755225798976,0.180210367804512,0.09337062935024397,0.3416666666666667,0.6583333333333333,0.2222222222222222,0.7777777777777778,0.09999999999999998,0.9,0.29310344827586204
llama31_8b_instruct,mmlu,0,0.613,cheap_plus_contrastive,supcon_embedding_plus_logreg,0.7867316341829085,0.876879921991424,0.2740508782914767,0.27668556378873155,0.17476145858871867,0.08792172013445064,0.3291666666666667,0.6708333333333333,0.21666666666666667,0.7833333333333333,0.09166666666666667,0.9083333333333333,0.31896551724137934
llama31_8b_instruct,mmlu,1,0.613,cheap_conf_option,logreg,0.7930097451274363,0.8825371202258077,0.18343154807211956,0.08085830543446106,0.1707190969017559,0.08387935844748788,0.3291666666666667,0.6708333333333333,0.2222222222222222,0.7777777777777778,0.09999999999999998,0.9,0.31896551724137934
llama31_8b_instruct,mmlu,1,0.613,hidden_summaries,logreg,0.7501874062968515,0.8524819300579928,0.2039453666170677,0.09573081721060042,0.19267682320216933,0.10583708474790131,0.3458333333333333,0.6541666666666667,0.25,0.75,0.15833333333333333,0.8416666666666667,0.28448275862068967
llama31_8b_instruct,mmlu,1,0.613,cheap_plus_summaries,logreg,0.8070183658170913,0.8841898361844488,0.18121013095378277,0.09251491564098435,0.1682121965050999,0.08137245805083186,0.30833333333333335,0.6916666666666667,0.21111111111111114,0.7888888888888889,0.1166666666666667,0.8833333333333333,0.3620689655172414
llama31_8b_instruct,mmlu,1,0.613,pca_hidden,extratrees,0.7973200899550226,0.885661894493228,0.18743817542765467,0.12781031253635713,0.1684643829546431,0.08162464450037508,0.3208333333333333,0.6791666666666667,0.22777777777777775,0.7722222222222223,0.10833333333333328,0.8916666666666667,0.33620689655172414
llama31_8b_instruct,mmlu,1,0.613,cheap_plus_pca_hidden,hgb,0.8008339580209894,0.8906639926270857,0.20374477519789125,0.1611575752866462,0.16531896933577356,0.07847923088150553,0.3208333333333333,0.6791666666666667,0.23888888888888893,0.7611111111111111,0.08333333333333337,0.9166666666666666,0.33620689655172414
llama31_8b_instruct,mmlu,1,0.613,contrastive_hidden,supcon_mlp,0.7611975262368815,0.8452933427740592,0.23498466717080332,0.19368071926117408,0.19600091781153198,0.10916117935726395,0.3291666666666667,0.6708333333333333,0.23333333333333328,0.7666666666666667,0.14166666666666672,0.8583333333333333,0.31896551724137934
llama31_8b_instruct,mmlu,1,0.613,cheap_plus_contrastive,supcon_embedding_plus_logreg,0.7584332833583209,0.8442053378072153,0.2725066123737324,0.26681289148702425,0.19688746161859927,0.11004772316433124,0.3208333333333333,0.6791666666666667,0.23333333333333328,0.7666666666666667,0.15000000000000002,0.85,0.33620689655172414
llama31_8b_instruct,mmlu,2,0.613,cheap_conf_option,extratrees,0.8422507496251875,0.9101657513406705,0.15712880170706667,0.05576102190657922,0.14989736627445957,0.06305762782019154,0.3041666666666667,0.6958333333333333,0.18888888888888888,0.8111111111111111,0.07499999999999996,0.925,0.3706896551724138
llama31_8b_instruct,mmlu,2,0.613,hidden_summaries,logreg,0.806784107946027,0.8817789276553878,0.17912723504969374,0.0879043704763484,0.16975009388009843,0.0829103554258304,0.3041666666666667,0.6958333333333333,0.2055555555555556,0.7944444444444444,0.09166666666666667,0.9083333333333333,0.3706896551724138
llama31_8b_instruct,mmlu,2,0.613,cheap_plus_summaries,extratrees,0.8486694152923538,0.9131545844723651,0.15339547616802707,0.041990357377351774,0.14753947110048835,0.06069973264622032,0.2958333333333333,0.7041666666666667,0.1777777777777778,0.8222222222222222,0.06666666666666665,0.9333333333333333,0.3879310344827586
llama31_8b_instruct,mmlu,2,0.613,pca_hidden,logreg,0.8273519490254873,0.896995533998032,0.16741804851904496,0.05345432337709558,0.15877702089073656,0.07193728243646853,0.29166666666666663,0.7083333333333334,0.18888888888888888,0.8111111111111111,0.09999999999999998,0.9,0.39655172413793105
llama31_8b_instruct,mmlu,2,0.613,cheap_plus_pca_hidden,extratrees,0.8513868065967016,0.9142585762405981,0.15290219272163882,0.040954638484891955,0.14662990417651003,0.05979016572224201,0.29166666666666663,0.7083333333333334,0.16666666666666663,0.8333333333333334,0.06666666666666665,0.9333333333333333,0.39655172413793105
llama31_8b_instruct,mmlu,2,0.613,contrastive_hidden,supcon_mlp,0.8159670164917543,0.8948193450023523,0.1996964192737527,0.14481558225195235,0.16123132175990684,0.07439158330563882,0.30833333333333335,0.6916666666666667,0.19999999999999996,0.8,0.08333333333333337,0.9166666666666666,0.3620689655172414
llama31_8b_instruct,mmlu,2,0.613,cheap_plus_contrastive,supcon_embedding_plus_logreg,0.8184032983508246,0.8952038951421052,0.22380675153301838,0.20775840158107614,0.16075555019304757,0.07391581173877955,0.30833333333333335,0.6916666666666667,0.18888888888888888,0.8111111111111111,0.09999999999999998,0.9,0.3620689655172414
llama31_8b_instruct,mmlu,3,0.613,cheap_conf_option,logreg,0.8295539730134933,0.8985554240861071,0.17734376294933374,0.10114830866881759,0.15775170519056428,0.07091196673629625,0.30833333333333335,0.6916666666666667,0.17222222222222228,0.8277777777777777,0.09999999999999998,0.9,0.3620689655172414
llama31_8b_instruct,mmlu,3,0.613,hidden_summaries,logreg,0.7682252623688156,0.8629592487570733,0.20263690022341868,0.1266581854732175,0.18462300587848654,0.09778326742421851,0.33333333333333337,0.6666666666666666,0.23333333333333328,0.7666666666666667,0.125,0.875,0.3103448275862069
llama31_8b_instruct,mmlu,3,0.613,cheap_plus_summaries,extratrees,0.8303504497751124,0.8950076003621541,0.16662830974856344,0.056240216130275224,0.15969537174296689,0.07285563328869886,0.30000000000000004,0.7,0.19444444444444442,0.8055555555555556,0.09999999999999998,0.9,0.3793103448275862
llama31_8b_instruct,mmlu,3,0.613,pca_hidden,logreg,0.8120314842578711,0.8907432770221962,0.1866363288876915,0.12083524414654732,0.16400753170322543,0.07716779324895741,0.3125,0.6875,0.21111111111111114,0.7888888888888889,0.08333333333333337,0.9166666666666666,0.35344827586206895
llama31_8b_instruct,mmlu,3,0.613,cheap_plus_pca_hidden,extratrees,0.8392053973013494,0.9012663944459529,0.1619104884628163,0.05735388786027271,0.15523748148831348,0.06839774303404546,0.2958333333333333,0.7041666666666667,0.18888888888888888,0.8111111111111111,0.09166666666666667,0.9083333333333333,0.3879310344827586
llama31_8b_instruct,mmlu,3,0.613,contrastive_hidden,supcon_mlp,0.7711300599700149,0.8485441653237387,0.22388561197275256,0.1803034887626806,0.19308757782934524,0.10624783937507722,0.30000000000000004,0.7,0.24444444444444446,0.7555555555555555,0.1333333333333333,0.8666666666666667,0.3793103448275862
llama31_8b_instruct,mmlu,3,0.613,cheap_plus_contrastive,supcon_embedding_plus_logreg,0.7823275862068965,0.8641980213665506,0.2828601701626916,0.2807325977318888,0.1824581197227213,0.09561838126845328,0.30000000000000004,0.7,0.24444444444444446,0.7555555555555555,0.1333333333333333,0.8666666666666667,0.3793103448275862
llama31_8b_instruct,mmlu,4,0.613,cheap_conf_option,logreg,0.800599700149925,0.882707426468704,0.18461005681733586,0.0939374803448286,0.1697471275120976,0.08290738905782959,0.3208333333333333,0.6791666666666667,0.2055555555555556,0.7944444444444444,0.125,0.875,0.33620689655172414
llama31_8b_instruct,mmlu,4,0.613,hidden_summaries,logreg,0.7669134182908546,0.853202390482077,0.1953010453726264,0.07974528537506263,0.1905751803302267,0.10373544187595866,0.32499999999999996,0.675,0.24444444444444446,0.7555555555555555,0.15000000000000002,0.85,0.3275862068965517
llama31_8b_instruct,mmlu,4,0.613,cheap_plus_summaries,extratrees,0.8065498500749625,0.8816370880334388,0.1774266634241886,0.07021216562984571,0.1697791353621831,0.08293939690791506,0.3041666666666667,0.6958333333333333,0.2222222222222222,0.7777777777777778,0.1166666666666667,0.8833333333333333,0.3706896551724138
llama31_8b_instruct,mmlu,4,0.613,pca_hidden,extratrees,0.7717391304347826,0.86884549925743,0.1916824145631449,0.0662556359034086,0.18086811170503475,0.09402837325076673,0.3125,0.6875,0.24444444444444446,0.7555555555555555,0.1333333333333333,0.8666666666666667,0.35344827586206895
llama31_8b_instruct,mmlu,4,0.613,cheap_plus_pca_hidden,extratrees,0.8006465517241379,0.8831301545616412,0.17744614905893571,0.06439910762183917,0.1694972594794212,0.08265752102515318,0.32499999999999996,0.675,0.21111111111111114,0.7888888888888889,0.10833333333333328,0.8916666666666667,0.3275862068965517
llama31_8b_instruct,mmlu,4,0.613,contrastive_hidden,supcon_mlp,0.7246064467766117,0.8120293315282051,0.2585687788824737,0.23406794546943535,0.22072138135851382,0.1338816429042458,0.35,0.65,0.2666666666666667,0.7333333333333333,0.14166666666666672,0.8583333333333333,0.27586206896551724
llama31_8b_instruct,mmlu,4,0.613,cheap_plus_contrastive,supcon_embedding_plus_logreg,0.7165948275862069,0.7913408113188595,0.31627658272616127,0.3065311491349171,0.23553823298985577,0.14869849453558776,0.3416666666666667,0.6583333333333333,0.2666666666666667,0.7333333333333333,0.15000000000000002,0.85,0.29310344827586204
