model,dataset,split,pca_dim,cheap_auroc,cheap_plus_pca_auroc,gain,pca_variance
gemma2_9b_it,arc_challenge,0,8,0.8623063683304647,0.7917383820998279,-0.07056798623063676,0.41510331630706787
gemma2_9b_it,arc_challenge,0,16,0.8623063683304647,0.7555938037865749,-0.10671256454388978,0.540757417678833
gemma2_9b_it,arc_challenge,0,32,0.8623063683304647,0.7194492254733218,-0.1428571428571429,0.668103814125061
gemma2_9b_it,arc_challenge,0,64,0.8623063683304647,0.76592082616179,-0.09638554216867468,0.7980133295059204
gemma2_9b_it,arc_challenge,0,128,0.8623063683304647,0.8382099827882961,-0.02409638554216864,0.9275520443916321
gemma2_9b_it,arc_challenge,0,256,0.8623063683304647,0.7969018932874354,-0.06540447504302926,0.9995316863059998
gemma2_9b_it,arc_challenge,1,8,0.8967297762478486,0.9036144578313252,0.0068846815834766595,0.41857820749282837
gemma2_9b_it,arc_challenge,1,16,0.8967297762478486,0.8881239242685026,-0.008605851979345935,0.5451488494873047
gemma2_9b_it,arc_challenge,1,32,0.8967297762478486,0.919104991394148,0.022375215146299476,0.6707813739776611
gemma2_9b_it,arc_challenge,1,64,0.8967297762478486,0.9242685025817555,0.02753872633390697,0.8012919425964355
gemma2_9b_it,arc_challenge,1,128,0.8967297762478486,0.9328743545611016,0.03614457831325302,0.9283216595649719
gemma2_9b_it,arc_challenge,1,256,0.8967297762478486,0.8967297762478486,0.0,0.9995085000991821
gemma2_9b_it,arc_challenge,2,8,0.8175559380378657,0.82960413080895,0.012048192771084265,0.41547441482543945
gemma2_9b_it,arc_challenge,2,16,0.8175559380378657,0.757314974182444,-0.06024096385542177,0.5425868034362793
gemma2_9b_it,arc_challenge,2,32,0.8175559380378657,0.7590361445783133,-0.058519793459552494,0.6692240834236145
gemma2_9b_it,arc_challenge,2,64,0.8175559380378657,0.8106712564543891,-0.0068846815834766595,0.7999790906906128
gemma2_9b_it,arc_challenge,2,128,0.8175559380378657,0.8209982788296042,0.0034423407917384408,0.9275213479995728
gemma2_9b_it,arc_challenge,2,256,0.8175559380378657,0.7900172117039587,-0.027538726333907082,0.9995171427726746
gemma2_9b_it,arc_challenge,3,8,0.9414802065404474,0.8812392426850257,-0.06024096385542166,0.4084668755531311
gemma2_9b_it,arc_challenge,3,16,0.9414802065404474,0.846815834767642,-0.0946643717728054,0.5385220050811768
gemma2_9b_it,arc_challenge,3,32,0.9414802065404474,0.8227194492254734,-0.11876075731497404,0.6656556129455566
gemma2_9b_it,arc_challenge,3,64,0.9414802065404474,0.7986230636833046,-0.1428571428571428,0.7960359454154968
gemma2_9b_it,arc_challenge,3,128,0.9414802065404474,0.8588640275387264,-0.08261617900172102,0.9254566431045532
gemma2_9b_it,arc_challenge,3,256,0.9414802065404474,0.8571428571428571,-0.0843373493975903,0.999494731426239
gemma2_9b_it,arc_challenge,4,8,0.919104991394148,0.8760757314974184,-0.04302925989672968,0.40762946009635925
gemma2_9b_it,arc_challenge,4,16,0.919104991394148,0.8055077452667814,-0.11359724612736666,0.5386903285980225
gemma2_9b_it,arc_challenge,4,32,0.919104991394148,0.6196213425129088,-0.29948364888123924,0.6658616065979004
gemma2_9b_it,arc_challenge,4,64,0.919104991394148,0.6901893287435455,-0.22891566265060248,0.7969124913215637
gemma2_9b_it,arc_challenge,4,128,0.919104991394148,0.746987951807229,-0.17211703958691904,0.9257060289382935
gemma2_9b_it,arc_challenge,4,256,0.919104991394148,0.7401032702237522,-0.1790017211703958,0.9995057582855225
gemma2_9b_it,commonsenseqa,0,8,0.8314245529435403,0.8239233808854062,-0.0075011720581341645,0.37323036789894104
gemma2_9b_it,commonsenseqa,0,16,0.8314245529435403,0.8240573303864444,-0.007367222557095987,0.49687469005584717
gemma2_9b_it,commonsenseqa,0,32,0.8314245529435403,0.7951242381622129,-0.03630031478132745,0.6037412285804749
gemma2_9b_it,commonsenseqa,0,64,0.8314245529435403,0.7724867724867726,-0.058937780456767785,0.704947829246521
gemma2_9b_it,commonsenseqa,0,128,0.8314245529435403,0.7606992163954189,-0.07072533654812141,0.8017555475234985
gemma2_9b_it,commonsenseqa,0,256,0.8314245529435403,0.7210501640881389,-0.1103743888554014,0.8949799537658691
gemma2_9b_it,commonsenseqa,1,8,0.7925122228919698,0.7992096979438752,0.006697475051905433,0.3693079948425293
gemma2_9b_it,commonsenseqa,1,16,0.7925122228919698,0.8089880115196572,0.016475788627687393,0.49357664585113525
gemma2_9b_it,commonsenseqa,1,32,0.7925122228919698,0.8056392739937045,0.013127051101734732,0.6014118194580078
gemma2_9b_it,commonsenseqa,1,64,0.7925122228919698,0.789163485366017,-0.003348737525952772,0.7031457424163818
gemma2_9b_it,commonsenseqa,1,128,0.7925122228919698,0.764516777175005,-0.027995445716964773,0.8007513284683228
gemma2_9b_it,commonsenseqa,1,256,0.7925122228919698,0.7278815886410822,-0.06463063425088755,0.8942186832427979
gemma2_9b_it,commonsenseqa,2,8,0.8426093362802224,0.8500435335878374,0.007434197307614965,0.3701466917991638
gemma2_9b_it,commonsenseqa,2,16,0.8426093362802224,0.8465608465608466,0.0039515102806242375,0.49143916368484497
gemma2_9b_it,commonsenseqa,2,32,0.8426093362802224,0.8449534525483893,0.002344116268166885,0.5989482998847961
gemma2_9b_it,commonsenseqa,2,64,0.8426093362802224,0.8085861630165427,-0.03402317326367965,0.7005829811096191
gemma2_9b_it,commonsenseqa,2,128,0.8426093362802224,0.7718839997321011,-0.0707253365481213,0.7989005446434021
gemma2_9b_it,commonsenseqa,2,256,0.8426093362802224,0.76699484294421,-0.07561449333601233,0.8930702209472656
gemma2_9b_it,commonsenseqa,3,8,0.8160873350746769,0.8239903556359253,0.007903020561248364,0.3697478771209717
gemma2_9b_it,commonsenseqa,3,16,0.8160873350746769,0.8294822851784875,0.013394950103810643,0.4967285990715027
gemma2_9b_it,commonsenseqa,3,32,0.8160873350746769,0.816087335074677,1.1102230246251565e-16,0.6035248041152954
gemma2_9b_it,commonsenseqa,3,64,0.8160873350746769,0.8069787690040854,-0.009108566070591517,0.7047247886657715
gemma2_9b_it,commonsenseqa,3,128,0.8160873350746769,0.7528631705846895,-0.06322416448998736,0.8018907308578491
gemma2_9b_it,commonsenseqa,3,256,0.8160873350746769,0.7043064764583751,-0.11178085861630183,0.8953021168708801
gemma2_9b_it,commonsenseqa,4,8,0.779251222289197,0.7817962628089211,0.002545040519724151,0.37083539366722107
gemma2_9b_it,commonsenseqa,4,16,0.779251222289197,0.7835376063224164,0.004286384033219459,0.49383747577667236
gemma2_9b_it,commonsenseqa,4,32,0.779251222289197,0.7557430848570089,-0.023508137432188048,0.6023972630500793
gemma2_9b_it,commonsenseqa,4,64,0.779251222289197,0.7144196637867524,-0.0648315585024446,0.702713668346405
gemma2_9b_it,commonsenseqa,4,128,0.779251222289197,0.652200120554551,-0.12705110173464595,0.799949049949646
gemma2_9b_it,commonsenseqa,4,256,0.779251222289197,0.6814680865313777,-0.09778313575781927,0.893822968006134
gemma2_9b_it,hellaswag,0,8,0.7841232841232842,0.7856772856772857,0.0015540015540014274,0.4385318160057068
gemma2_9b_it,hellaswag,0,16,0.7841232841232842,0.7770007770007771,-0.007122507122507171,0.5461905598640442
gemma2_9b_it,hellaswag,0,32,0.7841232841232842,0.7458559958559958,-0.038267288267288424,0.6486703157424927
gemma2_9b_it,hellaswag,0,64,0.7841232841232842,0.7286324786324786,-0.05549080549080565,0.74721360206604
gemma2_9b_it,hellaswag,0,128,0.7841232841232842,0.712056462056462,-0.07206682206682224,0.8382247686386108
gemma2_9b_it,hellaswag,0,256,0.7841232841232842,0.6954156954156955,-0.08870758870758877,0.9183090925216675
gemma2_9b_it,hellaswag,1,8,0.7683242683242684,0.7743460243460244,0.006021756021756031,0.4364592730998993
gemma2_9b_it,hellaswag,1,16,0.7683242683242684,0.7689717689717691,0.0006475006475007428,0.5460205078125
gemma2_9b_it,hellaswag,1,32,0.7683242683242684,0.7476689976689976,-0.02065527065527073,0.650946855545044
gemma2_9b_it,hellaswag,1,64,0.7683242683242684,0.7345247345247345,-0.03379953379953382,0.7492207288742065
gemma2_9b_it,hellaswag,1,128,0.7683242683242684,0.7375679875679876,-0.030756280756280785,0.839630126953125
gemma2_9b_it,hellaswag,1,256,0.7683242683242684,0.7024087024087025,-0.06591556591556591,0.918857753276825
gemma2_9b_it,hellaswag,2,8,0.787037037037037,0.8023828023828025,0.015345765345765483,0.43398988246917725
gemma2_9b_it,hellaswag,2,16,0.787037037037037,0.8111888111888111,0.024151774151774164,0.5439221858978271
gemma2_9b_it,hellaswag,2,32,0.787037037037037,0.8064620564620564,0.019425019425019396,0.6490340828895569
gemma2_9b_it,hellaswag,2,64,0.787037037037037,0.7875550375550376,0.0005180005180006608,0.747727632522583
gemma2_9b_it,hellaswag,2,128,0.787037037037037,0.759000259000259,-0.028036778036777954,0.8385465741157532
gemma2_9b_it,hellaswag,2,256,0.787037037037037,0.7325822325822325,-0.05445480445480444,0.9181841015815735
gemma2_9b_it,hellaswag,3,8,0.8054908054908055,0.8077570577570578,0.002266252266252211,0.4360113739967346
gemma2_9b_it,hellaswag,3,16,0.8054908054908055,0.7913752913752914,-0.01411551411551415,0.5468138456344604
gemma2_9b_it,hellaswag,3,32,0.8054908054908055,0.8038073038073038,-0.0016835016835017313,0.650691568851471
gemma2_9b_it,hellaswag,3,64,0.8054908054908055,0.7834757834757835,-0.022015022015022034,0.7486563920974731
gemma2_9b_it,hellaswag,3,128,0.8054908054908055,0.7635975135975136,-0.04189329189329194,0.8391913771629333
gemma2_9b_it,hellaswag,3,256,0.8054908054908055,0.6919191919191919,-0.1135716135716136,0.9187818765640259
gemma2_9b_it,hellaswag,4,8,0.7764180264180264,0.773957523957524,-0.002460502460502334,0.43548452854156494
gemma2_9b_it,hellaswag,4,16,0.7764180264180264,0.7746050246050247,-0.0018130018130017023,0.544471800327301
gemma2_9b_it,hellaswag,4,32,0.7764180264180264,0.7702020202020201,-0.006216006216006265,0.6476693153381348
gemma2_9b_it,hellaswag,4,64,0.7764180264180264,0.7522015022015022,-0.024216524216524205,0.7465363144874573
gemma2_9b_it,hellaswag,4,128,0.7764180264180264,0.7685185185185185,-0.007899507899507885,0.8381096124649048
gemma2_9b_it,hellaswag,4,256,0.7764180264180264,0.702926702926703,-0.07349132349132337,0.9180670380592346
gemma2_9b_it,mmlu,0,8,0.8788319534571493,0.8905236070709331,0.011691653613783881,0.4372227191925049
gemma2_9b_it,mmlu,0,16,0.8788319534571493,0.8899641978071157,0.011132244349966403,0.5509533882141113
gemma2_9b_it,mmlu,0,32,0.8788319534571493,0.8867196240769747,0.007887670619825426,0.6443889737129211
gemma2_9b_it,mmlu,0,64,0.8788319534571493,0.8617699709107184,-0.017061982546430876,0.7329206466674805
gemma2_9b_it,mmlu,0,128,0.8788319534571493,0.8491273215484448,-0.029704631908704426,0.8197159767150879
gemma2_9b_it,mmlu,0,256,0.8788319534571493,0.8350302081002461,-0.04380174535690318,0.9054742455482483
gemma2_9b_it,mmlu,1,8,0.8786081897516222,0.8984672186171403,0.019859028865518047,0.4370838701725006
gemma2_9b_it,mmlu,1,16,0.8786081897516222,0.8969008726784514,0.018292682926829174,0.5504368543624878
gemma2_9b_it,mmlu,1,32,0.8786081897516222,0.8968449317520697,0.018236742000447448,0.6443078517913818
gemma2_9b_it,mmlu,1,64,0.8786081897516222,0.8856008055493398,0.006992615797717594,0.7330736517906189
gemma2_9b_it,mmlu,1,128,0.8786081897516222,0.8795032445737301,0.0008950548221078325,0.8199729919433594
gemma2_9b_it,mmlu,1,256,0.8786081897516222,0.8630006712911167,-0.015607518460505565,0.9057241082191467
gemma2_9b_it,mmlu,2,8,0.8594204520026851,0.8560080554933991,-0.003412396509286042,0.4429703950881958
gemma2_9b_it,mmlu,2,16,0.8594204520026851,0.8520362497202953,-0.007384202282389785,0.5561237335205078
gemma2_9b_it,mmlu,2,32,0.8594204520026851,0.8650704855672411,0.005650033564555956,0.646530032157898
gemma2_9b_it,mmlu,2,64,0.8594204520026851,0.8448198702170509,-0.014600581785634281,0.73497474193573
gemma2_9b_it,mmlu,2,128,0.8594204520026851,0.7885992392034012,-0.07082121279928388,0.8206756711006165
gemma2_9b_it,mmlu,2,256,0.8594204520026851,0.7817744461848287,-0.07764600581785641,0.905753493309021
gemma2_9b_it,mmlu,3,8,0.8353658536585366,0.8567912284627432,0.021425374804206698,0.4389302134513855
gemma2_9b_it,mmlu,3,16,0.8353658536585366,0.8396733049899306,0.0043074513313940965,0.5521206855773926
gemma2_9b_it,mmlu,3,32,0.8353658536585366,0.8333519803087939,-0.0020138733497426786,0.6458402276039124
gemma2_9b_it,mmlu,3,64,0.8353658536585366,0.8419109420452003,0.006545088386663789,0.7339142560958862
gemma2_9b_it,mmlu,3,128,0.8353658536585366,0.8397292459163124,0.004363392257775822,0.8199549317359924
gemma2_9b_it,mmlu,3,256,0.8353658536585366,0.8369321995972253,0.0015663459386887624,0.9057012796401978
gemma2_9b_it,mmlu,4,8,0.8704967554262699,0.8770977847393152,0.006601029313045292,0.4348856210708618
gemma2_9b_it,mmlu,4,16,0.8704967554262699,0.8750279704631909,0.004531215036920999,0.5504577159881592
gemma2_9b_it,mmlu,4,32,0.8704967554262699,0.8678675318863281,-0.002629223539941772,0.6433719396591187
gemma2_9b_it,mmlu,4,64,0.8704967554262699,0.8473931528306109,-0.023103602595659023,0.7311407923698425
gemma2_9b_it,mmlu,4,128,0.8704967554262699,0.8286529424927278,-0.04184381293354211,0.8182229995727539
gemma2_9b_it,mmlu,4,256,0.8704967554262699,0.7889348847616916,-0.08156187066457832,0.9043336510658264
llama31_8b_instruct,arc_challenge,0,8,0.8966049382716049,0.8966049382716048,-1.1102230246251565e-16,0.3991806209087372
llama31_8b_instruct,arc_challenge,0,16,0.8966049382716049,0.8688271604938271,-0.02777777777777779,0.541615903377533
llama31_8b_instruct,arc_challenge,0,32,0.8966049382716049,0.8526234567901234,-0.04398148148148151,0.6796625852584839
llama31_8b_instruct,arc_challenge,0,64,0.8966049382716049,0.8541666666666666,-0.042438271604938294,0.8130586743354797
llama31_8b_instruct,arc_challenge,0,128,0.8966049382716049,0.8209876543209876,-0.07561728395061729,0.9341884851455688
llama31_8b_instruct,arc_challenge,0,256,0.8966049382716049,0.8472222222222223,-0.0493827160493826,0.9995515942573547
llama31_8b_instruct,arc_challenge,1,8,0.9020061728395062,0.8989197530864199,-0.0030864197530863224,0.4066917896270752
llama31_8b_instruct,arc_challenge,1,16,0.9020061728395062,0.8634259259259259,-0.03858024691358031,0.5508411526679993
llama31_8b_instruct,arc_challenge,1,32,0.9020061728395062,0.871141975308642,-0.030864197530864224,0.6829408407211304
llama31_8b_instruct,arc_challenge,1,64,0.9020061728395062,0.8279320987654321,-0.07407407407407418,0.8140670657157898
llama31_8b_instruct,arc_challenge,1,128,0.9020061728395062,0.8155864197530863,-0.08641975308641991,0.9338786602020264
llama31_8b_instruct,arc_challenge,1,256,0.9020061728395062,0.7885802469135803,-0.11342592592592593,0.9995589256286621
llama31_8b_instruct,arc_challenge,2,8,0.8132716049382716,0.7847222222222223,-0.028549382716049232,0.4018295407295227
llama31_8b_instruct,arc_challenge,2,16,0.8132716049382716,0.7785493827160495,-0.0347222222222221,0.5420856475830078
llama31_8b_instruct,arc_challenge,2,32,0.8132716049382716,0.7669753086419754,-0.04629629629629617,0.6769183874130249
llama31_8b_instruct,arc_challenge,2,64,0.8132716049382716,0.7885802469135802,-0.024691358024691357,0.8101540803909302
llama31_8b_instruct,arc_challenge,2,128,0.8132716049382716,0.763888888888889,-0.0493827160493826,0.9327213764190674
llama31_8b_instruct,arc_challenge,2,256,0.8132716049382716,0.7716049382716049,-0.04166666666666663,0.9995471835136414
llama31_8b_instruct,arc_challenge,3,8,0.8256172839506173,0.7746913580246914,-0.05092592592592593,0.40943652391433716
llama31_8b_instruct,arc_challenge,3,16,0.8256172839506173,0.779320987654321,-0.04629629629629628,0.5514287352561951
llama31_8b_instruct,arc_challenge,3,32,0.8256172839506173,0.7708333333333334,-0.054783950617283916,0.6829550862312317
llama31_8b_instruct,arc_challenge,3,64,0.8256172839506173,0.8125,-0.013117283950617287,0.8141129016876221
llama31_8b_instruct,arc_challenge,3,128,0.8256172839506173,0.746141975308642,-0.07947530864197527,0.9349632263183594
llama31_8b_instruct,arc_challenge,3,256,0.8256172839506173,0.7492283950617286,-0.07638888888888873,0.9995976686477661
llama31_8b_instruct,arc_challenge,4,8,0.8912037037037037,0.8834876543209876,-0.007716049382716084,0.41030067205429077
llama31_8b_instruct,arc_challenge,4,16,0.8912037037037037,0.8912037037037036,-1.1102230246251565e-16,0.5449627637863159
llama31_8b_instruct,arc_challenge,4,32,0.8912037037037037,0.8912037037037037,0.0,0.6780703067779541
llama31_8b_instruct,arc_challenge,4,64,0.8912037037037037,0.8950617283950617,0.0038580246913579863,0.8119077086448669
llama31_8b_instruct,arc_challenge,4,128,0.8912037037037037,0.8510802469135803,-0.04012345679012341,0.9332503080368042
llama31_8b_instruct,arc_challenge,4,256,0.8912037037037037,0.8287037037037037,-0.0625,0.9995559453964233
llama31_8b_instruct,commonsenseqa,0,8,0.7557172557172558,0.768018018018018,0.012300762300762158,0.40144795179367065
llama31_8b_instruct,commonsenseqa,0,16,0.7557172557172558,0.7644952644952645,0.008778008778008717,0.51826012134552
llama31_8b_instruct,commonsenseqa,0,32,0.7557172557172558,0.7342342342342343,-0.021483021483021503,0.6270008087158203
llama31_8b_instruct,commonsenseqa,0,64,0.7557172557172558,0.7313467313467313,-0.02437052437052445,0.7324466705322266
llama31_8b_instruct,commonsenseqa,0,128,0.7557172557172558,0.7185839685839687,-0.03713328713328712,0.8271543979644775
llama31_8b_instruct,commonsenseqa,0,256,0.7557172557172558,0.6781011781011782,-0.07761607761607758,0.9119411706924438
llama31_8b_instruct,commonsenseqa,1,8,0.8138715638715639,0.8294640794640794,0.01559251559251551,0.40023404359817505
llama31_8b_instruct,commonsenseqa,1,16,0.8138715638715639,0.8364518364518365,0.02258027258027262,0.5192209482192993
llama31_8b_instruct,commonsenseqa,1,32,0.8138715638715639,0.7997227997227997,-0.014148764148764204,0.6268078684806824
llama31_8b_instruct,commonsenseqa,1,64,0.8138715638715639,0.7867290367290367,-0.027142527142527184,0.7327538728713989
llama31_8b_instruct,commonsenseqa,1,128,0.8138715638715639,0.7655925155925157,-0.048279048279048165,0.8273319005966187
llama31_8b_instruct,commonsenseqa,1,256,0.8138715638715639,0.7653615153615153,-0.04851004851004859,0.9121083617210388
llama31_8b_instruct,commonsenseqa,2,8,0.8003580503580503,0.8132940632940634,0.012936012936013097,0.4032337963581085
llama31_8b_instruct,commonsenseqa,2,16,0.8003580503580503,0.8147378147378148,0.014379764379764515,0.5208252668380737
llama31_8b_instruct,commonsenseqa,2,32,0.8003580503580503,0.8141025641025641,0.013744513744513798,0.6297258138656616
llama31_8b_instruct,commonsenseqa,2,64,0.8003580503580503,0.8078078078078078,0.00744975744975751,0.7344810962677002
llama31_8b_instruct,commonsenseqa,2,128,0.8003580503580503,0.7873065373065373,-0.013051513051512975,0.8284975290298462
llama31_8b_instruct,commonsenseqa,2,256,0.8003580503580503,0.6918456918456918,-0.10851235851235852,0.9125574231147766
llama31_8b_instruct,commonsenseqa,3,8,0.8258258258258259,0.8272695772695773,0.0014437514437514176,0.4006962776184082
llama31_8b_instruct,commonsenseqa,3,16,0.8258258258258259,0.8305035805035804,0.004677754677754553,0.5180865526199341
llama31_8b_instruct,commonsenseqa,3,32,0.8258258258258259,0.8188380688380688,-0.00698775698775711,0.6264830231666565
llama31_8b_instruct,commonsenseqa,3,64,0.8258258258258259,0.7994917994917994,-0.026334026334026484,0.7319384813308716
llama31_8b_instruct,commonsenseqa,3,128,0.8258258258258259,0.794987294987295,-0.03083853083853083,0.8265101313591003
llama31_8b_instruct,commonsenseqa,3,256,0.8258258258258259,0.7855162855162856,-0.04030954030954026,0.9115798473358154
llama31_8b_instruct,commonsenseqa,4,8,0.7567567567567568,0.7743127743127742,0.017556017556017434,0.4044021666049957
llama31_8b_instruct,commonsenseqa,4,16,0.7567567567567568,0.7715985215985216,0.014841764841764804,0.5205755233764648
llama31_8b_instruct,commonsenseqa,4,32,0.7567567567567568,0.7630515130515131,0.006294756294756287,0.6283771395683289
llama31_8b_instruct,commonsenseqa,4,64,0.7567567567567568,0.7566990066990066,-5.775005775021658e-05,0.7336090803146362
llama31_8b_instruct,commonsenseqa,4,128,0.7567567567567568,0.7296719796719796,-0.02708477708477719,0.8280625939369202
llama31_8b_instruct,commonsenseqa,4,256,0.7567567567567568,0.7439939939939939,-0.012762762762762891,0.9123455286026001
llama31_8b_instruct,hellaswag,0,8,0.7880379874722166,0.7783895736512426,-0.009648413820974033,0.4374038577079773
llama31_8b_instruct,hellaswag,0,16,0.7880379874722166,0.7819256415437462,-0.006112345928470431,0.5550202131271362
llama31_8b_instruct,hellaswag,0,32,0.7880379874722166,0.7753586583148111,-0.01267932915740555,0.6599873304367065
llama31_8b_instruct,hellaswag,0,64,0.7880379874722166,0.7448474439280663,-0.043190543544150306,0.7622010707855225
llama31_8b_instruct,hellaswag,0,128,0.7880379874722166,0.737724792887452,-0.05031319458476469,0.8522537350654602
llama31_8b_instruct,hellaswag,0,256,0.7880379874722166,0.7186805415235401,-0.06935744594867654,0.9286584258079529
llama31_8b_instruct,hellaswag,1,8,0.7750555667811679,0.7791473024853506,0.004091735704182642,0.43478426337242126
llama31_8b_instruct,hellaswag,1,16,0.7750555667811679,0.7673267326732673,-0.007728834107900595,0.5524569749832153
llama31_8b_instruct,hellaswag,1,32,0.7750555667811679,0.7612649020004042,-0.01379066478076374,0.6568627953529358
llama31_8b_instruct,hellaswag,1,64,0.7750555667811679,0.7401495251565973,-0.03490604162457067,0.7593661546707153
llama31_8b_instruct,hellaswag,1,128,0.7750555667811679,0.7183774499898969,-0.056678116791270994,0.8507171869277954
llama31_8b_instruct,hellaswag,1,256,0.7750555667811679,0.6886744796928673,-0.08638108708830061,0.9277269840240479
llama31_8b_instruct,hellaswag,2,8,0.7760153566377046,0.7829864619114972,0.006971105273792633,0.4354771673679352
llama31_8b_instruct,hellaswag,2,16,0.7760153566377046,0.7784906041624571,0.0024752475247524774,0.5503822565078735
llama31_8b_instruct,hellaswag,2,32,0.7760153566377046,0.7496463932107498,-0.026368963426954828,0.6559030413627625
llama31_8b_instruct,hellaswag,2,64,0.7760153566377046,0.7527783390583956,-0.02323701757930896,0.7595072388648987
llama31_8b_instruct,hellaswag,2,128,0.7760153566377046,0.7284805011113356,-0.047534855526369046,0.8511781096458435
llama31_8b_instruct,hellaswag,2,256,0.7760153566377046,0.705597090321277,-0.07041826631642756,0.9281610250473022
llama31_8b_instruct,hellaswag,3,8,0.7766215397049908,0.7673772479288745,-0.009244291776116298,0.43527883291244507
llama31_8b_instruct,hellaswag,3,16,0.7766215397049908,0.7687411598302687,-0.007880379874722121,0.550940215587616
llama31_8b_instruct,hellaswag,3,32,0.7766215397049908,0.7575267730854718,-0.019094766619519032,0.6554648280143738
llama31_8b_instruct,hellaswag,3,64,0.7766215397049908,0.7433319862598505,-0.033289553445140285,0.7588088512420654
llama31_8b_instruct,hellaswag,3,128,0.7766215397049908,0.7323196605374822,-0.04430187916750861,0.8501409888267517
llama31_8b_instruct,hellaswag,3,256,0.7766215397049908,0.6948878561325522,-0.0817336835724386,0.9273335337638855
llama31_8b_instruct,hellaswag,4,8,0.728328955344514,0.7204485754697917,-0.007880379874722343,0.437191367149353
llama31_8b_instruct,hellaswag,4,16,0.728328955344514,0.707668215801172,-0.02066073954334202,0.5535611510276794
llama31_8b_instruct,hellaswag,4,32,0.728328955344514,0.7001414427157001,-0.028187512628813916,0.6578640341758728
llama31_8b_instruct,hellaswag,4,64,0.728328955344514,0.6994847443928067,-0.028844210951707305,0.7606305480003357
llama31_8b_instruct,hellaswag,4,128,0.728328955344514,0.6863507779349365,-0.041978177409577544,0.8514864444732666
llama31_8b_instruct,hellaswag,4,256,0.728328955344514,0.6754899979793898,-0.05283895736512423,0.9279786348342896
llama31_8b_instruct,mmlu,0,8,0.8289449025487255,0.8273519490254871,-0.0015929535232384051,0.43335193395614624
llama31_8b_instruct,mmlu,0,16,0.8289449025487255,0.81606071964018,-0.012884182908545538,0.5498484373092651
llama31_8b_instruct,mmlu,0,32,0.8289449025487255,0.8144677661169416,-0.014477136431783943,0.6482098698616028
llama31_8b_instruct,mmlu,0,64,0.8289449025487255,0.8236506746626686,-0.005294227886056935,0.7418345212936401
llama31_8b_instruct,mmlu,0,128,0.8289449025487255,0.7961488005997002,-0.03279610194902538,0.8313245177268982
llama31_8b_instruct,mmlu,0,256,0.8289449025487255,0.7668665667166416,-0.062078335832084,0.9158209562301636
llama31_8b_instruct,mmlu,1,8,0.7930097451274363,0.7964299100449774,0.0034201649175411575,0.435556560754776
llama31_8b_instruct,mmlu,1,16,0.7930097451274363,0.7988193403298351,0.005809595202398876,0.5494692325592041
llama31_8b_instruct,mmlu,1,32,0.7930097451274363,0.7986319340329835,0.005622188905547221,0.6481926441192627
llama31_8b_instruct,mmlu,1,64,0.7930097451274363,0.7979291604197901,0.004919415292353846,0.7420348525047302
llama31_8b_instruct,mmlu,1,128,0.7930097451274363,0.7706146926536732,-0.022395052473763055,0.8308539390563965
llama31_8b_instruct,mmlu,1,256,0.7930097451274363,0.7047882308845577,-0.08822151424287861,0.9151495695114136
llama31_8b_instruct,mmlu,2,8,0.8408452023988006,0.8423444527736133,0.0014992503748126884,0.43671703338623047
llama31_8b_instruct,mmlu,2,16,0.8408452023988006,0.8427661169415293,0.0019209145427286911,0.5548590421676636
llama31_8b_instruct,mmlu,2,32,0.8408452023988006,0.838502623688156,-0.002342578710644583,0.6527358889579773
llama31_8b_instruct,mmlu,2,64,0.8408452023988006,0.8315685907046476,-0.009276611694152948,0.7449451684951782
llama31_8b_instruct,mmlu,2,128,0.8408452023988006,0.8175131184407796,-0.023332083958021,0.8334664702415466
llama31_8b_instruct,mmlu,2,256,0.8408452023988006,0.7876686656671664,-0.05317653673163414,0.9171562194824219
llama31_8b_instruct,mmlu,3,8,0.8295539730134933,0.8300224887556222,0.00046851574212891656,0.4343481957912445
llama31_8b_instruct,mmlu,3,16,0.8295539730134933,0.8202773613193404,-0.009276611694152948,0.5507242679595947
llama31_8b_instruct,mmlu,3,32,0.8295539730134933,0.8206053223388307,-0.008948650674662662,0.64801424741745
llama31_8b_instruct,mmlu,3,64,0.8295539730134933,0.8188718140929535,-0.010682158920539808,0.7410833835601807
llama31_8b_instruct,mmlu,3,128,0.8295539730134933,0.8000843328335832,-0.02946964017991016,0.8302516937255859
llama31_8b_instruct,mmlu,3,256,0.8295539730134933,0.7687874812593702,-0.060766491754123075,0.9144312143325806
llama31_8b_instruct,mmlu,4,8,0.800599700149925,0.802754872563718,0.0021551724137930384,0.43205294013023376
llama31_8b_instruct,mmlu,4,16,0.800599700149925,0.80148988005997,0.0008901799100450303,0.5496541261672974
llama31_8b_instruct,mmlu,4,32,0.800599700149925,0.7994752623688156,-0.0011244377811093775,0.6478060483932495
llama31_8b_instruct,mmlu,4,64,0.800599700149925,0.7855134932533733,-0.015086206896551713,0.7411478757858276
llama31_8b_instruct,mmlu,4,128,0.800599700149925,0.761431784107946,-0.039167916041979,0.8302977085113525
llama31_8b_instruct,mmlu,4,256,0.800599700149925,0.7563249625187406,-0.04427473763118439,0.9147239327430725
