model,dataset,seed,split_mode,family,candidate,C,pca_dim,n,accuracy,n_correct,n_failures,n_train,n_val,n_test,test_failures,analysis_group,cheap_cols,hidden_key,val_auroc_correct,val_auprc_failure,val_aurc,val_eaurc,val_risk_at_80,val_risk_at_60,val_risk_at_40,val_failure_precision_at_20_abstain,val_failure_recall_at_20_abstain,test_auroc_correct,test_auprc_failure,test_aurc,test_eaurc,test_risk_at_80,test_risk_at_60,test_risk_at_40,test_failure_precision_at_20_abstain,test_failure_recall_at_20_abstain,selected_by,test_auroc_correct_ci_low,test_auroc_correct_ci_high,test_auprc_failure_ci_low,test_auprc_failure_ci_high,test_risk_at_80_ci_low,test_risk_at_80_ci_high,test_risk_at_60_ci_low,test_risk_at_60_ci_high,test_risk_at_40_ci_low,test_risk_at_40_ci_high,test_aurc_ci_low,test_aurc_ci_high,test_eaurc_ci_low,test_eaurc_ci_high,test_failure_precision_at_20_abstain_ci_low,test_failure_precision_at_20_abstain_ci_high,test_failure_recall_at_20_abstain_ci_low,test_failure_recall_at_20_abstain_ci_high
deepseek_r1_qwen7b,arc_challenge,0,stratified,confidence_option,cheap,10.0,0,299,0.32441471571906355,97,202,179,60,60,41,deepseek_stress_test,n_options|p_max|prob_margin|entropy|logit_margin|prob_A|prob_B|prob_C|prob_D|logit_A|logit_B|logit_C|logit_D|early_layer7_max|late_layer21_max|final_layer28_max,all,0.69125,0.8562586839080173,0.5269016208118594,0.2265007616367669,0.5833333333333334,0.5277777777777778,0.5833333333333334,1.0,0.3,0.6379974326059049,0.825333033886967,0.6078848757718301,0.28875405955549227,0.6458333333333334,0.5555555555555556,0.6666666666666666,0.8333333333333334,0.24390243902439024,validation_auroc_locked,0.4824796529712369,0.7756805555555555,0.7101525605688688,0.9228770657588986,0.5098958333333333,0.7708333333333334,0.4444444444444444,0.75,0.4583333333333333,0.8333333333333334,0.46191453681161965,0.793267422929966,0.17465635483492395,0.41204363815129874,0.6666666666666666,1.0,0.18673691860465116,0.3102163461538461
deepseek_r1_qwen7b,arc_challenge,0,stratified,hidden_pca,hidden_pca_64,10.0,64,299,0.32441471571906355,97,202,179,60,60,41,deepseek_stress_test,n_options|p_max|prob_margin|entropy|logit_margin|prob_A|prob_B|prob_C|prob_D|logit_A|logit_B|logit_C|logit_D|early_layer7_max|late_layer21_max|final_layer28_max,all,0.5675,0.7576454840122376,0.6233667482460695,0.322965889070977,0.625,0.6111111111111112,0.7083333333333334,0.8333333333333334,0.25,0.37869062901155326,0.6180129570445021,0.7336436996023292,0.41451288338599135,0.7291666666666666,0.7222222222222222,0.7916666666666666,0.5,0.14634146341463414,validation_auroc_locked,0.2361000409165303,0.5373152560234062,0.5023512174247915,0.7960148427136075,0.5833333333333334,0.8442708333333329,0.5833333333333334,0.8888888888888888,0.625,0.9583333333333334,0.5811850546099026,0.8901325443706564,0.30794019035178277,0.5357928982566741,0.25,0.8333333333333334,0.07996088193456614,0.23749999999999996
deepseek_r1_qwen7b,arc_challenge,0,stratified,cheap_plus_hidden_pca,cheap_plus_hidden_pca_32,0.1,32,299,0.32441471571906355,97,202,179,60,60,41,deepseek_stress_test,n_options|p_max|prob_margin|entropy|logit_margin|prob_A|prob_B|prob_C|prob_D|logit_A|logit_B|logit_C|logit_D|early_layer7_max|late_layer21_max|final_layer28_max,all,0.7,0.8196029261017609,0.530756503301155,0.23035564412606246,0.6041666666666666,0.5555555555555556,0.5833333333333334,0.9166666666666666,0.275,0.39281129653401803,0.6075744819187548,0.7403248647050067,0.4211940484886688,0.75,0.75,0.75,0.4166666666666667,0.12195121951219512,validation_auroc_locked,0.21066198671497582,0.5705745257452571,0.4842951212583433,0.7793943766735076,0.6140625,0.875,0.6111111111111112,0.8888888888888888,0.5416666666666666,0.9385416666666657,0.5818018201063072,0.8832235534563303,0.3004164290869049,0.5204872661573907,0.16666666666666666,0.75,0.05555555555555555,0.21662946428571417
deepseek_r1_qwen7b,arc_challenge,1,stratified,confidence_option,cheap,0.1,0,299,0.32441471571906355,97,202,179,60,60,41,deepseek_stress_test,n_options|p_max|prob_margin|entropy|logit_margin|prob_A|prob_B|prob_C|prob_D|logit_A|logit_B|logit_C|logit_D|early_layer7_max|late_layer21_max|final_layer28_max,all,0.66,0.7774774405064058,0.5167733638401605,0.21637250466506797,0.6458333333333334,0.5833333333333334,0.5833333333333334,0.75,0.225,0.6906290115532734,0.8110240022895462,0.5211595712220827,0.2020287550057448,0.6458333333333334,0.6111111111111112,0.5,0.8333333333333334,0.24390243902439024,validation_auroc_locked,0.5400110491423762,0.8585368504500818,0.6900989156729701,0.9481680916482244,0.5,0.7708333333333334,0.4444444444444444,0.75,0.3333333333333333,0.7083333333333334,0.3621583846396157,0.6949420862899505,0.09509938349778367,0.3209865017908149,0.5833333333333334,1.0,0.18083333333333335,0.3142857142857143
deepseek_r1_qwen7b,arc_challenge,1,stratified,hidden_pca,hidden_pca_64,10.0,64,299,0.32441471571906355,97,202,179,60,60,41,deepseek_stress_test,n_options|p_max|prob_margin|entropy|logit_margin|prob_A|prob_B|prob_C|prob_D|logit_A|logit_B|logit_C|logit_D|early_layer7_max|late_layer21_max|final_layer28_max,all,0.61875,0.7615962533896383,0.5485488360217806,0.2481479768466881,0.6666666666666666,0.5833333333333334,0.625,0.6666666666666666,0.2,0.5507060333761231,0.73003378608794,0.6824126525245605,0.36328183630822264,0.6458333333333334,0.6388888888888888,0.6666666666666666,0.8333333333333334,0.24390243902439024,validation_auroc_locked,0.3827550444596443,0.6902031997607654,0.6074968268680658,0.8868558784916502,0.5208333333333334,0.7708333333333334,0.5277777777777778,0.8055555555555556,0.4583333333333333,0.8333333333333334,0.5184212147055003,0.8220949988555075,0.24303166760107883,0.45707215983943533,0.5395833333333334,1.0,0.16084830866807612,0.3
deepseek_r1_qwen7b,arc_challenge,1,stratified,cheap_plus_hidden_pca,cheap_plus_hidden_pca_16,0.1,16,299,0.32441471571906355,97,202,179,60,60,41,deepseek_stress_test,n_options|p_max|prob_margin|entropy|logit_margin|prob_A|prob_B|prob_C|prob_D|logit_A|logit_B|logit_C|logit_D|early_layer7_max|late_layer21_max|final_layer28_max,all,0.7112499999999999,0.8238492305099467,0.47483331324127837,0.17443245406618585,0.6041666666666666,0.5555555555555556,0.5416666666666666,0.9166666666666666,0.275,0.6726572528883183,0.7867338220019885,0.5709605414072415,0.25182972519090363,0.6458333333333334,0.5833333333333334,0.5416666666666666,0.8333333333333334,0.24390243902439024,validation_auroc_locked,0.5300444023569023,0.8315538194444443,0.6762924614515764,0.9331270098937791,0.5208333333333334,0.7708333333333334,0.4166666666666667,0.7368055555555549,0.375,0.75,0.3667049901512787,0.7418248145449994,0.11592133439313623,0.34805736952976857,0.5833333333333334,1.0,0.170625,0.3066773504273504
deepseek_r1_qwen7b,arc_challenge,2,stratified,confidence_option,cheap,10.0,0,299,0.32441471571906355,97,202,179,60,60,41,deepseek_stress_test,n_options|p_max|prob_margin|entropy|logit_margin|prob_A|prob_B|prob_C|prob_D|logit_A|logit_B|logit_C|logit_D|early_layer7_max|late_layer21_max|final_layer28_max,all,0.68,0.8231817738197558,0.5457924350891096,0.24539157591401706,0.625,0.5555555555555556,0.5,0.8333333333333334,0.25,0.5596919127086007,0.6839870127051219,0.5764948147700012,0.2573639985536633,0.6875,0.6944444444444444,0.625,0.6666666666666666,0.1951219512195122,validation_auroc_locked,0.40360515726369384,0.7353515334399643,0.5626519982250014,0.8739281133186971,0.5723958333333333,0.8333333333333334,0.5277777777777778,0.8333333333333334,0.4166666666666667,0.7916666666666666,0.40633952445921356,0.7539968242640183,0.13781148868196236,0.3732441396549416,0.4166666666666667,0.9166666666666666,0.12195121951219512,0.25
deepseek_r1_qwen7b,arc_challenge,2,stratified,hidden_pca,hidden_pca_64,10.0,64,299,0.32441471571906355,97,202,179,60,60,41,deepseek_stress_test,n_options|p_max|prob_margin|entropy|logit_margin|prob_A|prob_B|prob_C|prob_D|logit_A|logit_B|logit_C|logit_D|early_layer7_max|late_layer21_max|final_layer28_max,all,0.5475000000000001,0.719153812564389,0.6324806726805884,0.33207981350549587,0.6875,0.6388888888888888,0.625,0.5833333333333334,0.175,0.306803594351733,0.5801636229262271,0.7716593414374235,0.45252852522108566,0.7291666666666666,0.8055555555555556,0.8333333333333334,0.5,0.14634146341463414,validation_auroc_locked,0.160226430976431,0.47695432692307677,0.4655054545613359,0.7685256169355069,0.5833333333333334,0.8541666666666666,0.6388888888888888,0.9166666666666666,0.6666666666666666,0.9583333333333334,0.612652000723337,0.922696569414271,0.318315787501667,0.568578692423804,0.25,0.8333333333333334,0.0705564784053156,0.2282670454545454
deepseek_r1_qwen7b,arc_challenge,2,stratified,cheap_plus_hidden_pca,cheap_plus_hidden_pca_16,10.0,16,299,0.32441471571906355,97,202,179,60,60,41,deepseek_stress_test,n_options|p_max|prob_margin|entropy|logit_margin|prob_A|prob_B|prob_C|prob_D|logit_A|logit_B|logit_C|logit_D|early_layer7_max|late_layer21_max|final_layer28_max,all,0.6562499999999999,0.8130111982498596,0.5469310191091271,0.2465301599340346,0.6041666666666666,0.5833333333333334,0.5833333333333334,0.9166666666666666,0.275,0.48652118100128366,0.6638083235930593,0.6275783437796113,0.3084475275632734,0.6875,0.7222222222222222,0.7083333333333334,0.6666666666666666,0.1951219512195122,validation_auroc_locked,0.33894859749269385,0.6772160379303236,0.5455176292348649,0.8484123385342832,0.5625,0.8333333333333334,0.5555555555555556,0.8611111111111112,0.5,0.875,0.4613650366560857,0.7864846983881979,0.16642682850604437,0.4264911151519461,0.3333333333333333,0.9166666666666666,0.1111111111111111,0.26752032520325203
deepseek_r1_qwen7b,arc_challenge,3,stratified,confidence_option,cheap,10.0,0,299,0.32441471571906355,97,202,179,60,60,41,deepseek_stress_test,n_options|p_max|prob_margin|entropy|logit_margin|prob_A|prob_B|prob_C|prob_D|logit_A|logit_B|logit_C|logit_D|early_layer7_max|late_layer21_max|final_layer28_max,all,0.69375,0.8265925989785903,0.5327642771659102,0.23236341799081772,0.6041666666666666,0.5555555555555556,0.5,0.9166666666666666,0.275,0.6700898587933247,0.8242607770621605,0.5287206819169772,0.2095898657006393,0.625,0.6388888888888888,0.5833333333333334,0.9166666666666666,0.2682926829268293,validation_auroc_locked,0.5116260162601626,0.8112744303594351,0.6929104259869566,0.9230253150286204,0.4791666666666667,0.75,0.4722222222222222,0.7777777777777778,0.375,0.7916666666666666,0.3752287611645749,0.6938479134785798,0.11172290968626335,0.3292396561966392,0.5395833333333334,1.0,0.16666666666666666,0.32432432432432434
deepseek_r1_qwen7b,arc_challenge,3,stratified,hidden_pca,hidden_pca_64,10.0,64,299,0.32441471571906355,97,202,179,60,60,41,deepseek_stress_test,n_options|p_max|prob_margin|entropy|logit_margin|prob_A|prob_B|prob_C|prob_D|logit_A|logit_B|logit_C|logit_D|early_layer7_max|late_layer21_max|final_layer28_max,all,0.48624999999999996,0.6759544632515946,0.6724963942614237,0.3720955350863312,0.6875,0.6666666666666666,0.7083333333333334,0.5833333333333334,0.175,0.3427471116816431,0.607264488364001,0.7402288277900815,0.4210980115737436,0.7291666666666666,0.7777777777777778,0.7916666666666666,0.5,0.14634146341463414,validation_auroc_locked,0.20557744565217392,0.4943537011703906,0.4717941986837244,0.7635039367786896,0.6041666666666666,0.8333333333333334,0.6388888888888888,0.8888888888888888,0.625,0.9166666666666666,0.5892804897358626,0.8850819892616627,0.3058460798373868,0.5388453594444979,0.20625000000000004,0.75,0.06756859756097561,0.2222222222222222
deepseek_r1_qwen7b,arc_challenge,3,stratified,cheap_plus_hidden_pca,cheap_plus_hidden_pca_16,0.1,16,299,0.32441471571906355,97,202,179,60,60,41,deepseek_stress_test,n_options|p_max|prob_margin|entropy|logit_margin|prob_A|prob_B|prob_C|prob_D|logit_A|logit_B|logit_C|logit_D|early_layer7_max|late_layer21_max|final_layer28_max,all,0.6012500000000001,0.7582989674368594,0.6231210471331525,0.32272018795806,0.625,0.5833333333333334,0.5833333333333334,0.8333333333333334,0.25,0.5442875481386393,0.7107521290450375,0.604828569630417,0.2856977534140791,0.6875,0.6944444444444444,0.625,0.6666666666666666,0.1951219512195122,validation_auroc_locked,0.37826479076479075,0.7226167929292929,0.5580934510788955,0.8626215128148651,0.5416666666666666,0.7916666666666666,0.5277777777777778,0.8333333333333334,0.4166666666666667,0.7916666666666666,0.43869066917488436,0.7660961217860708,0.16573661761379982,0.4080658181786384,0.4166666666666667,1.0,0.125,0.28205128205128205
deepseek_r1_qwen7b,arc_challenge,4,stratified,confidence_option,cheap,1.0,0,299,0.32441471571906355,97,202,179,60,60,40,deepseek_stress_test,n_options|p_max|prob_margin|entropy|logit_margin|prob_A|prob_B|prob_C|prob_D|logit_A|logit_B|logit_C|logit_D|early_layer7_max|late_layer21_max|final_layer28_max,all,0.7702182284980745,0.8990573920820077,0.5170217522993501,0.19789093608301223,0.6041666666666666,0.5277777777777778,0.5,1.0,0.2926829268292683,0.60625,0.7624986229485322,0.5709501156177814,0.2705492564426889,0.6458333333333334,0.6388888888888888,0.5416666666666666,0.75,0.225,validation_auroc_locked,0.42982804232804234,0.7667920656634746,0.6109920791785217,0.9061640683585566,0.5,0.7609374999999996,0.4722222222222222,0.7777777777777778,0.4166666666666667,0.771874999999999,0.4222042436994781,0.7586471066097723,0.15842322304282222,0.39909190567941966,0.5,1.0,0.16216216216216217,0.3016328828828827
deepseek_r1_qwen7b,arc_challenge,4,stratified,hidden_pca,hidden_pca_16,1.0,16,299,0.32441471571906355,97,202,179,60,60,40,deepseek_stress_test,n_options|p_max|prob_margin|entropy|logit_margin|prob_A|prob_B|prob_C|prob_D|logit_A|logit_B|logit_C|logit_D|early_layer7_max|late_layer21_max|final_layer28_max,all,0.496790757381258,0.7278798958288961,0.6918762316358117,0.3727454154194738,0.6875,0.6944444444444444,0.7083333333333334,0.6666666666666666,0.1951219512195122,0.38625,0.5996652252769359,0.6813849608044804,0.3809841016293879,0.6875,0.7777777777777778,0.75,0.5833333333333334,0.175,validation_auroc_locked,0.23402126328955597,0.5674040327050993,0.48008007656548607,0.780653137004968,0.5625,0.8125,0.5965277777777779,0.8888888888888888,0.5833333333333334,0.875,0.5073498807200625,0.8529712062419206,0.25566909052911024,0.5088876934370457,0.25,0.8333333333333334,0.08950534759358289,0.24390243902439024
deepseek_r1_qwen7b,arc_challenge,4,stratified,cheap_plus_hidden_pca,cheap_plus_hidden_pca_16,1.0,16,299,0.32441471571906355,97,202,179,60,60,40,deepseek_stress_test,n_options|p_max|prob_margin|entropy|logit_margin|prob_A|prob_B|prob_C|prob_D|logit_A|logit_B|logit_C|logit_D|early_layer7_max|late_layer21_max|final_layer28_max,all,0.7047496790757382,0.843465652404571,0.5555790729622604,0.2364482567459225,0.625,0.5833333333333334,0.4583333333333333,0.9166666666666666,0.2682926829268293,0.54375,0.7123067316363925,0.631441664780971,0.33104080560587845,0.6458333333333334,0.6388888888888888,0.625,0.75,0.225,validation_auroc_locked,0.3738898838932806,0.7047710950734046,0.5691386803544658,0.8862098088066784,0.5208333333333334,0.7708333333333334,0.4722222222222222,0.7777777777777778,0.4166666666666667,0.8135416666666657,0.47279066702916533,0.8030664562423359,0.2181937267164702,0.4634910641111821,0.5,1.0,0.1605497542997543,0.2926829268292683
deepseek_r1_qwen7b,commonsenseqa,0,stratified,confidence_option,cheap,1.0,0,1000,0.223,223,777,600,200,200,156,deepseek_stress_test,p_max|prob_margin|entropy|logit_margin|prob_A|prob_B|prob_C|prob_D|prob_E|logit_A|logit_B|logit_C|logit_D|logit_E|early_layer7_max|late_layer21_max|final_layer28_max,all,0.6279569892473118,0.8158214855941143,0.6852531773823537,0.2458843147106312,0.7625,0.7166666666666667,0.7,0.825,0.2129032258064516,0.6099941724941724,0.8302183402282644,0.7033024450942204,0.2564195571485362,0.7625,0.725,0.7,0.85,0.21794871794871795,validation_auroc_locked,0.5106082549283154,0.6972629455466984,0.7628655338727399,0.8978756190608076,0.70296875,0.83125,0.6539583333333333,0.8043749999999998,0.6125,0.8125,0.6117525019770007,0.7877935563315841,0.19236301333411446,0.316412070980283,0.7,0.95,0.18296468994101706,0.23856761375774407
deepseek_r1_qwen7b,commonsenseqa,0,stratified,hidden_pca,hidden_pca_64,0.1,64,1000,0.223,223,777,600,200,200,156,deepseek_stress_test,p_max|prob_margin|entropy|logit_margin|prob_A|prob_B|prob_C|prob_D|prob_E|logit_A|logit_B|logit_C|logit_D|logit_E|early_layer7_max|late_layer21_max|final_layer28_max,all,0.5466666666666666,0.8058903691606187,0.7556478339223639,0.3162789712506414,0.7625,0.7833333333333333,0.7375,0.825,0.2129032258064516,0.5942599067599068,0.8304865569158743,0.7067767707011638,0.2598938827554797,0.75625,0.7416666666666667,0.725,0.875,0.22435897435897437,validation_auroc_locked,0.49286511203849914,0.6892603718487066,0.759465059858535,0.8965749272857562,0.6967187499999999,0.81875,0.6583333333333333,0.8083333333333333,0.625,0.8125,0.6187112042038764,0.7987496291453563,0.1862445845908482,0.324471684025155,0.725,0.95,0.18646712158808934,0.24671212121212122
deepseek_r1_qwen7b,commonsenseqa,0,stratified,cheap_plus_hidden_pca,cheap_plus_hidden_pca_64,10.0,64,1000,0.223,223,777,600,200,200,156,deepseek_stress_test,p_max|prob_margin|entropy|logit_margin|prob_A|prob_B|prob_C|prob_D|prob_E|logit_A|logit_B|logit_C|logit_D|logit_E|early_layer7_max|late_layer21_max|final_layer28_max,all,0.6146236559139786,0.8220219147193052,0.7062946827116019,0.2669258200398794,0.75625,0.7416666666666667,0.725,0.85,0.21935483870967742,0.6016899766899767,0.8264960622408963,0.7049816085731364,0.25809872062745226,0.76875,0.7583333333333333,0.7125,0.825,0.21153846153846154,validation_auroc_locked,0.4990105446811762,0.6978983008801195,0.754597432051542,0.8903495332211743,0.70625,0.83125,0.6833333333333333,0.8333333333333334,0.6125,0.8125,0.6137415325367012,0.7916063032074692,0.1875084836719694,0.322484601952861,0.7,0.95,0.1791305824418407,0.24342105263157895
deepseek_r1_qwen7b,commonsenseqa,1,stratified,confidence_option,cheap,1.0,0,1000,0.223,223,777,600,200,200,156,deepseek_stress_test,p_max|prob_margin|entropy|logit_margin|prob_A|prob_B|prob_C|prob_D|prob_E|logit_A|logit_B|logit_C|logit_D|logit_E|early_layer7_max|late_layer21_max|final_layer28_max,all,0.6511827956989247,0.8506890791652484,0.6907964470347128,0.2514275843629903,0.74375,0.7416666666666667,0.6625,0.9,0.23225806451612904,0.5581293706293706,0.8180281400196878,0.7411321768971894,0.2942492889515052,0.7625,0.7416666666666667,0.775,0.85,0.21794871794871795,validation_auroc_locked,0.44894160824976614,0.6528130051515814,0.740848838183952,0.883141292182634,0.70625,0.83125,0.6622916666666666,0.8293749999999999,0.6625,0.8625,0.6583476923308975,0.8450477415818333,0.23100002790912685,0.36774127499767456,0.7,0.95,0.18125,0.24172588498486644
deepseek_r1_qwen7b,commonsenseqa,1,stratified,hidden_pca,hidden_pca_64,0.1,64,1000,0.223,223,777,600,200,200,156,deepseek_stress_test,p_max|prob_margin|entropy|logit_margin|prob_A|prob_B|prob_C|prob_D|prob_E|logit_A|logit_B|logit_C|logit_D|logit_E|early_layer7_max|late_layer21_max|final_layer28_max,all,0.64,0.8535204552343232,0.7228095399237716,0.28344067725204913,0.74375,0.7333333333333333,0.675,0.9,0.23225806451612904,0.4603729603729604,0.778127418199738,0.801718286908429,0.3548353989627448,0.78125,0.8166666666666667,0.8125,0.775,0.1987179487179487,validation_auroc_locked,0.3615777240501302,0.551827210136715,0.7082703765790291,0.8587680560689228,0.7125,0.84375,0.7416666666666667,0.8833333333333333,0.7375,0.9,0.7211098030744493,0.8725284130765429,0.28824926176366905,0.4126056260427708,0.65,0.9,0.1655590717299578,0.23155086848635234
deepseek_r1_qwen7b,commonsenseqa,1,stratified,cheap_plus_hidden_pca,cheap_plus_hidden_pca_64,1.0,64,1000,0.223,223,777,600,200,200,156,deepseek_stress_test,p_max|prob_margin|entropy|logit_margin|prob_A|prob_B|prob_C|prob_D|prob_E|logit_A|logit_B|logit_C|logit_D|logit_E|early_layer7_max|late_layer21_max|final_layer28_max,all,0.7006451612903226,0.8722678364683045,0.6676186285446377,0.22824976587291523,0.74375,0.7,0.625,0.9,0.23225806451612904,0.5227272727272727,0.8153842443064849,0.7516699733466345,0.3047870854009504,0.7875,0.7833333333333333,0.7625,0.75,0.19230769230769232,validation_auroc_locked,0.418090095766129,0.6234775557342374,0.752415018225893,0.8787750151140054,0.725,0.85,0.7083333333333334,0.8583333333333333,0.6684375,0.8565624999999998,0.672695031127335,0.8406144609086887,0.23317597548729035,0.3712041692438656,0.611875,0.875,0.16064468249870933,0.22705672223424977
deepseek_r1_qwen7b,commonsenseqa,2,stratified,confidence_option,cheap,0.1,0,1000,0.223,223,777,600,200,200,156,deepseek_stress_test,p_max|prob_margin|entropy|logit_margin|prob_A|prob_B|prob_C|prob_D|prob_E|logit_A|logit_B|logit_C|logit_D|logit_E|early_layer7_max|late_layer21_max|final_layer28_max,all,0.6246594982078854,0.8501802009508258,0.6947321531758005,0.255363290504078,0.75,0.7166666666666667,0.6875,0.875,0.22580645161290322,0.6519522144522144,0.8590117420934595,0.680902504732481,0.2340196167867969,0.75625,0.7083333333333334,0.7,0.875,0.22435897435897437,validation_auroc_locked,0.5544735775104743,0.739907072368421,0.7939078329499931,0.9230981618576222,0.69375,0.81875,0.6372916666666667,0.7960416666666665,0.6,0.775,0.5799962437082937,0.772361362846373,0.1660297556387931,0.2874355088301441,0.75,0.975,0.19745222929936307,0.24671212121212122
deepseek_r1_qwen7b,commonsenseqa,2,stratified,hidden_pca,hidden_pca_64,10.0,64,1000,0.223,223,777,600,200,200,156,deepseek_stress_test,p_max|prob_margin|entropy|logit_margin|prob_A|prob_B|prob_C|prob_D|prob_E|logit_A|logit_B|logit_C|logit_D|logit_E|early_layer7_max|late_layer21_max|final_layer28_max,all,0.5839426523297492,0.8067515168634134,0.722039474040687,0.28267061136896454,0.75625,0.7416666666666667,0.7375,0.85,0.21935483870967742,0.6185897435897435,0.8364140450466067,0.7100921235557605,0.2632092356100763,0.76875,0.7416666666666667,0.675,0.825,0.21153846153846154,validation_auroc_locked,0.5244190999481558,0.7176326043144907,0.7730638601232757,0.90151931384592,0.70625,0.8345312499999998,0.6583333333333333,0.8127083333333331,0.575,0.775,0.6128575535874278,0.7907197555566928,0.18596352508589586,0.31986251997352894,0.7,0.95,0.17856434808284471,0.23797806291390725
deepseek_r1_qwen7b,commonsenseqa,2,stratified,cheap_plus_hidden_pca,cheap_plus_hidden_pca_32,10.0,32,1000,0.223,223,777,600,200,200,156,deepseek_stress_test,p_max|prob_margin|entropy|logit_margin|prob_A|prob_B|prob_C|prob_D|prob_E|logit_A|logit_B|logit_C|logit_D|logit_E|early_layer7_max|late_layer21_max|final_layer28_max,all,0.6669534050179211,0.8737272901393156,0.6891917574954554,0.24982289482373288,0.7375,0.6833333333333333,0.675,0.925,0.23870967741935484,0.5997960372960374,0.8295235762486293,0.6949939351069697,0.24811104716128557,0.775,0.75,0.7,0.8,0.20512820512820512,validation_auroc_locked,0.5023270193500456,0.6787262727673975,0.7554143191864077,0.8986835152391777,0.7125,0.83125,0.670625,0.825,0.6125,0.8,0.6019390239619016,0.7840083294295176,0.19058381251782766,0.3103268415652156,0.675,0.925,0.175,0.2313041263372389
deepseek_r1_qwen7b,commonsenseqa,3,stratified,confidence_option,cheap,0.1,0,1000,0.223,223,777,600,200,200,156,deepseek_stress_test,p_max|prob_margin|entropy|logit_margin|prob_A|prob_B|prob_C|prob_D|prob_E|logit_A|logit_B|logit_C|logit_D|logit_E|early_layer7_max|late_layer21_max|final_layer28_max,all,0.6279569892473118,0.8372785570495368,0.690130563613614,0.25076170094189154,0.75,0.7333333333333333,0.7,0.875,0.22580645161290322,0.6003787878787878,0.8612411031947234,0.7331956829081484,0.28631279496246426,0.7375,0.7416666666666667,0.7375,0.95,0.24358974358974358,validation_auroc_locked,0.507488527325824,0.6816347551909261,0.8094555448704371,0.9105691821518788,0.675,0.8095312499999998,0.6622916666666666,0.8083333333333333,0.6375,0.8375,0.6514705270818241,0.8211731814077944,0.22000584503482962,0.352049810203037,0.825,1.0,0.2100259495163954,0.2642417666010381
deepseek_r1_qwen7b,commonsenseqa,3,stratified,hidden_pca,hidden_pca_64,10.0,64,1000,0.223,223,777,600,200,200,156,deepseek_stress_test,p_max|prob_margin|entropy|logit_margin|prob_A|prob_B|prob_C|prob_D|prob_E|logit_A|logit_B|logit_C|logit_D|logit_E|early_layer7_max|late_layer21_max|final_layer28_max,all,0.5763440860215054,0.8299093946527343,0.7580704575778084,0.31870159490608596,0.75625,0.725,0.725,0.85,0.21935483870967742,0.5342365967365967,0.7934279544863175,0.7619439139673037,0.3150610260216195,0.76875,0.7666666666666667,0.75,0.825,0.21153846153846154,validation_auroc_locked,0.43345590061634953,0.6298696095571095,0.7294199174477571,0.8709901460397924,0.6967187499999999,0.8407812499999998,0.6916666666666667,0.8416666666666667,0.6559375000000001,0.85,0.681242194532983,0.8509223474683802,0.24863011975489627,0.38032169061221766,0.7,0.925,0.18125,0.23809523809523808
deepseek_r1_qwen7b,commonsenseqa,3,stratified,cheap_plus_hidden_pca,cheap_plus_hidden_pca_64,1.0,64,1000,0.223,223,777,600,200,200,156,deepseek_stress_test,p_max|prob_margin|entropy|logit_margin|prob_A|prob_B|prob_C|prob_D|prob_E|logit_A|logit_B|logit_C|logit_D|logit_E|early_layer7_max|late_layer21_max|final_layer28_max,all,0.6263799283154121,0.8507804634681067,0.7242839459910286,0.28491508331930615,0.75,0.725,0.6625,0.875,0.22580645161290322,0.6012529137529138,0.8268295428589247,0.7080809924010156,0.2611981044553315,0.76875,0.7333333333333333,0.725,0.825,0.21153846153846154,validation_auroc_locked,0.49189943039297657,0.6908566907775769,0.7585387505778449,0.8963797339465233,0.7,0.8345312499999998,0.6583333333333333,0.8166666666666667,0.6125,0.825,0.6153046338880345,0.8159485916353756,0.19319115059813816,0.3274220710202054,0.7,0.95,0.18124533929903056,0.24183516436540844
deepseek_r1_qwen7b,commonsenseqa,4,stratified,confidence_option,cheap,1.0,0,1000,0.223,223,777,600,200,200,155,deepseek_stress_test,p_max|prob_margin|entropy|logit_margin|prob_A|prob_B|prob_C|prob_D|prob_E|logit_A|logit_B|logit_C|logit_D|logit_E|early_layer7_max|late_layer21_max|final_layer28_max,all,0.6673951048951049,0.8546601024651759,0.6831363007850086,0.2362534128393245,0.75625,0.7333333333333333,0.65,0.875,0.22435897435897437,0.6110394265232975,0.8378124375488084,0.7139900667680287,0.2746212040963062,0.76875,0.725,0.7375,0.8,0.2064516129032258,validation_auroc_locked,0.5152241277469638,0.6895654440249709,0.7651549189950749,0.9042970979056864,0.69375,0.8220312499999998,0.645625,0.8,0.6309375,0.8125,0.6197684790063533,0.7933950402455104,0.2146517565218554,0.3343115982555822,0.7,0.9381249999999994,0.18601766004415013,0.24026582278481012
deepseek_r1_qwen7b,commonsenseqa,4,stratified,hidden_pca,hidden_pca_32,0.1,32,1000,0.223,223,777,600,200,200,155,deepseek_stress_test,p_max|prob_margin|entropy|logit_margin|prob_A|prob_B|prob_C|prob_D|prob_E|logit_A|logit_B|logit_C|logit_D|logit_E|early_layer7_max|late_layer21_max|final_layer28_max,all,0.5747377622377623,0.8092770761450485,0.7318929569624728,0.28501006901678866,0.775,0.75,0.7375,0.8,0.20512820512820512,0.45921146953405023,0.7493572929391004,0.7956751662276724,0.35630630355594994,0.78125,0.8,0.8,0.75,0.1935483870967742,validation_auroc_locked,0.3641413124789702,0.5550183443347058,0.661912880541875,0.8343108921561418,0.71546875,0.8407812499999998,0.7289583333333333,0.8666666666666667,0.7125,0.875,0.7205165814228073,0.8655801269078159,0.2888953977724978,0.4161962864687899,0.6,0.875,0.16222271126760565,0.22341269841269837
deepseek_r1_qwen7b,commonsenseqa,4,stratified,cheap_plus_hidden_pca,cheap_plus_hidden_pca_32,10.0,32,1000,0.223,223,777,600,200,200,155,deepseek_stress_test,p_max|prob_margin|entropy|logit_margin|prob_A|prob_B|prob_C|prob_D|prob_E|logit_A|logit_B|logit_C|logit_D|logit_E|early_layer7_max|late_layer21_max|final_layer28_max,all,0.6824009324009325,0.8664199307846252,0.6853203579633327,0.23843747001764853,0.75,0.6916666666666667,0.675,0.9,0.23076923076923078,0.5581362007168459,0.7886693060726764,0.7291972553118018,0.2898283926400793,0.78125,0.7583333333333333,0.725,0.75,0.1935483870967742,validation_auroc_locked,0.4504357575757576,0.65419023007154,0.7032310237626008,0.8726398842366798,0.71875,0.84375,0.6833333333333333,0.8377083333333332,0.6375,0.8190624999999997,0.6390001222633107,0.813695453894928,0.22594552672536528,0.355509170679569,0.6,0.875,0.16298545597484276,0.22403716216216213
deepseek_r1_qwen7b,hellaswag,0,stratified,confidence_option,cheap,1.0,0,1000,0.258,258,742,600,200,200,149,deepseek_stress_test,p_max|prob_margin|entropy|logit_margin|prob_A|prob_B|prob_C|prob_D|logit_A|logit_B|logit_C|logit_D|early_layer7_max|late_layer21_max|final_layer28_max,all,0.5102650727650728,0.7714677902447277,0.7377971227609067,0.3480437420911455,0.7375,0.7416666666666667,0.7375,0.75,0.20270270270270271,0.5115146729832873,0.7638355775807183,0.7476040534676864,0.3510670839646514,0.73125,0.7416666666666667,0.75,0.8,0.21476510067114093,validation_auroc_locked,0.42830608061232617,0.5927220238095238,0.6914210062222751,0.8384354635450846,0.65625,0.79375,0.6583333333333333,0.8166666666666667,0.6434375,0.8440624999999997,0.6595668060802291,0.8198312872320468,0.29029793544669374,0.40307815355376797,0.686875,0.925,0.18994932432432435,0.25
deepseek_r1_qwen7b,hellaswag,0,stratified,hidden_pca,hidden_pca_64,1.0,64,1000,0.258,258,742,600,200,200,149,deepseek_stress_test,p_max|prob_margin|entropy|logit_margin|prob_A|prob_B|prob_C|prob_D|logit_A|logit_B|logit_C|logit_D|early_layer7_max|late_layer21_max|final_layer28_max,all,0.6092775467775468,0.7840879606831461,0.656869437776704,0.26711605710694286,0.71875,0.6916666666666667,0.6625,0.825,0.22297297297297297,0.5616528490590867,0.7917436346493578,0.7113822819420557,0.31484531243902064,0.73125,0.7166666666666667,0.7125,0.8,0.21476510067114093,validation_auroc_locked,0.4683421419332581,0.6431568875881634,0.7116890247121024,0.8592623012142754,0.6625,0.8,0.6372916666666667,0.8127083333333331,0.6125,0.8,0.6215941632401117,0.7893903641799453,0.25160975863730806,0.3770085250817204,0.7,0.9131249999999995,0.18848627787307035,0.24483016983016984
deepseek_r1_qwen7b,hellaswag,0,stratified,cheap_plus_hidden_pca,cheap_plus_hidden_pca_64,0.1,64,1000,0.258,258,742,600,200,200,149,deepseek_stress_test,p_max|prob_margin|entropy|logit_margin|prob_A|prob_B|prob_C|prob_D|logit_A|logit_B|logit_C|logit_D|early_layer7_max|late_layer21_max|final_layer28_max,all,0.6069386694386695,0.8072671744939551,0.6679684258877033,0.27821504521794216,0.71875,0.6833333333333333,0.6625,0.825,0.22297297297297297,0.590998815633636,0.8126781928757572,0.6984338137376185,0.30189684423458346,0.71875,0.7,0.7,0.85,0.22818791946308725,validation_auroc_locked,0.500516358785207,0.6715151192288178,0.7429902558305065,0.8699685616100498,0.65625,0.7907812499999998,0.625,0.7916666666666666,0.5875,0.8,0.612411877778475,0.7854151471389298,0.23898662270474258,0.360133287323305,0.725,0.95,0.1962025316455696,0.25755548594952565
deepseek_r1_qwen7b,hellaswag,1,stratified,confidence_option,cheap,0.1,0,1000,0.258,258,742,600,200,200,149,deepseek_stress_test,p_max|prob_margin|entropy|logit_margin|prob_A|prob_B|prob_C|prob_D|logit_A|logit_B|logit_C|logit_D|early_layer7_max|late_layer21_max|final_layer28_max,all,0.5022089397089397,0.7321867417138587,0.7177459364467319,0.32799255577697073,0.74375,0.75,0.7375,0.725,0.19594594594594594,0.5327016712725359,0.7862009172735795,0.725094148771399,0.328557179268364,0.73125,0.725,0.775,0.8,0.21476510067114093,validation_auroc_locked,0.4449404258051518,0.6245816732351919,0.7114425067308108,0.8531750850070196,0.66875,0.8,0.65,0.8,0.6809375000000001,0.8625,0.6275920005490893,0.8051838343618534,0.2603229326195875,0.38755981618018254,0.661875,0.9131249999999995,0.18331030486717775,0.24489795918367346
deepseek_r1_qwen7b,hellaswag,1,stratified,hidden_pca,hidden_pca_16,1.0,16,1000,0.258,258,742,600,200,200,149,deepseek_stress_test,p_max|prob_margin|entropy|logit_margin|prob_A|prob_B|prob_C|prob_D|logit_A|logit_B|logit_C|logit_D|early_layer7_max|late_layer21_max|final_layer28_max,all,0.47869022869022865,0.7259610201766771,0.781116426639277,0.3913630459695159,0.7375,0.7333333333333333,0.7375,0.75,0.20270270270270271,0.5383603105671799,0.7715660204433561,0.6878655262218791,0.2913285567188441,0.74375,0.75,0.725,0.75,0.20134228187919462,validation_auroc_locked,0.44080462981528445,0.6372829628587701,0.6961919861790431,0.8404306239108659,0.68125,0.8095312499999998,0.675,0.825,0.6375,0.8315624999999998,0.6008209490692132,0.7770528511210726,0.21837740915798742,0.3507176283693565,0.6,0.8631249999999995,0.16783177386959292,0.23129251700680273
deepseek_r1_qwen7b,hellaswag,1,stratified,cheap_plus_hidden_pca,cheap_plus_hidden_pca_16,0.1,16,1000,0.258,258,742,600,200,200,149,deepseek_stress_test,p_max|prob_margin|entropy|logit_margin|prob_A|prob_B|prob_C|prob_D|logit_A|logit_B|logit_C|logit_D|early_layer7_max|late_layer21_max|final_layer28_max,all,0.5280665280665281,0.7465255076136486,0.7278812082411203,0.3381278275713592,0.73125,0.725,0.7375,0.775,0.20945945945945946,0.5969206474536123,0.807319047156226,0.680356979799665,0.28382001029663,0.7125,0.7166666666666667,0.6625,0.875,0.2348993288590604,validation_auroc_locked,0.5073908602150538,0.6943969116074947,0.7410228184753195,0.8715766332785466,0.65,0.78125,0.65,0.8,0.55,0.775,0.5860444825235527,0.778257692332938,0.2138189455142043,0.34916531784157395,0.75,0.95,0.20394736842105263,0.2594020979020979
deepseek_r1_qwen7b,hellaswag,2,stratified,confidence_option,cheap,0.1,0,1000,0.258,258,742,600,200,200,149,deepseek_stress_test,p_max|prob_margin|entropy|logit_margin|prob_A|prob_B|prob_C|prob_D|logit_A|logit_B|logit_C|logit_D|early_layer7_max|late_layer21_max|final_layer28_max,all,0.4946725571725572,0.7539632090672463,0.753923861262378,0.3641704805926168,0.7375,0.75,0.7375,0.75,0.20270270270270271,0.5765232267403606,0.7994774301734373,0.6964631390285837,0.2999261695255487,0.7125,0.7083333333333334,0.7125,0.875,0.2348993288590604,validation_auroc_locked,0.49432813057384534,0.6524365777790435,0.7329722590807822,0.8707433827386164,0.64375,0.7875,0.6289583333333333,0.7833333333333333,0.6125,0.8,0.6014405934731009,0.7832385181446018,0.23551985961580021,0.35499616748200397,0.775,0.95,0.20270122034827917,0.2608944713054446
deepseek_r1_qwen7b,hellaswag,2,stratified,hidden_pca,hidden_pca_32,10.0,32,1000,0.258,258,742,600,200,200,149,deepseek_stress_test,p_max|prob_margin|entropy|logit_margin|prob_A|prob_B|prob_C|prob_D|logit_A|logit_B|logit_C|logit_D|early_layer7_max|late_layer21_max|final_layer28_max,all,0.5983627858627858,0.8093971307697094,0.6635950158966452,0.273841635226884,0.71875,0.7,0.675,0.825,0.22297297297297297,0.5555994209764443,0.7899861285645485,0.718798720169415,0.32226175066638,0.7125,0.725,0.725,0.875,0.2348993288590604,validation_auroc_locked,0.4656913096364374,0.6339893206746078,0.7153491175563095,0.8548397112330058,0.64375,0.7875,0.645625,0.8043749999999998,0.625,0.8375,0.6320902006090487,0.8147553573109034,0.26190554779755965,0.37646097716534593,0.75,0.95,0.20248842592592592,0.2619150659569544
deepseek_r1_qwen7b,hellaswag,2,stratified,cheap_plus_hidden_pca,cheap_plus_hidden_pca_32,0.1,32,1000,0.258,258,742,600,200,200,149,deepseek_stress_test,p_max|prob_margin|entropy|logit_margin|prob_A|prob_B|prob_C|prob_D|logit_A|logit_B|logit_C|logit_D|early_layer7_max|late_layer21_max|final_layer28_max,all,0.6177234927234928,0.8225837275383283,0.6465592849449711,0.2568059042752099,0.7125,0.7083333333333334,0.6375,0.85,0.22972972972972974,0.6333728122121332,0.8332287704084239,0.6838398890534051,0.2873029195503701,0.7125,0.675,0.6375,0.875,0.2348993288590604,validation_auroc_locked,0.5498986479083119,0.722016337626334,0.7716061464720068,0.8895073026859766,0.65,0.7875,0.6,0.7666666666666667,0.5375,0.75,0.5976113735827389,0.7806544122673336,0.22510340351055316,0.34377926285256544,0.75,0.95,0.2031633435582822,0.25887332092368065
deepseek_r1_qwen7b,hellaswag,3,stratified,confidence_option,cheap,1.0,0,1000,0.258,258,742,600,200,200,149,deepseek_stress_test,p_max|prob_margin|entropy|logit_margin|prob_A|prob_B|prob_C|prob_D|logit_A|logit_B|logit_C|logit_D|early_layer7_max|late_layer21_max|final_layer28_max,all,0.5102650727650727,0.76538899838183,0.7339555577223771,0.3442021770526159,0.7375,0.7166666666666667,0.775,0.75,0.20270270270270271,0.525332280563232,0.7737128104380918,0.7354657612481798,0.33892879174514473,0.725,0.7333333333333333,0.75,0.825,0.2214765100671141,validation_auroc_locked,0.4257808297406232,0.61279897410123,0.6985138848364982,0.8447908075298753,0.6625,0.79375,0.6666666666666666,0.8166666666666667,0.65,0.8375,0.6600118903843312,0.822446169135177,0.27543009563975657,0.394196834093071,0.675,0.925,0.18115530303030303,0.2465753424657534
deepseek_r1_qwen7b,hellaswag,3,stratified,hidden_pca,hidden_pca_64,0.1,64,1000,0.258,258,742,600,200,200,149,deepseek_stress_test,p_max|prob_margin|entropy|logit_margin|prob_A|prob_B|prob_C|prob_D|logit_A|logit_B|logit_C|logit_D|early_layer7_max|late_layer21_max|final_layer28_max,all,0.538981288981289,0.7459248685730465,0.6839307585911802,0.29417737792141907,0.7375,0.7083333333333334,0.7125,0.75,0.20270270270270271,0.5425713909724964,0.7733733139669401,0.7114921849052925,0.3149552154022575,0.75,0.7333333333333333,0.7,0.725,0.19463087248322147,validation_auroc_locked,0.45067188246536066,0.624017167101952,0.7097995262406034,0.8493055127633794,0.68125,0.81875,0.645625,0.8083333333333333,0.5875,0.7875,0.6185024442091562,0.8150998694751356,0.25043783895009264,0.3738551200907669,0.6,0.85,0.16111038961038962,0.2252970366228683
deepseek_r1_qwen7b,hellaswag,3,stratified,cheap_plus_hidden_pca,cheap_plus_hidden_pca_32,0.1,32,1000,0.258,258,742,600,200,200,149,deepseek_stress_test,p_max|prob_margin|entropy|logit_margin|prob_A|prob_B|prob_C|prob_D|logit_A|logit_B|logit_C|logit_D|early_layer7_max|late_layer21_max|final_layer28_max,all,0.5558731808731809,0.7856288643247542,0.6963865185476996,0.30663313787793844,0.71875,0.7333333333333333,0.6875,0.825,0.22297297297297297,0.5637583892617449,0.7834076902167455,0.7197496440907174,0.3232126745876824,0.7375,0.7083333333333334,0.675,0.775,0.2080536912751678,validation_auroc_locked,0.47280924329068136,0.6585827148011033,0.7201690794959481,0.8497924145795812,0.67171875,0.80625,0.6166666666666667,0.8,0.575,0.7815624999999997,0.623490781370831,0.8022490527928822,0.2605375027898795,0.372783496912269,0.625,0.875,0.17150887573964496,0.2361111111111111
deepseek_r1_qwen7b,hellaswag,4,stratified,confidence_option,cheap,0.1,0,1000,0.258,258,742,600,200,200,148,deepseek_stress_test,p_max|prob_margin|entropy|logit_margin|prob_A|prob_B|prob_C|prob_D|logit_A|logit_B|logit_C|logit_D|early_layer7_max|late_layer21_max|final_layer28_max,all,0.5467824713778128,0.764620300501039,0.7006568621252657,0.30411989262223066,0.7375,0.7083333333333334,0.725,0.775,0.2080536912751678,0.5452182952182952,0.7713525616463119,0.7224985151265004,0.33274513445673926,0.74375,0.7333333333333333,0.675,0.725,0.19594594594594594,validation_auroc_locked,0.4572635893980233,0.637520833936006,0.7079430087438462,0.8536998245779563,0.675,0.8,0.6583333333333333,0.8,0.575,0.7815624999999997,0.6316896170296594,0.8032304187069346,0.27181709531565734,0.3883537747532488,0.6,0.875,0.16666666666666666,0.22916666666666666
deepseek_r1_qwen7b,hellaswag,4,stratified,hidden_pca,hidden_pca_16,0.1,16,1000,0.258,258,742,600,200,200,148,deepseek_stress_test,p_max|prob_margin|entropy|logit_margin|prob_A|prob_B|prob_C|prob_D|logit_A|logit_B|logit_C|logit_D|early_layer7_max|late_layer21_max|final_layer28_max,all,0.49098565600736943,0.7212053181427531,0.7156480035704162,0.3191110340673812,0.7625,0.775,0.7375,0.675,0.18120805369127516,0.5122141372141371,0.7694823009338547,0.7539177283626894,0.36416434769292827,0.725,0.7166666666666667,0.7375,0.8,0.21621621621621623,validation_auroc_locked,0.4262157892657878,0.594186906265177,0.7072392228795908,0.8400949914820738,0.65921875,0.7875,0.645625,0.8043749999999998,0.65,0.8315624999999998,0.6758767540828013,0.829093987336293,0.3100148310614992,0.415103812649691,0.7,0.925,0.1907643312101911,0.2475769197245707
deepseek_r1_qwen7b,hellaswag,4,stratified,cheap_plus_hidden_pca,cheap_plus_hidden_pca_16,10.0,16,1000,0.258,258,742,600,200,200,148,deepseek_stress_test,p_max|prob_margin|entropy|logit_margin|prob_A|prob_B|prob_C|prob_D|logit_A|logit_B|logit_C|logit_D|early_layer7_max|late_layer21_max|final_layer28_max,all,0.5438873535991577,0.7712685653697735,0.6900666881494105,0.2935297186463755,0.73125,0.7416666666666667,0.75,0.8,0.21476510067114093,0.5745841995841996,0.7951428980752729,0.7088000255815603,0.3190466449117991,0.73125,0.7083333333333334,0.6875,0.775,0.20945945945945946,validation_auroc_locked,0.4873613778067333,0.6499074534161491,0.7221465348611337,0.8644325953287045,0.66875,0.80625,0.6416666666666667,0.7916666666666666,0.6,0.8,0.6282132804314201,0.79587333283045,0.26085087838171883,0.37792185861690875,0.65,0.925,0.17856434808284471,0.2484166666666666
deepseek_r1_qwen7b,mmlu,0,stratified,confidence_option,cheap,0.1,0,1000,0.291,291,709,600,200,200,142,deepseek_stress_test,p_max|prob_margin|entropy|logit_margin|prob_A|prob_B|prob_C|prob_D|logit_A|logit_B|logit_C|logit_D|early_layer7_max|late_layer21_max|final_layer28_max,all,0.5478387566779991,0.7265280499074034,0.6399040472829614,0.28889419005279776,0.71875,0.6916666666666667,0.6625,0.675,0.19014084507042253,0.5840213695968918,0.7715763424889404,0.6545952010567821,0.30358534382661856,0.68125,0.6666666666666666,0.6375,0.825,0.2323943661971831,validation_auroc_locked,0.48547184537741284,0.6761108412789446,0.6814562456179407,0.8500403422284923,0.6125,0.7625,0.5833333333333334,0.75,0.55,0.75,0.5792257772039925,0.7536373078568535,0.24477685486456238,0.3741843614941651,0.675,0.925,0.19512987012987013,0.26260159445048403
deepseek_r1_qwen7b,mmlu,0,stratified,hidden_pca,hidden_pca_32,0.1,32,1000,0.291,291,709,600,200,200,142,deepseek_stress_test,p_max|prob_margin|entropy|logit_margin|prob_A|prob_B|prob_C|prob_D|logit_A|logit_B|logit_C|logit_D|early_layer7_max|late_layer21_max|final_layer28_max,all,0.5307187955318116,0.7360183363360595,0.693628447686327,0.34261859045616344,0.7,0.7166666666666667,0.7125,0.75,0.2112676056338028,0.5114133074307916,0.7438480532044589,0.6841350072632113,0.3331251500330477,0.7,0.725,0.725,0.75,0.2112676056338028,validation_auroc_locked,0.4295519652109219,0.6024656906523516,0.6654037126309237,0.8205986510024852,0.625,0.76875,0.6416666666666667,0.7916666666666666,0.6125,0.8190624999999997,0.5969020101548437,0.7840349268666464,0.2639811108088091,0.402007769364352,0.625,0.875,0.18039348710990502,0.25
deepseek_r1_qwen7b,mmlu,0,stratified,cheap_plus_hidden_pca,cheap_plus_hidden_pca_16,0.1,16,1000,0.291,291,709,600,200,200,142,deepseek_stress_test,p_max|prob_margin|entropy|logit_margin|prob_A|prob_B|prob_C|prob_D|logit_A|logit_B|logit_C|logit_D|early_layer7_max|late_layer21_max|final_layer28_max,all,0.5631374453618261,0.7496696533491917,0.6436083599624036,0.29259850273224003,0.6875,0.7,0.675,0.8,0.22535211267605634,0.5877853326857698,0.788915088766792,0.6525354848917548,0.30152562766159124,0.68125,0.6666666666666666,0.6375,0.825,0.2323943661971831,validation_auroc_locked,0.4899495535566479,0.6697988614667565,0.7045752228254366,0.8622382693570915,0.60625,0.75625,0.575,0.7460416666666665,0.5375,0.7565624999999997,0.5711716391304318,0.7543090330569027,0.2380628539376415,0.3803249064777179,0.725,0.95,0.20257969798657718,0.26493983957219247
deepseek_r1_qwen7b,mmlu,1,stratified,confidence_option,cheap,10.0,0,1000,0.291,291,709,600,200,200,142,deepseek_stress_test,p_max|prob_margin|entropy|logit_margin|prob_A|prob_B|prob_C|prob_D|logit_A|logit_B|logit_C|logit_D|early_layer7_max|late_layer21_max|final_layer28_max,all,0.5937348227294803,0.7436020511218076,0.64778322121245,0.29677336398228643,0.70625,0.675,0.625,0.725,0.20422535211267606,0.5945847498785818,0.7721570944443079,0.6803834421552235,0.3293735849250599,0.68125,0.6416666666666667,0.6125,0.825,0.2323943661971831,validation_auroc_locked,0.4989870792839051,0.6819783468976811,0.7004520599131213,0.8517783533672022,0.6125,0.7532812499999998,0.5583333333333333,0.7333333333333333,0.5125,0.725,0.5906856136780005,0.7706231374643948,0.26339985233965335,0.3765933246250791,0.7,0.925,0.1965046857904001,0.2620709382151029
deepseek_r1_qwen7b,mmlu,1,stratified,hidden_pca,hidden_pca_64,0.1,64,1000,0.291,291,709,600,200,200,142,deepseek_stress_test,p_max|prob_margin|entropy|logit_margin|prob_A|prob_B|prob_C|prob_D|logit_A|logit_B|logit_C|logit_D|early_layer7_max|late_layer21_max|final_layer28_max,all,0.5202768334142787,0.7463753815438801,0.7131363130517334,0.3621264558215698,0.7,0.7166666666666667,0.7,0.75,0.2112676056338028,0.45835356969402624,0.6737050086212641,0.7262692936132314,0.37525943638306786,0.7125,0.7416666666666667,0.725,0.7,0.19718309859154928,validation_auroc_locked,0.36958559075019054,0.5490777245846239,0.5978839697615361,0.7674670708209125,0.6342187499999999,0.78125,0.6539583333333333,0.825,0.6375,0.8315624999999998,0.619595097763228,0.8119773954841778,0.30788708358295686,0.42988091241548326,0.55,0.825,0.15843835276606302,0.2319569688340452
deepseek_r1_qwen7b,mmlu,1,stratified,cheap_plus_hidden_pca,cheap_plus_hidden_pca_64,0.1,64,1000,0.291,291,709,600,200,200,142,deepseek_stress_test,p_max|prob_margin|entropy|logit_margin|prob_A|prob_B|prob_C|prob_D|logit_A|logit_B|logit_C|logit_D|early_layer7_max|late_layer21_max|final_layer28_max,all,0.5712724623603691,0.7444383156469843,0.6388840358656718,0.2878741786355082,0.7125,0.675,0.625,0.7,0.19718309859154928,0.48542982030111703,0.7060757476868507,0.7015309849665432,0.3505211277363796,0.71875,0.725,0.7,0.675,0.19014084507042253,validation_auroc_locked,0.38994075446374954,0.5783854858810411,0.6323049750417229,0.792324461408494,0.64375,0.7875,0.65,0.8083333333333333,0.6,0.8190624999999997,0.6050430622417106,0.8032275659844504,0.2766594419754712,0.4033231454473294,0.5,0.8381249999999993,0.14757625272331154,0.23129251700680273
deepseek_r1_qwen7b,mmlu,2,stratified,confidence_option,cheap,0.1,0,1000,0.291,291,709,600,200,200,142,deepseek_stress_test,p_max|prob_margin|entropy|logit_margin|prob_A|prob_B|prob_C|prob_D|logit_A|logit_B|logit_C|logit_D|early_layer7_max|late_layer21_max|final_layer28_max,all,0.572243807673628,0.7377914054900646,0.6230583043313827,0.27204844710121906,0.70625,0.6833333333333333,0.675,0.725,0.20422535211267606,0.5967702768334142,0.7560599708693161,0.5997973835903107,0.24878752636014706,0.7,0.6916666666666667,0.625,0.75,0.2112676056338028,validation_auroc_locked,0.5120824037458774,0.6791248265758041,0.6804281797037823,0.8367438701846974,0.6375,0.7782812499999998,0.6166666666666667,0.7793749999999998,0.525,0.725,0.5206224507252972,0.7034227798250834,0.19078817264926493,0.3149153651832358,0.575,0.8631249999999995,0.17037037037037037,0.23723288036237675
deepseek_r1_qwen7b,mmlu,2,stratified,hidden_pca,hidden_pca_16,0.1,16,1000,0.291,291,709,600,200,200,142,deepseek_stress_test,p_max|prob_margin|entropy|logit_margin|prob_A|prob_B|prob_C|prob_D|logit_A|logit_B|logit_C|logit_D|early_layer7_max|late_layer21_max|final_layer28_max,all,0.5120203982515784,0.728223953372791,0.7029408432257453,0.35193098599558176,0.70625,0.7,0.7,0.725,0.20422535211267606,0.552574065080136,0.7565923190704353,0.6778838246378629,0.3268739674076993,0.70625,0.675,0.6625,0.725,0.20422535211267606,validation_auroc_locked,0.46800642772193035,0.6410079390164705,0.6757442580469687,0.8405049352899024,0.63125,0.78125,0.6083333333333333,0.7666666666666667,0.5625,0.7690624999999998,0.5860148876299609,0.7669805053928312,0.2594930728954961,0.3873235698196426,0.6,0.875,0.16712379540400296,0.23972602739726026
deepseek_r1_qwen7b,mmlu,2,stratified,cheap_plus_hidden_pca,cheap_plus_hidden_pca_32,0.1,32,1000,0.291,291,709,600,200,200,142,deepseek_stress_test,p_max|prob_margin|entropy|logit_margin|prob_A|prob_B|prob_C|prob_D|logit_A|logit_B|logit_C|logit_D|early_layer7_max|late_layer21_max|final_layer28_max,all,0.5604662457503643,0.7398352200802949,0.640608001250744,0.28959814402058043,0.70625,0.6666666666666666,0.6875,0.725,0.20422535211267606,0.6110976202039826,0.7869819675647929,0.5953869852640554,0.24437712803389183,0.69375,0.6583333333333333,0.6625,0.775,0.21830985915492956,validation_auroc_locked,0.5253035619351408,0.6951609848484849,0.7056205475962387,0.8559511376770185,0.625,0.76875,0.5833333333333334,0.7583333333333333,0.55,0.7625,0.5196105570850128,0.6958131682099118,0.18200139582787095,0.3046006143996173,0.6368750000000001,0.9,0.1827310242831926,0.25177466418473615
deepseek_r1_qwen7b,mmlu,3,stratified,confidence_option,cheap,0.1,0,1000,0.291,291,709,600,200,200,142,deepseek_stress_test,p_max|prob_margin|entropy|logit_margin|prob_A|prob_B|prob_C|prob_D|logit_A|logit_B|logit_C|logit_D|early_layer7_max|late_layer21_max|final_layer28_max,all,0.575279261777562,0.764714646414718,0.651375283681233,0.3003654264510694,0.7,0.675,0.6375,0.75,0.2112676056338028,0.5483244293346285,0.7425831566213936,0.6830688220064506,0.332058964776287,0.7,0.6833333333333333,0.6625,0.75,0.2112676056338028,validation_auroc_locked,0.4676457735864855,0.6382954333523612,0.677033017092858,0.8318174402881798,0.62171875,0.775,0.6083333333333333,0.7833333333333333,0.5559375000000001,0.7625,0.5943725125874851,0.7771063761152598,0.2650695491174897,0.39049294126078776,0.65,0.9,0.18684892086330937,0.25
deepseek_r1_qwen7b,mmlu,3,stratified,hidden_pca,hidden_pca_16,10.0,16,1000,0.291,291,709,600,200,200,142,deepseek_stress_test,p_max|prob_margin|entropy|logit_margin|prob_A|prob_B|prob_C|prob_D|logit_A|logit_B|logit_C|logit_D|early_layer7_max|late_layer21_max|final_layer28_max,all,0.531204468188441,0.7242036799098855,0.6819030715454456,0.330893214315282,0.69375,0.6916666666666667,0.6875,0.775,0.21830985915492956,0.5112918892666343,0.7273128559110082,0.6912572953197292,0.34024743808956565,0.725,0.6916666666666667,0.6875,0.65,0.18309859154929578,validation_auroc_locked,0.4240465631141613,0.6061448116560056,0.646796665620491,0.815665447633164,0.65296875,0.7907812499999998,0.6166666666666667,0.7833333333333333,0.6059375,0.7875,0.6138116183006606,0.7868170765947958,0.26869345225406127,0.4025857540149517,0.5,0.8131249999999994,0.14388489208633093,0.22347256523139697
deepseek_r1_qwen7b,mmlu,3,stratified,cheap_plus_hidden_pca,cheap_plus_hidden_pca_32,0.1,32,1000,0.291,291,709,600,200,200,142,deepseek_stress_test,p_max|prob_margin|entropy|logit_margin|prob_A|prob_B|prob_C|prob_D|logit_A|logit_B|logit_C|logit_D|early_layer7_max|late_layer21_max|final_layer28_max,all,0.5703011170471103,0.7721396004585569,0.6498227671161878,0.2988129098860242,0.69375,0.6833333333333333,0.675,0.775,0.21830985915492956,0.5627731908693541,0.7569030769526843,0.6682035346600379,0.3171936774298743,0.70625,0.6916666666666667,0.625,0.725,0.20422535211267606,validation_auroc_locked,0.4823553795835357,0.66459491864983,0.692610538418651,0.8359645062469062,0.6375,0.78125,0.6,0.775,0.5375,0.7375,0.5755678838069942,0.7593902487509168,0.2513477246039456,0.3792928094657866,0.575,0.85,0.16367401215805472,0.23311643835616436
deepseek_r1_qwen7b,mmlu,4,stratified,confidence_option,cheap,0.1,0,1000,0.291,291,709,600,200,200,142,deepseek_stress_test,p_max|prob_margin|entropy|logit_margin|prob_A|prob_B|prob_C|prob_D|logit_A|logit_B|logit_C|logit_D|early_layer7_max|late_layer21_max|final_layer28_max,all,0.546138902379796,0.7387332198254825,0.6782384671036389,0.3272286098734753,0.70625,0.675,0.6625,0.725,0.20422535211267606,0.5877853326857698,0.7748307244388507,0.6551952639437477,0.3041854067135841,0.69375,0.65,0.6625,0.775,0.21830985915492956,validation_auroc_locked,0.5074928987181418,0.6641290996531063,0.6966238310300203,0.852345501789362,0.61546875,0.7595312499999998,0.5666666666666667,0.7333333333333333,0.55,0.7625,0.5619563991198235,0.7446958000049326,0.2399818883246201,0.3641008601417797,0.675,0.9,0.1921664129883308,0.25757575757575757
deepseek_r1_qwen7b,mmlu,4,stratified,hidden_pca,hidden_pca_16,10.0,16,1000,0.291,291,709,600,200,200,142,deepseek_stress_test,p_max|prob_margin|entropy|logit_margin|prob_A|prob_B|prob_C|prob_D|logit_A|logit_B|logit_C|logit_D|early_layer7_max|late_layer21_max|final_layer28_max,all,0.5531811559009229,0.7291384111723205,0.6785101365283086,0.327500279298145,0.7125,0.675,0.625,0.7,0.19718309859154928,0.5223409422049538,0.726169678950371,0.6888323203774877,0.33782246314732406,0.70625,0.7,0.65,0.725,0.20422535211267606,validation_auroc_locked,0.43125920723457234,0.5985982709667637,0.653592567160338,0.8066629852482422,0.64046875,0.7875,0.6122916666666667,0.775,0.5684375,0.775,0.5966467350261268,0.7876114633275839,0.2755982589658458,0.4049740291199122,0.55,0.85,0.15985416666666666,0.23370567375886522
deepseek_r1_qwen7b,mmlu,4,stratified,cheap_plus_hidden_pca,cheap_plus_hidden_pca_16,10.0,16,1000,0.291,291,709,600,200,200,142,deepseek_stress_test,p_max|prob_margin|entropy|logit_margin|prob_A|prob_B|prob_C|prob_D|logit_A|logit_B|logit_C|logit_D|early_layer7_max|late_layer21_max|final_layer28_max,all,0.5548810101991257,0.7307317022493033,0.6676695321353299,0.3166596749051663,0.70625,0.6833333333333333,0.625,0.725,0.20422535211267606,0.5443176299174357,0.7491304709693514,0.6804093816978474,0.3293995244676838,0.6875,0.6833333333333333,0.6875,0.8,0.22535211267605634,validation_auroc_locked,0.4579591912108462,0.6379535079469179,0.6814852143290114,0.8339484012292225,0.625,0.7625,0.6,0.7666666666666667,0.575,0.7875,0.5872961560681598,0.7718456057075697,0.26446340604092194,0.3930150315637041,0.65,0.9,0.1824504046585077,0.25177466418473615
